/* $Id: vm_timingcard_cpld_fw.c,v 1.2 2015/02/14 12:48:42 kodko Exp $
 * $Source: /auto/diag/ngd-linux-rep/cvs/ng_diag/common/src/timingcard/vm_timingcard_cpld_fw.c,v $
 *******************************************************************************
 * Filename: timingcard_cpld_fw.c
 *
 * Description: diag IOCPLD firmware array
 *
 * To convert .jbc file from binary to C format:
 * UNIX Shell commands:
 * hexdump -v -e '16/1 "0x%02x," "\n"' Top_V1_02.jbc > cpld_firm_v02.c
 *
 * Author: Kody Ko
 *
 * Copyright (c) 2013 - 2015 by Cisco Systems, Inc.
 * All rights reserved.
 *******************************************************************************
 */

/* JBC version 04_06 */
unsigned char cpld_fw_array[] = {
0x4a,0x41,0x4d,0x01,0x00,0x00,0x00,0x44,0x00,0x00,0x00,0x8c,0x00,0x00,0x02,0x87,
0x00,0x00,0x0b,0xe4,0x00,0x00,0x0d,0x12,0x00,0x00,0x0d,0x7a,0x00,0x00,0x1c,0x00,
0x00,0x00,0x44,0x25,0x00,0x00,0xa8,0xd3,0x00,0x00,0xa8,0xd3,0x00,0x00,0x06,0x9d,
0x00,0x00,0x00,0x06,0x00,0x00,0x00,0x27,0x00,0x00,0x01,0x3e,0x00,0x00,0x00,0x0d,
0x00,0x00,0x01,0x1e,0x00,0x00,0x04,0x43,0xff,0xff,0xff,0xff,0x00,0x00,0x00,0x00,
0x00,0x00,0x04,0x4f,0xff,0xff,0xff,0xff,0x00,0x00,0x00,0x0c,0x00,0x00,0x04,0x5e,
0xff,0xff,0xff,0xff,0x00,0x00,0x00,0x13,0x00,0x00,0x04,0x69,0xff,0xff,0xff,0xff,
0x00,0x00,0x00,0x1b,0x00,0x00,0x04,0x73,0xff,0xff,0xff,0xff,0x00,0x00,0x00,0x23,
0x00,0x00,0x04,0x86,0xff,0xff,0xff,0xff,0x00,0x00,0x00,0x25,0x00,0x00,0x03,0x99,
0x00,0x00,0x00,0x01,0x00,0x00,0x00,0x00,0x00,0x00,0x00,0x03,0x9c,0x00,0x00,0x00,
0x02,0x01,0x00,0x00,0x00,0x15,0x00,0x00,0x03,0xab,0x00,0x00,0x00,0x03,0x02,0x00,
0x00,0x00,0x20,0x00,0x00,0x03,0xb5,0x00,0x00,0x00,0x04,0x01,0x00,0x00,0x00,0x2b,
0x00,0x00,0x03,0xbf,0x00,0x00,0x00,0x05,0x01,0x00,0x00,0x00,0x82,0x00,0x00,0x03,
0xd4,0x00,0x00,0x00,0x06,0x01,0x00,0x00,0x00,0x77,0x00,0x00,0x03,0xe2,0x00,0x00,
0x00,0x07,0x01,0x00,0x00,0x00,0x6c,0x00,0x00,0x03,0xf0,0x00,0x00,0x00,0x08,0x01,
0x00,0x00,0x00,0x56,0x00,0x00,0x04,0x01,0x00,0x00,0x00,0x09,0x01,0x00,0x00,0x00,
0x61,0x00,0x00,0x04,0x18,0x00,0x00,0x00,0x0a,0x01,0x00,0x00,0x00,0x40,0x00,0x00,
0x04,0x29,0x00,0x00,0x00,0x0b,0x01,0x00,0x00,0x00,0x4b,0x00,0x00,0x04,0x3f,0x00,
0x00,0x00,0x00,0x00,0x00,0x00,0x00,0xc4,0x00,0x00,0x04,0x4b,0x00,0x00,0x00,0x0d,
0x00,0x00,0x00,0x00,0x8d,0x00,0x00,0x03,0xbf,0x00,0x00,0x00,0x0e,0x01,0x00,0x00,
0x00,0x82,0x00,0x00,0x03,0xd4,0x00,0x00,0x00,0x0f,0x01,0x00,0x00,0x00,0x77,0x00,
0x00,0x03,0xe2,0x00,0x00,0x00,0x10,0x01,0x00,0x00,0x00,0x6c,0x00,0x00,0x03,0xf0,
0x00,0x00,0x00,0x11,0x01,0x00,0x00,0x00,0x56,0x00,0x00,0x04,0x01,0x00,0x00,0x00,
0x12,0x01,0x00,0x00,0x00,0x61,0x00,0x00,0x04,0x3f,0x00,0x00,0x00,0x00,0x00,0x00,
0x00,0x00,0xc4,0x00,0x00,0x04,0x5a,0x00,0x00,0x00,0x14,0x00,0x00,0x00,0x00,0x98,
0x00,0x00,0x03,0xbf,0x00,0x00,0x00,0x15,0x01,0x00,0x00,0x00,0x82,0x00,0x00,0x03,
0xd4,0x00,0x00,0x00,0x16,0x01,0x00,0x00,0x00,0x77,0x00,0x00,0x03,0xe2,0x00,0x00,
0x00,0x17,0x01,0x00,0x00,0x00,0x6c,0x00,0x00,0x03,0xf0,0x00,0x00,0x00,0x18,0x01,
0x00,0x00,0x00,0x56,0x00,0x00,0x04,0x01,0x00,0x00,0x00,0x19,0x01,0x00,0x00,0x00,
0x61,0x00,0x00,0x04,0x18,0x00,0x00,0x00,0x1a,0x01,0x00,0x00,0x00,0x40,0x00,0x00,
0x04,0x3f,0x00,0x00,0x00,0x00,0x00,0x00,0x00,0x00,0xc4,0x00,0x00,0x04,0x65,0x00,
0x00,0x00,0x1c,0x00,0x00,0x00,0x00,0xa3,0x00,0x00,0x03,0x9c,0x00,0x00,0x00,0x1d,
0x01,0x00,0x00,0x00,0x15,0x00,0x00,0x03,0xbf,0x00,0x00,0x00,0x1e,0x01,0x00,0x00,
0x00,0x82,0x00,0x00,0x03,0xd4,0x00,0x00,0x00,0x1f,0x01,0x00,0x00,0x00,0x77,0x00,
0x00,0x03,0xe2,0x00,0x00,0x00,0x20,0x01,0x00,0x00,0x00,0x6c,0x00,0x00,0x03,0xf0,
0x00,0x00,0x00,0x21,0x01,0x00,0x00,0x00,0x56,0x00,0x00,0x04,0x01,0x00,0x00,0x00,
0x22,0x01,0x00,0x00,0x00,0x61,0x00,0x00,0x04,0x3f,0x00,0x00,0x00,0x00,0x00,0x00,
0x00,0x00,0xc4,0x00,0x00,0x04,0x6f,0x00,0x00,0x00,0x24,0x00,0x00,0x00,0x00,0xae,
0x00,0x00,0x04,0x3f,0x00,0x00,0x00,0x00,0x00,0x00,0x00,0x00,0xc4,0x00,0x00,0x04,
0x81,0x00,0x00,0x00,0x26,0x00,0x00,0x00,0x00,0xb9,0x00,0x00,0x04,0x3f,0x00,0x00,
0x00,0x00,0x00,0x00,0x00,0x00,0xc4,0x44,0x45,0x56,0x49,0x43,0x45,0x5f,0x44,0x41,
0x54,0x41,0x00,0x56,0x30,0x00,0x56,0x31,0x00,0x56,0x31,0x38,0x35,0x00,0x56,0x31,
0x39,0x33,0x00,0x41,0x31,0x32,0x00,0x41,0x31,0x30,0x35,0x00,0x41,0x35,0x39,0x00,
0x41,0x36,0x30,0x00,0x41,0x36,0x31,0x00,0x41,0x31,0x33,0x00,0x41,0x32,0x35,0x00,
0x41,0x34,0x33,0x00,0x41,0x31,0x30,0x39,0x00,0x41,0x31,0x31,0x31,0x00,0x41,0x31,
0x32,0x35,0x00,0x41,0x39,0x36,0x00,0x41,0x39,0x37,0x00,0x41,0x31,0x30,0x36,0x00,
0x41,0x31,0x34,0x33,0x00,0x41,0x31,0x34,0x34,0x00,0x41,0x39,0x39,0x00,0x41,0x31,
0x30,0x30,0x00,0x54,0x45,0x4d,0x50,0x5f,0x44,0x41,0x54,0x41,0x00,0x41,0x30,0x00,
0x41,0x31,0x00,0x41,0x32,0x00,0x41,0x33,0x00,0x41,0x34,0x00,0x41,0x35,0x00,0x41,
0x36,0x00,0x41,0x37,0x00,0x41,0x38,0x00,0x41,0x39,0x00,0x41,0x31,0x30,0x00,0x41,
0x35,0x31,0x00,0x41,0x34,0x39,0x00,0x41,0x31,0x31,0x00,0x41,0x31,0x34,0x00,0x41,
0x31,0x35,0x00,0x41,0x35,0x34,0x00,0x41,0x35,0x35,0x00,0x41,0x35,0x36,0x00,0x56,
0x32,0x31,0x33,0x00,0x41,0x31,0x30,0x31,0x00,0x41,0x31,0x30,0x32,0x00,0x41,0x31,
0x30,0x37,0x00,0x56,0x32,0x32,0x37,0x00,0x56,0x32,0x32,0x36,0x00,0x56,0x32,0x32,
0x35,0x00,0x56,0x32,0x36,0x31,0x00,0x56,0x32,0x36,0x32,0x00,0x56,0x32,0x36,0x33,
0x00,0x56,0x32,0x36,0x34,0x00,0x56,0x32,0x36,0x35,0x00,0x56,0x32,0x36,0x36,0x00,
0x56,0x32,0x37,0x38,0x00,0x56,0x32,0x37,0x39,0x00,0x56,0x32,0x36,0x37,0x00,0x56,
0x32,0x36,0x38,0x00,0x56,0x32,0x36,0x39,0x00,0x41,0x31,0x37,0x00,0x41,0x34,0x38,
0x00,0x41,0x35,0x32,0x00,0x41,0x31,0x31,0x33,0x00,0x41,0x31,0x38,0x00,0x41,0x33,
0x32,0x00,0x41,0x33,0x33,0x00,0x41,0x33,0x39,0x00,0x41,0x32,0x36,0x00,0x41,0x32,
0x37,0x00,0x41,0x32,0x38,0x00,0x41,0x33,0x31,0x00,0x41,0x35,0x37,0x00,0x41,0x32,
0x39,0x00,0x41,0x34,0x35,0x00,0x41,0x33,0x30,0x00,0x41,0x33,0x34,0x00,0x41,0x33,
0x35,0x00,0x41,0x33,0x36,0x00,0x41,0x33,0x37,0x00,0x41,0x33,0x38,0x00,0x56,0x32,
0x00,0x56,0x32,0x31,0x36,0x00,0x56,0x33,0x00,0x56,0x34,0x00,0x56,0x32,0x30,0x39,
0x00,0x56,0x32,0x30,0x35,0x00,0x56,0x32,0x31,0x30,0x00,0x56,0x32,0x31,0x34,0x00,
0x56,0x32,0x30,0x36,0x00,0x56,0x32,0x30,0x37,0x00,0x56,0x32,0x30,0x38,0x00,0x62,
0x00,0x62,0x61,0x00,0x69,0x00,0x6a,0x00,0x6b,0x00,0x6c,0x00,0x6d,0x00,0x6e,0x00,
0x56,0x32,0x37,0x31,0x00,0x56,0x32,0x37,0x30,0x00,0x56,0x31,0x30,0x00,0x56,0x31,
0x31,0x00,0x56,0x31,0x32,0x00,0x56,0x31,0x33,0x00,0x41,0x31,0x39,0x00,0x41,0x32,
0x30,0x00,0x56,0x31,0x34,0x00,0x56,0x31,0x35,0x00,0x56,0x38,0x39,0x00,0x56,0x31,
0x36,0x00,0x56,0x38,0x37,0x00,0x56,0x31,0x37,0x00,0x56,0x31,0x38,0x31,0x00,0x56,
0x31,0x38,0x00,0x56,0x31,0x39,0x00,0x56,0x32,0x30,0x00,0x56,0x32,0x31,0x00,0x56,
0x38,0x38,0x00,0x56,0x39,0x34,0x00,0x56,0x32,0x32,0x00,0x56,0x31,0x37,0x39,0x00,
0x56,0x32,0x31,0x31,0x00,0x56,0x32,0x32,0x33,0x00,0x56,0x32,0x33,0x00,0x56,0x32,
0x34,0x00,0x56,0x32,0x35,0x00,0x56,0x32,0x36,0x00,0x56,0x32,0x37,0x00,0x56,0x32,
0x38,0x00,0x56,0x32,0x39,0x00,0x41,0x31,0x36,0x00,0x56,0x33,0x30,0x00,0x56,0x33,
0x31,0x00,0x56,0x33,0x32,0x00,0x56,0x33,0x33,0x00,0x56,0x33,0x34,0x00,0x56,0x33,
0x35,0x00,0x56,0x33,0x36,0x00,0x56,0x33,0x37,0x00,0x56,0x33,0x38,0x00,0x56,0x37,
0x32,0x00,0x56,0x37,0x33,0x00,0x56,0x33,0x39,0x00,0x56,0x34,0x30,0x00,0x56,0x34,
0x31,0x00,0x56,0x34,0x32,0x00,0x56,0x34,0x33,0x00,0x56,0x34,0x34,0x00,0x56,0x34,
0x35,0x00,0x56,0x34,0x36,0x00,0x56,0x34,0x37,0x00,0x56,0x34,0x38,0x00,0x56,0x34,
0x39,0x00,0x56,0x35,0x31,0x00,0x56,0x35,0x32,0x00,0x56,0x37,0x34,0x00,0x56,0x37,
0x35,0x00,0x56,0x35,0x36,0x00,0x56,0x35,0x37,0x00,0x56,0x35,0x38,0x00,0x41,0x34,
0x30,0x00,0x41,0x34,0x31,0x00,0x41,0x34,0x34,0x00,0x56,0x37,0x36,0x00,0x56,0x38,
0x30,0x00,0x56,0x38,0x31,0x00,0x56,0x38,0x32,0x00,0x56,0x38,0x33,0x00,0x56,0x38,
0x34,0x00,0x56,0x38,0x36,0x00,0x56,0x39,0x31,0x00,0x56,0x36,0x38,0x00,0x56,0x36,
0x39,0x00,0x56,0x39,0x36,0x00,0x56,0x39,0x37,0x00,0x56,0x31,0x30,0x32,0x00,0x56,
0x31,0x30,0x30,0x00,0x56,0x32,0x37,0x32,0x00,0x56,0x31,0x30,0x33,0x00,0x56,0x31,
0x30,0x38,0x00,0x56,0x31,0x30,0x34,0x00,0x56,0x31,0x30,0x35,0x00,0x56,0x31,0x30,
0x37,0x00,0x56,0x31,0x30,0x36,0x00,0x56,0x31,0x30,0x31,0x00,0x56,0x32,0x33,0x31,
0x00,0x56,0x32,0x35,0x39,0x00,0x56,0x32,0x36,0x30,0x00,0x56,0x32,0x38,0x30,0x00,
0x56,0x32,0x39,0x33,0x00,0x56,0x33,0x30,0x38,0x00,0x56,0x33,0x31,0x30,0x00,0x56,
0x33,0x33,0x36,0x00,0x56,0x33,0x33,0x37,0x00,0x56,0x33,0x34,0x30,0x00,0x56,0x33,
0x37,0x30,0x00,0x56,0x33,0x36,0x32,0x00,0x56,0x32,0x30,0x34,0x00,0x56,0x31,0x34,
0x36,0x00,0x55,0x53,0x45,0x5f,0x45,0x58,0x54,0x45,0x4e,0x44,0x5f,0x49,0x52,0x5f,
0x44,0x45,0x4c,0x41,0x59,0x5f,0x4d,0x45,0x54,0x48,0x4f,0x44,0x00,0x55,0x53,0x45,
0x5f,0x46,0x49,0x58,0x45,0x44,0x5f,0x41,0x4c,0x47,0x4f,0x52,0x49,0x54,0x48,0x4d,
0x00,0x56,0x32,0x30,0x33,0x00,0x56,0x32,0x32,0x38,0x00,0x56,0x33,0x34,0x34,0x00,
0x4c,0x30,0x00,0x44,0x4f,0x5f,0x42,0x4c,0x41,0x4e,0x4b,0x5f,0x43,0x48,0x45,0x43,
0x4b,0x00,0x44,0x4f,0x5f,0x56,0x45,0x52,0x49,0x46,0x59,0x00,0x44,0x4f,0x5f,0x53,
0x45,0x43,0x55,0x52,0x45,0x00,0x44,0x4f,0x5f,0x44,0x49,0x53,0x41,0x42,0x4c,0x45,
0x5f,0x49,0x53,0x50,0x5f,0x43,0x4c,0x41,0x4d,0x50,0x00,0x44,0x4f,0x5f,0x42,0x59,
0x50,0x41,0x53,0x53,0x5f,0x43,0x46,0x4d,0x00,0x44,0x4f,0x5f,0x42,0x59,0x50,0x41,
0x53,0x53,0x5f,0x55,0x46,0x4d,0x00,0x44,0x4f,0x5f,0x52,0x45,0x41,0x4c,0x5f,0x54,
0x49,0x4d,0x45,0x5f,0x49,0x53,0x50,0x00,0x44,0x4f,0x5f,0x46,0x4f,0x52,0x43,0x45,
0x5f,0x53,0x52,0x41,0x4d,0x5f,0x44,0x4f,0x57,0x4e,0x4c,0x4f,0x41,0x44,0x00,0x44,
0x4f,0x5f,0x52,0x45,0x41,0x44,0x5f,0x55,0x53,0x45,0x52,0x43,0x4f,0x44,0x45,0x00,
0x44,0x4f,0x5f,0x49,0x4e,0x49,0x54,0x5f,0x43,0x4f,0x4e,0x46,0x49,0x47,0x55,0x52,
0x41,0x54,0x49,0x4f,0x4e,0x00,0x4c,0x32,0x37,0x00,0x50,0x52,0x4f,0x47,0x52,0x41,
0x4d,0x00,0x4c,0x31,0x37,0x00,0x42,0x4c,0x41,0x4e,0x4b,0x43,0x48,0x45,0x43,0x4b,
0x00,0x4c,0x31,0x38,0x00,0x56,0x45,0x52,0x49,0x46,0x59,0x00,0x4c,0x32,0x34,0x00,
0x45,0x52,0x41,0x53,0x45,0x00,0x4c,0x32,0x35,0x00,0x52,0x45,0x41,0x44,0x5f,0x55,
0x53,0x45,0x52,0x43,0x4f,0x44,0x45,0x00,0x4c,0x39,0x36,0x36,0x00,0x43,0x48,0x45,
0x43,0x4b,0x5f,0x49,0x44,0x43,0x4f,0x44,0x45,0x00,0x4c,0x33,0x39,0x00,0x4c,0x31,
0x30,0x31,0x00,0x4c,0x32,0x34,0x38,0x00,0x4c,0x32,0x38,0x37,0x00,0x4c,0x32,0x31,
0x35,0x00,0x4c,0x31,0x37,0x37,0x00,0x4c,0x31,0x38,0x33,0x00,0x4c,0x32,0x34,0x31,
0x00,0x4c,0x32,0x34,0x30,0x00,0x4c,0x31,0x38,0x32,0x00,0x4c,0x34,0x35,0x33,0x00,
0x4c,0x31,0x32,0x34,0x00,0x4c,0x31,0x31,0x33,0x00,0x4c,0x31,0x30,0x38,0x00,0x4c,
0x39,0x33,0x00,0x4c,0x31,0x30,0x36,0x00,0x4c,0x34,0x35,0x38,0x00,0x56,0x36,0x36,
0x00,0x56,0x39,0x30,0x00,0x56,0x39,0x35,0x00,0x56,0x36,0x37,0x00,0x56,0x31,0x38,
0x30,0x00,0x56,0x32,0x31,0x32,0x00,0x56,0x32,0x32,0x34,0x00,0x56,0x31,0x39,0x39,
0x00,0x56,0x32,0x30,0x31,0x00,0x56,0x32,0x30,0x32,0x00,0x7e,0x74,0x6d,0x70,0x00,
0x56,0x32,0x32,0x39,0x00,0x4c,0x31,0x30,0x37,0x00,0x4c,0x33,0x39,0x36,0x00,0x4c,
0x36,0x38,0x32,0x00,0x4c,0x39,0x38,0x37,0x00,0x44,0x4f,0x4e,0x45,0x00,0x49,0x6e,
0x76,0x61,0x6c,0x69,0x64,0x20,0x6f,0x70,0x74,0x69,0x6f,0x6e,0x20,0x63,0x6f,0x6d,
0x62,0x69,0x6e,0x61,0x74,0x69,0x6f,0x6e,0x20,0x73,0x70,0x65,0x63,0x69,0x66,0x69,
0x65,0x64,0x00,0x55,0x6e,0x72,0x65,0x63,0x6f,0x67,0x6e,0x69,0x7a,0x65,0x64,0x20,
0x64,0x65,0x76,0x69,0x63,0x65,0x00,0x44,0x65,0x76,0x69,0x63,0x65,0x20,0x72,0x65,
0x76,0x69,0x73,0x69,0x6f,0x6e,0x20,0x69,0x73,0x20,0x6e,0x6f,0x74,0x20,0x73,0x75,
0x70,0x70,0x6f,0x72,0x74,0x65,0x64,0x00,0x44,0x65,0x76,0x69,0x63,0x65,0x20,0x70,
0x72,0x6f,0x67,0x72,0x61,0x6d,0x6d,0x69,0x6e,0x67,0x20,0x66,0x61,0x69,0x6c,0x75,
0x72,0x65,0x00,0x44,0x65,0x76,0x69,0x63,0x65,0x20,0x69,0x73,0x20,0x6e,0x6f,0x74,
0x20,0x62,0x6c,0x61,0x6e,0x6b,0x00,0x44,0x65,0x76,0x69,0x63,0x65,0x20,0x76,0x65,
0x72,0x69,0x66,0x79,0x20,0x66,0x61,0x69,0x6c,0x75,0x72,0x65,0x00,0x44,0x65,0x76,
0x69,0x63,0x65,0x20,0x63,0x6f,0x6e,0x66,0x69,0x67,0x75,0x72,0x61,0x74,0x69,0x6f,
0x6e,0x20,0x66,0x61,0x69,0x6c,0x75,0x72,0x65,0x00,0x55,0x6e,0x61,0x62,0x6c,0x65,
0x20,0x74,0x6f,0x20,0x72,0x65,0x61,0x64,0x20,0x55,0x53,0x45,0x52,0x43,0x4f,0x44,
0x45,0x2f,0x55,0x45,0x53,0x20,0x66,0x72,0x6f,0x6d,0x20,0x64,0x65,0x76,0x69,0x63,
0x65,0x20,0x23,0x00,0x46,0x61,0x69,0x6c,0x65,0x64,0x20,0x74,0x6f,0x20,0x63,0x6f,
0x6e,0x66,0x69,0x67,0x75,0x72,0x65,0x20,0x45,0x78,0x63,0x61,0x6c,0x69,0x62,0x75,
0x72,0x20,0x73,0x74,0x72,0x69,0x70,0x65,0x00,0x46,0x61,0x69,0x6c,0x65,0x64,0x20,
0x74,0x6f,0x20,0x65,0x72,0x61,0x73,0x65,0x20,0x6f,0x72,0x20,0x70,0x72,0x6f,0x67,
0x72,0x61,0x6d,0x20,0x41,0x53,0x43,0x20,0x64,0x65,0x76,0x69,0x63,0x65,0x00,0x55,
0x6e,0x61,0x62,0x6c,0x65,0x20,0x74,0x6f,0x20,0x65,0x72,0x61,0x73,0x65,0x20,0x74,
0x68,0x65,0x20,0x70,0x72,0x6f,0x74,0x65,0x63,0x74,0x65,0x64,0x20,0x73,0x65,0x63,
0x74,0x6f,0x72,0x28,0x73,0x29,0x20,0x6f,0x66,0x20,0x74,0x68,0x65,0x20,0x41,0x53,
0x43,0x20,0x64,0x65,0x76,0x69,0x63,0x65,0x00,0x52,0x65,0x73,0x65,0x72,0x76,0x65,
0x64,0x20,0x62,0x6c,0x6f,0x63,0x6b,0x20,0x73,0x74,0x61,0x72,0x74,0x20,0x61,0x64,
0x64,0x72,0x65,0x73,0x73,0x20,0x6d,0x69,0x73,0x6d,0x61,0x74,0x63,0x68,0x20,0x2d,
0x20,0x6f,0x70,0x65,0x72,0x61,0x74,0x69,0x6f,0x6e,0x20,0x61,0x62,0x6f,0x72,0x74,
0x65,0x64,0x00,0x55,0x6e,0x65,0x78,0x70,0x65,0x63,0x74,0x65,0x64,0x20,0x70,0x72,
0x6f,0x62,0x6c,0x65,0x6d,0x20,0x68,0x61,0x73,0x20,0x6f,0x63,0x63,0x75,0x72,0x72,
0x65,0x64,0x20,0x64,0x75,0x72,0x69,0x6e,0x67,0x20,0x4e,0x41,0x4e,0x44,0x20,0x66,
0x6c,0x61,0x73,0x68,0x20,0x62,0x61,0x64,0x20,0x62,0x6c,0x6f,0x63,0x6b,0x20,0x6d,
0x61,0x6e,0x61,0x67,0x65,0x6d,0x65,0x6e,0x74,0x2e,0x00,0x44,0x65,0x76,0x69,0x63,
0x65,0x20,0x69,0x73,0x20,0x77,0x72,0x69,0x74,0x65,0x2d,0x70,0x72,0x6f,0x74,0x65,
0x63,0x74,0x65,0x64,0x00,0x56,0x37,0x39,0x00,0x41,0x34,0x36,0x00,0x41,0x34,0x37,
0x00,0x56,0x31,0x34,0x35,0x00,0x44,0x65,0x76,0x69,0x63,0x65,0x20,0x23,0x00,0x20,
0x75,0x6e,0x61,0x62,0x6c,0x65,0x20,0x74,0x6f,0x20,0x72,0x65,0x61,0x64,0x20,0x49,
0x44,0x43,0x4f,0x44,0x45,0x00,0x20,0x49,0x44,0x43,0x4f,0x44,0x45,0x20,0x69,0x73,
0x20,0x00,0x4c,0x31,0x31,0x39,0x00,0x4c,0x31,0x32,0x33,0x00,0x4c,0x31,0x32,0x30,
0x00,0x41,0x35,0x38,0x00,0x44,0x45,0x56,0x49,0x43,0x45,0x00,0x55,0x53,0x45,0x52,
0x43,0x4f,0x44,0x45,0x00,0x20,0x55,0x53,0x45,0x52,0x43,0x4f,0x44,0x45,0x20,0x63,
0x6f,0x64,0x65,0x20,0x69,0x73,0x20,0x00,0x4c,0x31,0x33,0x34,0x00,0x56,0x38,0x35,
0x00,0x55,0x45,0x53,0x00,0x20,0x55,0x45,0x53,0x20,0x63,0x6f,0x64,0x65,0x20,0x69,
0x73,0x20,0x00,0x4c,0x37,0x31,0x35,0x00,0x70,0x72,0x6f,0x67,0x72,0x61,0x6d,0x6d,
0x69,0x6e,0x67,0x20,0x43,0x46,0x4d,0x20,0x62,0x6c,0x6f,0x63,0x6b,0x2e,0x2e,0x2e,
0x00,0x4c,0x37,0x30,0x38,0x00,0x4c,0x34,0x35,0x30,0x00,0x70,0x72,0x6f,0x67,0x72,
0x61,0x6d,0x6d,0x69,0x6e,0x67,0x20,0x55,0x46,0x4d,0x20,0x62,0x6c,0x6f,0x63,0x6b,
0x2e,0x2e,0x2e,0x00,0x65,0x72,0x61,0x73,0x69,0x6e,0x67,0x20,0x4d,0x41,0x58,0x49,
0x49,0x20,0x64,0x65,0x76,0x69,0x63,0x65,0x28,0x73,0x29,0x2e,0x2e,0x2e,0x00,0x65,
0x72,0x61,0x73,0x69,0x6e,0x67,0x20,0x4d,0x41,0x58,0x49,0x49,0x20,0x55,0x46,0x4d,
0x20,0x62,0x6c,0x6f,0x63,0x6b,0x2e,0x2e,0x2e,0x00,0x65,0x72,0x61,0x73,0x69,0x6e,
0x67,0x20,0x4d,0x41,0x58,0x49,0x49,0x20,0x43,0x46,0x4d,0x20,0x62,0x6c,0x6f,0x63,
0x6b,0x2e,0x2e,0x2e,0x00,0x4c,0x33,0x35,0x35,0x00,0x62,0x6c,0x61,0x6e,0x6b,0x20,
0x63,0x68,0x65,0x63,0x6b,0x69,0x6e,0x67,0x20,0x55,0x46,0x4d,0x20,0x62,0x6c,0x6f,
0x63,0x6b,0x2e,0x2e,0x2e,0x00,0x76,0x65,0x72,0x69,0x66,0x79,0x69,0x6e,0x67,0x20,
0x55,0x46,0x4d,0x20,0x62,0x6c,0x6f,0x63,0x6b,0x2e,0x2e,0x2e,0x00,0x62,0x6c,0x61,
0x6e,0x6b,0x20,0x63,0x68,0x65,0x63,0x6b,0x69,0x6e,0x67,0x20,0x43,0x46,0x4d,0x20,
0x62,0x6c,0x6f,0x63,0x6b,0x2e,0x2e,0x2e,0x00,0x76,0x65,0x72,0x69,0x66,0x79,0x69,
0x6e,0x67,0x20,0x43,0x46,0x4d,0x20,0x62,0x6c,0x6f,0x63,0x6b,0x2e,0x2e,0x2e,0x00,
0x20,0x53,0x69,0x6c,0x69,0x63,0x6f,0x6e,0x20,0x49,0x44,0x20,0x69,0x73,0x20,0x41,
0x4c,0x54,0x45,0x52,0x41,0x00,0x28,0x00,0x29,0x00,0x4c,0x33,0x34,0x39,0x00,0x46,
0x61,0x69,0x6c,0x65,0x64,0x20,0x74,0x6f,0x20,0x76,0x65,0x72,0x69,0x66,0x79,0x20,
0x50,0x72,0x6f,0x67,0x72,0x61,0x6d,0x20,0x64,0x6f,0x6e,0x65,0x20,0x62,0x69,0x74,
0x28,0x73,0x29,0x00,0x46,0x61,0x69,0x6c,0x65,0x64,0x20,0x74,0x6f,0x20,0x76,0x65,
0x72,0x69,0x66,0x79,0x20,0x53,0x65,0x63,0x75,0x72,0x69,0x74,0x79,0x20,0x62,0x69,
0x74,0x28,0x73,0x29,0x00,0x70,0x72,0x6f,0x67,0x72,0x61,0x6d,0x6d,0x69,0x6e,0x67,
0x20,0x4d,0x41,0x58,0x49,0x49,0x20,0x73,0x65,0x63,0x75,0x72,0x69,0x74,0x79,0x20,
0x62,0x69,0x74,0x28,0x73,0x29,0x2e,0x2e,0x2e,0x00,0x4c,0x38,0x34,0x39,0x00,0x4c,
0x38,0x35,0x30,0x00,0x43,0x52,0x45,0x41,0x54,0x4f,0x52,0x00,0x51,0x55,0x41,0x52,
0x54,0x55,0x53,0x20,0x49,0x49,0x20,0x4a,0x41,0x4d,0x20,0x43,0x4f,0x4d,0x50,0x4f,
0x53,0x45,0x52,0x20,0x31,0x31,0x2e,0x30,0x00,0x44,0x41,0x54,0x45,0x00,0x32,0x30,
0x31,0x34,0x2f,0x30,0x33,0x2f,0x31,0x37,0x00,0x44,0x45,0x56,0x49,0x43,0x45,0x00,
0x35,0x4d,0x31,0x36,0x30,0x5a,0x00,0x46,0x49,0x4c,0x45,0x00,0x54,0x6f,0x70,0x2e,
0x70,0x6f,0x66,0x00,0x54,0x41,0x52,0x47,0x45,0x54,0x00,0x31,0x00,0x49,0x44,0x43,
0x4f,0x44,0x45,0x00,0x30,0x32,0x30,0x41,0x35,0x30,0x44,0x44,0x00,0x55,0x53,0x45,
0x52,0x43,0x4f,0x44,0x45,0x00,0x30,0x30,0x31,0x37,0x33,0x30,0x32,0x46,0x00,0x43,
0x48,0x45,0x43,0x4b,0x53,0x55,0x4d,0x00,0x30,0x30,0x31,0x37,0x33,0x33,0x41,0x37,
0x00,0x53,0x41,0x56,0x45,0x5f,0x44,0x41,0x54,0x41,0x00,0x44,0x45,0x56,0x49,0x43,
0x45,0x5f,0x44,0x41,0x54,0x41,0x00,0x53,0x41,0x56,0x45,0x5f,0x44,0x41,0x54,0x41,
0x5f,0x56,0x41,0x52,0x49,0x41,0x42,0x4c,0x45,0x53,0x00,0x56,0x30,0x2c,0x20,0x41,
0x31,0x32,0x2c,0x20,0x41,0x31,0x33,0x2c,0x20,0x41,0x32,0x35,0x2c,0x20,0x41,0x34,
0x33,0x2c,0x20,0x41,0x39,0x32,0x2c,0x20,0x41,0x39,0x34,0x2c,0x20,0x41,0x39,0x35,
0x2c,0x20,0x41,0x39,0x39,0x2c,0x20,0x41,0x31,0x30,0x30,0x2c,0x20,0x41,0x31,0x30,
0x35,0x2c,0x20,0x41,0x31,0x30,0x39,0x2c,0x20,0x41,0x31,0x31,0x31,0x00,0x53,0x54,
0x41,0x50,0x4c,0x5f,0x56,0x45,0x52,0x53,0x49,0x4f,0x4e,0x00,0x4a,0x45,0x53,0x44,
0x37,0x31,0x00,0x4a,0x41,0x4d,0x5f,0x56,0x45,0x52,0x53,0x49,0x4f,0x4e,0x00,0x32,
0x2e,0x30,0x00,0x41,0x4c,0x47,0x5f,0x56,0x45,0x52,0x53,0x49,0x4f,0x4e,0x00,0x35,
0x35,0x00,0x00,0x00,0x00,0x00,0x00,0x00,0x00,0x08,0x00,0x00,0x00,0x25,0x00,0x00,
0x00,0x2a,0x00,0x00,0x00,0x35,0x00,0x00,0x00,0x3c,0x00,0x00,0x00,0x43,0x00,0x00,
0x00,0x48,0x00,0x00,0x00,0x50,0x00,0x00,0x00,0x57,0x00,0x00,0x00,0x59,0x00,0x00,
0x00,0x60,0x00,0x00,0x00,0x69,0x00,0x00,0x00,0x72,0x00,0x00,0x00,0x7b,0x00,0x00,
0x00,0x84,0x00,0x00,0x00,0x8d,0x00,0x00,0x00,0x97,0x00,0x00,0x00,0xa3,0x00,0x00,
0x00,0xb7,0x00,0x00,0x00,0xfa,0x00,0x00,0x01,0x08,0x00,0x00,0x01,0x0f,0x00,0x00,
0x01,0x1b,0x00,0x00,0x01,0x1f,0x00,0x00,0x01,0x2b,0x14,0x00,0x00,0x00,0x0c,0x00,
0x00,0x00,0x01,0x00,0x00,0x00,0x01,0x14,0x00,0x00,0x00,0x0f,0x00,0x00,0x00,0x00,
0x00,0x00,0x00,0x01,0x04,0x00,0x00,0x00,0x12,0x00,0x00,0x00,0x00,0x00,0x00,0x00,
0x01,0x04,0x00,0x00,0x00,0x17,0x00,0x00,0x00,0x00,0x00,0x00,0x00,0x01,0x1c,0x00,
0x00,0x00,0x1c,0x00,0x00,0x00,0x00,0x00,0x00,0x00,0x01,0x1c,0x00,0x00,0x00,0x20,
0x00,0x00,0x00,0x04,0x00,0x00,0x00,0x01,0x1c,0x00,0x00,0x00,0x25,0x00,0x00,0x00,
0x08,0x00,0x00,0x00,0x01,0x1c,0x00,0x00,0x00,0x29,0x00,0x00,0x00,0x04,0x00,0x00,
0x00,0x01,0x1c,0x00,0x00,0x00,0x2d,0x00,0x00,0x00,0x0c,0x00,0x00,0x00,0x01,0x1c,
0x00,0x00,0x00,0x31,0x00,0x00,0x00,0x10,0x00,0x00,0x00,0x01,0x1c,0x00,0x00,0x00,
0x35,0x00,0x00,0x00,0x14,0x00,0x00,0x00,0x01,0x1c,0x00,0x00,0x00,0x39,0x00,0x00,
0x00,0x04,0x00,0x00,0x00,0x01,0x1c,0x00,0x00,0x00,0x3d,0x00,0x00,0x00,0x04,0x00,
0x00,0x00,0x01,0x1c,0x00,0x00,0x00,0x42,0x00,0x00,0x00,0x04,0x00,0x00,0x00,0x01,
0x1c,0x00,0x00,0x00,0x47,0x00,0x00,0x00,0x04,0x00,0x00,0x00,0x01,0x09,0x00,0x00,
0x00,0x4c,0x00,0x00,0x00,0x00,0x00,0x00,0x00,0x01,0x14,0x00,0x00,0x00,0x50,0x00,
0x00,0x00,0x01,0x00,0x00,0x00,0x01,0x0c,0x00,0x00,0x00,0x54,0x00,0x00,0x00,0x00,
0x00,0x00,0x00,0x01,0x1c,0x00,0x00,0x00,0x59,0x00,0x00,0x00,0x18,0x00,0x00,0x00,
0x01,0x1c,0x00,0x00,0x00,0x5e,0x00,0x00,0x00,0x1c,0x00,0x00,0x00,0x01,0x0e,0x00,
0x00,0x00,0x63,0x00,0x00,0x00,0x20,0x00,0x00,0x12,0x68,0x0e,0x00,0x00,0x00,0x67,
0x00,0x00,0x12,0x88,0x00,0x00,0x00,0x1b,0x1c,0x00,0x00,0x00,0x76,0x00,0x00,0x12,
0xa3,0x00,0x00,0x00,0x2b,0x1c,0x00,0x00,0x00,0x79,0x00,0x00,0x13,0x4f,0x00,0x00,
0x00,0x2b,0x1c,0x00,0x00,0x00,0x7c,0x00,0x00,0x13,0xfb,0x00,0x00,0x00,0x2b,0x1c,
0x00,0x00,0x00,0x7f,0x00,0x00,0x14,0xa7,0x00,0x00,0x00,0x2b,0x1c,0x00,0x00,0x00,
0x82,0x00,0x00,0x15,0x53,0x00,0x00,0x00,0x2b,0x1c,0x00,0x00,0x00,0x85,0x00,0x00,
0x15,0xff,0x00,0x00,0x00,0x2b,0x1c,0x00,0x00,0x00,0x88,0x00,0x00,0x16,0xab,0x00,
0x00,0x00,0x2b,0x1c,0x00,0x00,0x00,0x8b,0x00,0x00,0x17,0x57,0x00,0x00,0x00,0x2b,
0x1c,0x00,0x00,0x00,0x8e,0x00,0x00,0x18,0x03,0x00,0x00,0x00,0x2b,0x1c,0x00,0x00,
0x00,0x91,0x00,0x00,0x18,0xaf,0x00,0x00,0x00,0x15,0x1c,0x00,0x00,0x00,0x94,0x00,
0x00,0x19,0x03,0x00,0x00,0x00,0x0e,0x1c,0x00,0x00,0x00,0x98,0x00,0x00,0x19,0x3b,
0x00,0x00,0x00,0x13,0x1c,0x00,0x00,0x00,0x9c,0x00,0x00,0x19,0x87,0x00,0x00,0x00,
0x0e,0x1c,0x00,0x00,0x00,0xa0,0x00,0x00,0x19,0xbf,0x00,0x00,0x02,0xf4,0x1c,0x00,
0x00,0x00,0xa4,0x00,0x00,0x25,0x8f,0x00,0x00,0x00,0x40,0x1c,0x00,0x00,0x00,0xa8,
0x00,0x00,0x26,0x8f,0x00,0x00,0x00,0x10,0x1c,0x00,0x00,0x00,0xac,0x00,0x00,0x26,
0xcf,0x00,0x00,0x00,0x1e,0x1c,0x00,0x00,0x00,0xb0,0x00,0x00,0x27,0x47,0x00,0x00,
0x00,0x1e,0x1c,0x00,0x00,0x00,0xb4,0x00,0x00,0x27,0xbf,0x00,0x00,0x00,0x08,0x1c,
0x00,0x00,0x00,0xb8,0x00,0x00,0x27,0xdf,0x00,0x00,0x00,0x04,0x1c,0x00,0x00,0x00,
0xbd,0x00,0x00,0x27,0xef,0x00,0x00,0x00,0x04,0x1c,0x00,0x00,0x00,0xc2,0x00,0x00,
0x27,0xff,0x00,0x00,0x00,0x04,0x1c,0x00,0x00,0x00,0xc7,0x00,0x00,0x28,0x0f,0x00,
0x00,0x00,0x04,0x14,0x00,0x00,0x00,0xcc,0x00,0x00,0x00,0x01,0x00,0x00,0x00,0x01,
0x04,0x00,0x00,0x00,0xd1,0x00,0x00,0x00,0x00,0x00,0x00,0x00,0x01,0x0c,0x00,0x00,
0x00,0xd6,0x00,0x00,0x28,0x1f,0x00,0x00,0x00,0x30,0x04,0x00,0x00,0x00,0xdb,0x00,
0x00,0x00,0x00,0x00,0x00,0x00,0x01,0x04,0x00,0x00,0x00,0xe0,0x00,0x00,0x00,0x00,
0x00,0x00,0x00,0x01,0x04,0x00,0x00,0x00,0xe5,0x00,0x00,0x00,0x00,0x00,0x00,0x00,
0x01,0x04,0x00,0x00,0x00,0xea,0x00,0x00,0x00,0x00,0x00,0x00,0x00,0x01,0x09,0x00,
0x00,0x00,0xef,0x00,0x00,0x00,0x01,0x00,0x00,0x27,0x10,0x09,0x00,0x00,0x00,0xf4,
0x00,0x00,0x04,0xe3,0x00,0x00,0x00,0x03,0x09,0x00,0x00,0x00,0xf9,0x00,0x00,0x04,
0xe4,0x00,0x00,0x00,0x0d,0x09,0x00,0x00,0x00,0xfe,0x00,0x00,0x04,0xe6,0x00,0x00,
0x00,0x10,0x11,0x00,0x00,0x01,0x03,0x00,0x00,0x00,0x00,0x00,0x00,0x00,0x01,0x11,
0x00,0x00,0x01,0x08,0x00,0x00,0x00,0x00,0x00,0x00,0x00,0x01,0x11,0x00,0x00,0x01,
0x0d,0x00,0x00,0x00,0x00,0x00,0x00,0x00,0x01,0x19,0x00,0x00,0x01,0x12,0x00,0x00,
0x04,0xe8,0x00,0x00,0x00,0x01,0x19,0x00,0x00,0x01,0x16,0x00,0x00,0x04,0xec,0x00,
0x00,0x00,0x01,0x19,0x00,0x00,0x01,0x1a,0x00,0x00,0x04,0xf0,0x00,0x00,0x00,0x01,
0x19,0x00,0x00,0x01,0x1e,0x00,0x00,0x04,0xf4,0x00,0x00,0x00,0x01,0x09,0x00,0x00,
0x01,0x23,0x00,0x00,0x04,0xf8,0x00,0x00,0x00,0x15,0x09,0x00,0x00,0x01,0x27,0x00,
0x00,0x04,0xfb,0x00,0x00,0x00,0x3c,0x09,0x00,0x00,0x01,0x2b,0x00,0x00,0x05,0x03,
0x00,0x00,0x00,0x0a,0x09,0x00,0x00,0x01,0x2f,0x00,0x00,0x05,0x05,0x00,0x00,0x00,
0x0a,0x09,0x00,0x00,0x01,0x33,0x00,0x00,0x05,0x07,0x00,0x00,0x00,0x05,0x09,0x00,
0x00,0x01,0x37,0x00,0x00,0x05,0x08,0x00,0x00,0x00,0x05,0x09,0x00,0x00,0x01,0x3b,
0x00,0x00,0x05,0x09,0x00,0x00,0x00,0x10,0x09,0x00,0x00,0x01,0x3f,0x00,0x00,0x05,
0x0b,0x00,0x00,0x00,0x50,0x09,0x00,0x00,0x01,0x43,0x00,0x00,0x05,0x15,0x00,0x00,
0x00,0x50,0x09,0x00,0x00,0x01,0x47,0x00,0x00,0x05,0x1f,0x00,0x00,0x00,0x50,0x09,
0x00,0x00,0x01,0x4b,0x00,0x00,0x05,0x29,0x00,0x00,0x00,0x50,0x09,0x00,0x00,0x01,
0x4f,0x00,0x00,0x05,0x33,0x00,0x00,0x00,0x50,0x09,0x00,0x00,0x01,0x53,0x00,0x00,
0x05,0x3d,0x00,0x00,0x00,0x32,0x09,0x00,0x00,0x01,0x57,0x00,0x00,0x05,0x44,0x00,
0x00,0x00,0x32,0x09,0x00,0x00,0x01,0x5b,0x00,0x00,0x05,0x4b,0x00,0x00,0x00,0x32,
0x09,0x00,0x00,0x01,0x5f,0x00,0x00,0x05,0x52,0x00,0x00,0x00,0x32,0x09,0x00,0x00,
0x01,0x63,0x00,0x00,0x05,0x59,0x00,0x00,0x00,0x46,0x14,0x00,0x00,0x01,0x67,0x00,
0x00,0x00,0x00,0x00,0x00,0x00,0x01,0x04,0x00,0x00,0x01,0x6a,0x00,0x00,0x00,0x00,
0x00,0x00,0x00,0x01,0x14,0x00,0x00,0x01,0x6f,0x00,0x00,0x00,0x00,0x00,0x00,0x00,
0x01,0x14,0x00,0x00,0x01,0x72,0x00,0x00,0x00,0x00,0x00,0x00,0x00,0x01,0x04,0x00,
0x00,0x01,0x75,0x00,0x00,0x00,0x00,0x00,0x00,0x00,0x01,0x04,0x00,0x00,0x01,0x7a,
0x00,0x00,0x00,0x01,0x00,0x00,0x00,0x01,0x04,0x00,0x00,0x01,0x7f,0x00,0x00,0x00,
0x00,0x00,0x00,0x00,0x01,0x04,0x00,0x00,0x01,0x84,0x00,0x00,0x00,0x00,0x00,0x00,
0x00,0x01,0x14,0x00,0x00,0x01,0x89,0x00,0x00,0x00,0x00,0x00,0x00,0x00,0x01,0x04,
0x00,0x00,0x01,0x8e,0x00,0x00,0x00,0x01,0x00,0x00,0x00,0x01,0x04,0x00,0x00,0x01,
0x93,0x00,0x00,0x00,0x01,0x00,0x00,0x00,0x01,0x01,0x00,0x00,0x01,0x98,0x00,0x00,
0x00,0x00,0x00,0x00,0x00,0x01,0x09,0x00,0x00,0x01,0x9a,0x00,0x00,0x05,0x62,0x00,
0x00,0x00,0x20,0x11,0x00,0x00,0x01,0x9d,0x00,0x00,0x00,0x00,0x00,0x00,0x00,0x01,
0x11,0x00,0x00,0x01,0x9f,0x00,0x00,0x00,0x00,0x00,0x00,0x00,0x01,0x11,0x00,0x00,
0x01,0xa1,0x00,0x00,0x00,0x00,0x00,0x00,0x00,0x01,0x11,0x00,0x00,0x01,0xa3,0x00,
0x00,0x00,0x00,0x00,0x00,0x00,0x01,0x11,0x00,0x00,0x01,0xa5,0x00,0x00,0x00,0x00,
0x00,0x00,0x00,0x01,0x11,0x00,0x00,0x01,0xa7,0x00,0x00,0x00,0x00,0x00,0x00,0x00,
0x01,0x11,0x00,0x00,0x01,0xa9,0x00,0x00,0x00,0x00,0x00,0x00,0x00,0x01,0x11,0x00,
0x00,0x01,0xae,0x00,0x00,0x00,0x00,0x00,0x00,0x00,0x01,0x11,0x00,0x00,0x01,0xb3,
0x00,0x00,0x00,0x00,0x00,0x00,0x00,0x01,0x11,0x00,0x00,0x01,0xb7,0x00,0x00,0x00,
0x00,0x00,0x00,0x00,0x01,0x11,0x00,0x00,0x01,0xbb,0x00,0x00,0x00,0x00,0x00,0x00,
0x00,0x01,0x11,0x00,0x00,0x01,0xbf,0x00,0x00,0x00,0x00,0x00,0x00,0x00,0x01,0x09,
0x00,0x00,0x01,0xc3,0x00,0x00,0x05,0x66,0x00,0x00,0x00,0x14,0x09,0x00,0x00,0x01,
0xc7,0x00,0x00,0x05,0x69,0x00,0x00,0x00,0x0a,0x11,0x00,0x00,0x01,0xcb,0x00,0x00,
0x00,0x00,0x00,0x00,0x00,0x01,0x11,0x00,0x00,0x01,0xcf,0x00,0x00,0x00,0x00,0x00,
0x00,0x00,0x01,0x11,0x00,0x00,0x01,0xd3,0x00,0x00,0x00,0x00,0x00,0x00,0x00,0x01,
0x11,0x00,0x00,0x01,0xd7,0x00,0x00,0x00,0x00,0x00,0x00,0x00,0x01,0x11,0x00,0x00,
0x01,0xdb,0x00,0x00,0x00,0x00,0x00,0x00,0x00,0x01,0x11,0x00,0x00,0x01,0xdf,0x00,
0x00,0x00,0x00,0x00,0x00,0x00,0x01,0x11,0x00,0x00,0x01,0xe3,0x00,0x00,0x00,0x00,
0x00,0x00,0x00,0x01,0x11,0x00,0x00,0x01,0xe8,0x00,0x00,0x00,0x00,0x00,0x00,0x00,
0x01,0x11,0x00,0x00,0x01,0xec,0x00,0x00,0x00,0x00,0x00,0x00,0x00,0x01,0x11,0x00,
0x00,0x01,0xf0,0x00,0x00,0x00,0x00,0x00,0x00,0x00,0x01,0x11,0x00,0x00,0x01,0xf4,
0x00,0x00,0x00,0x00,0x00,0x00,0x00,0x01,0x11,0x00,0x00,0x01,0xf8,0x00,0x00,0x00,
0x00,0x00,0x00,0x00,0x01,0x11,0x00,0x00,0x01,0xfc,0x00,0x00,0x00,0x00,0x00,0x00,
0x00,0x01,0x11,0x00,0x00,0x02,0x00,0x00,0x00,0x00,0x00,0x00,0x00,0x00,0x01,0x11,
0x00,0x00,0x02,0x04,0x00,0x00,0x00,0x00,0x00,0x00,0x00,0x01,0x11,0x00,0x00,0x02,
0x09,0x00,0x00,0x00,0x00,0x00,0x00,0x00,0x01,0x11,0x00,0x00,0x02,0x0e,0x00,0x00,
0x00,0x00,0x00,0x00,0x00,0x01,0x11,0x00,0x00,0x02,0x13,0x00,0x00,0x00,0x00,0x00,
0x00,0x00,0x01,0x11,0x00,0x00,0x02,0x17,0x00,0x00,0x00,0x00,0x00,0x00,0x00,0x01,
0x11,0x00,0x00,0x02,0x1b,0x00,0x00,0x00,0x00,0x00,0x00,0x00,0x01,0x11,0x00,0x00,
0x02,0x1f,0x00,0x00,0x00,0x00,0x00,0x00,0x00,0x01,0x11,0x00,0x00,0x02,0x23,0x00,
0x00,0x00,0x00,0x00,0x00,0x00,0x01,0x11,0x00,0x00,0x02,0x27,0x00,0x00,0x00,0x00,
0x00,0x00,0x00,0x01,0x14,0x00,0x00,0x02,0x2b,0x00,0x00,0x00,0x01,0x00,0x00,0x00,
0x01,0x19,0x00,0x00,0x02,0x2f,0x00,0x00,0x05,0x6b,0x00,0x00,0x00,0x0f,0x11,0x00,
0x00,0x02,0x33,0x00,0x00,0x00,0x00,0x00,0x00,0x00,0x01,0x11,0x00,0x00,0x02,0x37,
0x00,0x00,0x00,0x00,0x00,0x00,0x00,0x01,0x14,0x00,0x00,0x02,0x3b,0x00,0x00,0x00,
0x00,0x00,0x00,0x00,0x01,0x14,0x00,0x00,0x02,0x3f,0x00,0x00,0x00,0x00,0x00,0x00,
0x00,0x01,0x14,0x00,0x00,0x02,0x43,0x00,0x00,0x00,0x01,0x00,0x00,0x00,0x01,0x14,
0x00,0x00,0x02,0x47,0x00,0x00,0x00,0x00,0x00,0x00,0x00,0x01,0x14,0x00,0x00,0x02,
0x4b,0x00,0x00,0x00,0x00,0x00,0x00,0x00,0x01,0x14,0x00,0x00,0x02,0x4f,0x00,0x00,
0x00,0x00,0x00,0x00,0x00,0x01,0x14,0x00,0x00,0x02,0x53,0x00,0x00,0x00,0x00,0x00,
0x00,0x00,0x01,0x14,0x00,0x00,0x02,0x57,0x00,0x00,0x00,0x00,0x00,0x00,0x00,0x01,
0x14,0x00,0x00,0x02,0x5b,0x00,0x00,0x00,0x00,0x00,0x00,0x00,0x01,0x04,0x00,0x00,
0x02,0x5f,0x00,0x00,0x00,0x00,0x00,0x00,0x00,0x01,0x04,0x00,0x00,0x02,0x63,0x00,
0x00,0x00,0x00,0x00,0x00,0x00,0x01,0x14,0x00,0x00,0x02,0x67,0x00,0x00,0x00,0x00,
0x00,0x00,0x00,0x01,0x14,0x00,0x00,0x02,0x6b,0x00,0x00,0x00,0x00,0x00,0x00,0x00,
0x01,0x04,0x00,0x00,0x02,0x6f,0x00,0x00,0x00,0x00,0x00,0x00,0x00,0x01,0x04,0x00,
0x00,0x02,0x73,0x00,0x00,0x00,0x00,0x00,0x00,0x00,0x01,0x04,0x00,0x00,0x02,0x77,
0x00,0x00,0x00,0x00,0x00,0x00,0x00,0x01,0x11,0x00,0x00,0x02,0x7b,0x00,0x00,0x00,
0x00,0x00,0x00,0x00,0x01,0x11,0x00,0x00,0x02,0x7f,0x00,0x00,0x00,0x00,0x00,0x00,
0x00,0x01,0x11,0x00,0x00,0x02,0x83,0x00,0x00,0x00,0x00,0x00,0x00,0x00,0x01,0x04,
0x00,0x00,0x02,0x87,0x00,0x00,0x00,0x00,0x00,0x00,0x00,0x01,0x14,0x00,0x00,0x02,
0x8b,0xff,0xff,0xff,0xff,0x00,0x00,0x00,0x01,0x14,0x00,0x00,0x02,0x8f,0xff,0xff,
0xff,0xff,0x00,0x00,0x00,0x01,0x04,0x00,0x00,0x02,0x93,0x00,0x00,0x00,0x00,0x00,
0x00,0x00,0x01,0x04,0x00,0x00,0x02,0x97,0x00,0x00,0x00,0x00,0x00,0x00,0x00,0x01,
0x04,0x00,0x00,0x02,0x9b,0x00,0x00,0x00,0x00,0x00,0x00,0x00,0x01,0x04,0x00,0x00,
0x02,0x9f,0x00,0x00,0x00,0x00,0x00,0x00,0x00,0x01,0x04,0x00,0x00,0x02,0xa3,0x00,
0x00,0x00,0x01,0x00,0x00,0x00,0x01,0x09,0x00,0x00,0x02,0xa7,0x00,0x00,0x05,0xa7,
0x00,0x00,0x00,0x0a,0x09,0x00,0x00,0x02,0xab,0x00,0x00,0x05,0xa9,0x00,0x00,0x00,
0x0a,0x09,0x00,0x00,0x02,0xaf,0x00,0x00,0x05,0xab,0x00,0x00,0x00,0x0a,0x04,0x00,
0x00,0x02,0xb3,0x00,0x00,0x00,0x00,0x00,0x00,0x00,0x01,0x04,0x00,0x00,0x02,0xb7,
0x00,0x00,0x00,0x01,0x00,0x00,0x00,0x01,0x04,0x00,0x00,0x02,0xbb,0x00,0x00,0x00,
0x00,0x00,0x00,0x00,0x01,0x04,0x00,0x00,0x02,0xbf,0x00,0x00,0x00,0x00,0x00,0x00,
0x00,0x01,0x14,0x00,0x00,0x02,0xc3,0x00,0x00,0x00,0x05,0x00,0x00,0x00,0x01,0x14,
0x00,0x00,0x02,0xc7,0x00,0x00,0x00,0x00,0x00,0x00,0x00,0x01,0x14,0x00,0x00,0x02,
0xcb,0x00,0x00,0x00,0x00,0x00,0x00,0x00,0x01,0x04,0x00,0x00,0x02,0xcf,0x00,0x00,
0x00,0x00,0x00,0x00,0x00,0x01,0x14,0x00,0x00,0x02,0xd3,0x00,0x00,0x00,0x00,0x00,
0x00,0x00,0x01,0x14,0x00,0x00,0x02,0xd7,0x00,0x00,0x00,0x00,0x00,0x00,0x00,0x01,
0x14,0x00,0x00,0x02,0xdb,0x00,0x00,0x00,0x5e,0x00,0x00,0x00,0x01,0x04,0x00,0x00,
0x02,0xdf,0x00,0x00,0x00,0x01,0x00,0x00,0x00,0x01,0x04,0x00,0x00,0x02,0xe3,0x00,
0x00,0x00,0x00,0x00,0x00,0x00,0x01,0x04,0x00,0x00,0x02,0xe8,0x00,0x00,0x00,0x00,
0x00,0x00,0x00,0x01,0x04,0x00,0x00,0x02,0xed,0x00,0x00,0x00,0x00,0x00,0x00,0x00,
0x01,0x04,0x00,0x00,0x02,0xf2,0x00,0x00,0x00,0x00,0x00,0x00,0x00,0x01,0x04,0x00,
0x00,0x02,0xf7,0x00,0x00,0x00,0x00,0x00,0x00,0x00,0x01,0x04,0x00,0x00,0x02,0xfc,
0x00,0x00,0x00,0x00,0x00,0x00,0x00,0x01,0x04,0x00,0x00,0x03,0x01,0x00,0x00,0x00,
0x00,0x00,0x00,0x00,0x01,0x04,0x00,0x00,0x03,0x06,0x00,0x00,0x00,0x00,0x00,0x00,
0x00,0x01,0x04,0x00,0x00,0x03,0x0b,0x00,0x00,0x00,0x00,0x00,0x00,0x00,0x01,0x04,
0x00,0x00,0x03,0x10,0x00,0x00,0x00,0x00,0x00,0x00,0x00,0x01,0x04,0x00,0x00,0x03,
0x15,0x00,0x00,0x00,0x00,0x00,0x00,0x00,0x01,0x04,0x00,0x00,0x03,0x1a,0x00,0x00,
0x00,0x00,0x00,0x00,0x00,0x01,0x04,0x00,0x00,0x03,0x1f,0x00,0x00,0x00,0x00,0x00,
0x00,0x00,0x01,0x04,0x00,0x00,0x03,0x24,0x00,0x00,0x00,0x00,0x00,0x00,0x00,0x01,
0x04,0x00,0x00,0x03,0x29,0x00,0x00,0x00,0x00,0x00,0x00,0x00,0x01,0x04,0x00,0x00,
0x03,0x2e,0x00,0x00,0x00,0x01,0x00,0x00,0x00,0x01,0x04,0x00,0x00,0x03,0x33,0x00,
0x00,0x00,0x00,0x00,0x00,0x00,0x01,0x04,0x00,0x00,0x03,0x38,0x00,0x00,0x00,0x00,
0x00,0x00,0x00,0x01,0x04,0x00,0x00,0x03,0x3d,0x00,0x00,0x00,0x00,0x00,0x00,0x00,
0x01,0x04,0x00,0x00,0x03,0x42,0x00,0x00,0x00,0x00,0x00,0x00,0x00,0x01,0x04,0x00,
0x00,0x03,0x47,0x00,0x00,0x00,0x00,0x00,0x00,0x00,0x01,0x04,0x00,0x00,0x03,0x4c,
0x00,0x00,0x00,0x00,0x00,0x00,0x00,0x01,0x04,0x00,0x00,0x03,0x51,0x00,0x00,0x00,
0x00,0x00,0x00,0x00,0x01,0x04,0x00,0x00,0x03,0x56,0x00,0x00,0x00,0x00,0x00,0x00,
0x00,0x01,0x04,0x00,0x00,0x03,0x5b,0x00,0x00,0x00,0x00,0x00,0x00,0x00,0x01,0x04,
0x00,0x00,0x03,0x76,0x00,0x00,0x00,0x00,0x00,0x00,0x00,0x01,0x14,0x00,0x00,0x03,
0x8a,0x00,0x00,0x00,0x00,0x00,0x00,0x00,0x01,0x04,0x00,0x00,0x03,0x8f,0x00,0x00,
0x00,0x00,0x00,0x00,0x00,0x01,0x04,0x00,0x00,0x03,0x94,0x00,0x00,0x00,0x00,0x00,
0x00,0x00,0x01,0x14,0x00,0x00,0x04,0xe6,0x00,0x00,0x00,0x00,0x00,0x00,0x00,0x01,
0x14,0x00,0x00,0x04,0xea,0x00,0x00,0x00,0x00,0x00,0x00,0x00,0x01,0x14,0x00,0x00,
0x04,0xee,0x00,0x00,0x00,0x00,0x00,0x00,0x00,0x01,0x14,0x00,0x00,0x04,0xf2,0x00,
0x00,0x00,0x00,0x00,0x00,0x00,0x01,0x14,0x00,0x00,0x04,0xf6,0x00,0x00,0x00,0x00,
0x00,0x00,0x00,0x01,0x14,0x00,0x00,0x04,0xfb,0x00,0x00,0x00,0x00,0x00,0x00,0x00,
0x01,0x14,0x00,0x00,0x05,0x00,0x00,0x00,0x00,0x00,0x00,0x00,0x00,0x01,0x14,0x00,
0x00,0x05,0x05,0x00,0x00,0x00,0x00,0x00,0x00,0x00,0x01,0x14,0x00,0x00,0x05,0x0a,
0x00,0x00,0x00,0x00,0x00,0x00,0x00,0x01,0x14,0x00,0x00,0x05,0x0f,0x00,0x00,0x00,
0x00,0x00,0x00,0x00,0x01,0x29,0x00,0x00,0x05,0x14,0x00,0x00,0x05,0xad,0x00,0x00,
0x00,0x20,0x29,0x00,0x00,0x05,0x14,0x00,0x00,0x05,0xb1,0x00,0x00,0x00,0x20,0x29,
0x00,0x00,0x05,0x14,0x00,0x00,0x05,0xb5,0x00,0x00,0x00,0x20,0x29,0x00,0x00,0x05,
0x14,0x00,0x00,0x05,0xb9,0x00,0x00,0x00,0x20,0x29,0x00,0x00,0x05,0x14,0x00,0x00,
0x05,0xbd,0x00,0x00,0x00,0x20,0x29,0x00,0x00,0x05,0x14,0x00,0x00,0x05,0xc1,0x00,
0x00,0x00,0x20,0x29,0x00,0x00,0x05,0x14,0x00,0x00,0x05,0xc5,0x00,0x00,0x00,0x20,
0x29,0x00,0x00,0x05,0x14,0x00,0x00,0x05,0xc9,0x00,0x00,0x00,0x20,0x29,0x00,0x00,
0x05,0x14,0x00,0x00,0x05,0xcd,0x00,0x00,0x00,0x20,0x09,0x00,0x00,0x05,0x19,0x00,
0x00,0x00,0x00,0x00,0x00,0x00,0x00,0x29,0x00,0x00,0x05,0x14,0x00,0x00,0x05,0xd1,
0x00,0x00,0x00,0x20,0x29,0x00,0x00,0x05,0x14,0x00,0x00,0x05,0xd5,0x00,0x00,0x00,
0x20,0x29,0x00,0x00,0x05,0x14,0x00,0x00,0x05,0xd9,0x00,0x00,0x00,0x20,0x29,0x00,
0x00,0x05,0x14,0x00,0x00,0x05,0xdd,0x00,0x00,0x00,0x20,0x29,0x00,0x00,0x05,0x14,
0x00,0x00,0x05,0xe1,0x00,0x00,0x00,0x20,0x29,0x00,0x00,0x05,0x14,0x00,0x00,0x05,
0xe5,0x00,0x00,0x00,0x20,0x29,0x00,0x00,0x05,0x14,0x00,0x00,0x05,0xe9,0x00,0x00,
0x00,0x20,0x29,0x00,0x00,0x05,0x14,0x00,0x00,0x05,0xed,0x00,0x00,0x00,0x20,0x29,
0x00,0x00,0x05,0x14,0x00,0x00,0x05,0xf1,0x00,0x00,0x00,0x20,0x29,0x00,0x00,0x05,
0x14,0x00,0x00,0x05,0xf5,0x00,0x00,0x00,0x20,0x29,0x00,0x00,0x05,0x14,0x00,0x00,
0x05,0xf9,0x00,0x00,0x00,0x20,0x29,0x00,0x00,0x05,0x14,0x00,0x00,0x05,0xfd,0x00,
0x00,0x00,0x20,0x29,0x00,0x00,0x05,0x14,0x00,0x00,0x06,0x01,0x00,0x00,0x00,0x20,
0x29,0x00,0x00,0x05,0x14,0x00,0x00,0x06,0x05,0x00,0x00,0x00,0x20,0x29,0x00,0x00,
0x05,0x14,0x00,0x00,0x06,0x09,0x00,0x00,0x00,0x20,0x29,0x00,0x00,0x05,0x14,0x00,
0x00,0x06,0x0d,0x00,0x00,0x00,0x20,0x14,0x00,0x00,0x07,0x3e,0x00,0x00,0x00,0x00,
0x00,0x00,0x00,0x01,0x09,0x00,0x00,0x07,0x42,0x00,0x00,0x00,0x00,0x00,0x00,0x00,
0x00,0x19,0x00,0x00,0x07,0x46,0x00,0x00,0x00,0x00,0x00,0x00,0x00,0x00,0x11,0x00,
0x00,0x07,0x4a,0x00,0x00,0x00,0x00,0x00,0x00,0x00,0x01,0x29,0x00,0x00,0x05,0x14,
0x00,0x00,0x06,0x11,0x00,0x00,0x00,0x20,0x29,0x00,0x00,0x05,0x14,0x00,0x00,0x06,
0x15,0x00,0x00,0x00,0x20,0x29,0x00,0x00,0x05,0x14,0x00,0x00,0x06,0x19,0x00,0x00,
0x00,0x20,0x29,0x00,0x00,0x05,0x14,0x00,0x00,0x06,0x1d,0x00,0x00,0x00,0x20,0x29,
0x00,0x00,0x05,0x14,0x00,0x00,0x06,0x21,0x00,0x00,0x00,0x20,0x29,0x00,0x00,0x05,
0x14,0x00,0x00,0x06,0x25,0x00,0x00,0x00,0x20,0x29,0x00,0x00,0x05,0x14,0x00,0x00,
0x06,0x29,0x00,0x00,0x00,0x20,0x29,0x00,0x00,0x05,0x14,0x00,0x00,0x06,0x2d,0x00,
0x00,0x00,0x20,0x29,0x00,0x00,0x05,0x14,0x00,0x00,0x06,0x31,0x00,0x00,0x00,0x20,
0x29,0x00,0x00,0x05,0x14,0x00,0x00,0x06,0x35,0x00,0x00,0x00,0x20,0x29,0x00,0x00,
0x05,0x14,0x00,0x00,0x06,0x39,0x00,0x00,0x00,0x20,0x29,0x00,0x00,0x05,0x14,0x00,
0x00,0x06,0x3d,0x00,0x00,0x00,0x20,0x29,0x00,0x00,0x05,0x14,0x00,0x00,0x06,0x41,
0x00,0x00,0x00,0x20,0x19,0x00,0x00,0x07,0x8a,0x00,0x00,0x00,0x00,0x00,0x00,0x00,
0x00,0x29,0x00,0x00,0x05,0x14,0x00,0x00,0x06,0x45,0x00,0x00,0x00,0x20,0x29,0x00,
0x00,0x05,0x14,0x00,0x00,0x06,0x49,0x00,0x00,0x00,0x20,0x29,0x00,0x00,0x05,0x14,
0x00,0x00,0x06,0x4d,0x00,0x00,0x00,0x20,0x19,0x00,0x00,0x07,0xb6,0x00,0x00,0x00,
0x00,0x00,0x00,0x00,0x00,0x29,0x00,0x00,0x05,0x14,0x00,0x00,0x06,0x51,0x00,0x00,
0x00,0x20,0x29,0x00,0x00,0x05,0x14,0x00,0x00,0x06,0x55,0x00,0x00,0x00,0x20,0x29,
0x00,0x00,0x05,0x14,0x00,0x00,0x06,0x59,0x00,0x00,0x00,0x20,0x29,0x00,0x00,0x05,
0x14,0x00,0x00,0x06,0x5d,0x00,0x00,0x00,0x20,0x29,0x00,0x00,0x05,0x14,0x00,0x00,
0x06,0x61,0x00,0x00,0x00,0x20,0x29,0x00,0x00,0x05,0x14,0x00,0x00,0x06,0x65,0x00,
0x00,0x00,0x20,0x29,0x00,0x00,0x05,0x14,0x00,0x00,0x06,0x69,0x00,0x00,0x00,0x20,
0x29,0x00,0x00,0x05,0x14,0x00,0x00,0x06,0x6d,0x00,0x00,0x00,0x20,0x29,0x00,0x00,
0x05,0x14,0x00,0x00,0x06,0x71,0x00,0x00,0x00,0x20,0x29,0x00,0x00,0x05,0x14,0x00,
0x00,0x00,0x00,0x00,0x00,0x00,0x00,0x29,0x00,0x00,0x05,0x14,0x00,0x00,0x00,0x00,
0x00,0x00,0x00,0x00,0x29,0x00,0x00,0x05,0x14,0x00,0x00,0x00,0x00,0x00,0x00,0x00,
0x00,0x29,0x00,0x00,0x05,0x14,0x00,0x00,0x00,0x00,0x00,0x00,0x00,0x00,0x29,0x00,
0x00,0x05,0x14,0x00,0x00,0x06,0x75,0x00,0x00,0x00,0x20,0x29,0x00,0x00,0x05,0x14,
0x00,0x00,0x06,0x79,0x00,0x00,0x00,0x20,0x29,0x00,0x00,0x05,0x14,0x00,0x00,0x06,
0x7d,0x00,0x00,0x00,0x20,0x29,0x00,0x00,0x05,0x14,0x00,0x00,0x06,0x81,0x00,0x00,
0x00,0x20,0x29,0x00,0x00,0x05,0x14,0x00,0x00,0x06,0x85,0x00,0x00,0x00,0x20,0x29,
0x00,0x00,0x05,0x14,0x00,0x00,0x06,0x89,0x00,0x00,0x00,0x20,0x29,0x00,0x00,0x05,
0x14,0x00,0x00,0x06,0x8d,0x00,0x00,0x00,0x20,0x29,0x00,0x00,0x05,0x14,0x00,0x00,
0x06,0x91,0x00,0x00,0x00,0x20,0x29,0x00,0x00,0x05,0x14,0x00,0x00,0x06,0x95,0x00,
0x00,0x00,0x20,0x29,0x00,0x00,0x05,0x14,0x00,0x00,0x06,0x99,0x00,0x00,0x00,0x20,
0x00,0x00,0x00,0x20,0x00,0x00,0x00,0x00,0x00,0x00,0x00,0xf0,0x02,0x0a,0x50,0xdd,
0x00,0x00,0x40,0x04,0x00,0x00,0x00,0x0a,0x00,0x00,0x00,0x03,0x00,0x00,0x02,0x00,
0x00,0x1a,0x00,0x00,0xfe,0xff,0xfe,0xfd,0xf3,0xff,0xba,0xff,0xff,0x97,0xf7,0xff,
0xef,0xfb,0xf5,0xdf,0xff,0xff,0x9f,0xf3,0xff,0x73,0xb3,0xff,0xff,0x7c,0xfe,0xe6,
0xe5,0xfd,0xff,0xfa,0xff,0xff,0xf7,0xf7,0xff,0xef,0xfe,0xf7,0xdf,0xff,0xff,0x9f,
0xff,0xff,0xff,0x08,0x42,0x28,0x81,0xff,0xff,0xbf,0xbb,0xff,0x7f,0xff,0xbf,0xe6,
0xcc,0xe7,0xdf,0xfc,0xfd,0xfb,0xf9,0xcd,0x3f,0xf3,0x33,0x96,0xe7,0xff,0xef,0xd6,
0x33,0xf3,0xbf,0xbf,0xf7,0x5c,0x5f,0xbb,0xfe,0x71,0x0c,0xfe,0xdf,0x5f,0xfd,0xff,
0x7f,0xe9,0xfb,0x7f,0xf5,0xff,0xfb,0xee,0xff,0xff,0xcf,0xef,0xff,0xbf,0x5f,0xff,
0x7f,0xff,0x6f,0xff,0xb1,0x12,0xfc,0xef,0xfe,0xf3,0xff,0xff,0x0b,0xf6,0x10,0x24,
0xc1,0xff,0xff,0xb7,0xdf,0xff,0x7f,0xfe,0x7f,0xff,0xde,0xff,0x7f,0xdd,0xff,0xff,
0x87,0x94,0xf0,0xff,0xbf,0xeb,0xff,0xff,0x17,0xdb,0xff,0x7b,0x5c,0x03,0xaf,0xff,
0xff,0x74,0xfd,0xff,0xe3,0x3e,0xd8,0xff,0xdf,0xf3,0xbf,0xfe,0xed,0xf7,0xff,0xdf,
0xef,0xdf,0xbf,0xff,0xbd,0x5e,0xff,0xff,0xff,0x01,0x25,0xf0,0xff,0xff,0xf7,0xfb,
0xff,0xef,0xdb,0xed,0x3f,0x10,0x83,0xf0,0x0c,0x82,0x78,0xf0,0xbf,0xff,0x6f,0xef,
0xff,0xdd,0xff,0xef,0xbf,0xff,0xdf,0x3f,0xff,0xff,0xff,0x81,0x30,0x04,0x69,0xe0,
0xff,0xfb,0xcf,0xff,0xfe,0x77,0x9c,0x06,0xfe,0xfb,0x7e,0xe3,0x4c,0x70,0xff,0xff,
0x67,0xef,0xff,0x5f,0xef,0xff,0xbd,0xff,0xb7,0x7f,0xc7,0xbf,0xbb,0xfe,0xff,0xff,
0xd5,0xfd,0xfd,0xfb,0xff,0xdd,0xf7,0xf7,0xff,0xe7,0xff,0xbf,0xdf,0xef,0xbf,0xbf,
0xfd,0x3f,0xff,0x60,0x0d,0x82,0x33,0xf0,0xdb,0xff,0xe7,0xff,0xfb,0xdf,0xef,0xff,
0xb7,0xff,0xbf,0x7f,0xff,0xff,0xbd,0xfe,0xff,0xdf,0xfd,0xfd,0xff,0xfa,0xfd,0xfd,
0xf7,0xff,0xff,0xe7,0xff,0xf8,0xdf,0xef,0xff,0xbf,0xfe,0xbf,0xff,0x90,0x13,0xf8,
0xff,0xfe,0xd3,0xdf,0xff,0xb3,0xf7,0xff,0xaf,0xf5,0xff,0xde,0xff,0xdd,0xbf,0xff,
0xdf,0x5e,0xef,0xbf,0xff,0xf4,0x7e,0xbf,0xfd,0xff,0xfe,0xfb,0xfa,0xff,0xf3,0xff,
0xff,0xcf,0xf7,0xef,0xcf,0xff,0xdf,0x9f,0xfd,0xff,0xdf,0xc0,0x25,0x02,0x61,0xe0,
0xfd,0xdf,0xde,0x5f,0xff,0x6b,0x40,0x12,0xc2,0xf7,0xa0,0xff,0xf7,0xdf,0xff,0xfd,
0x9f,0xbe,0xfe,0xff,0x20,0x54,0xf8,0xff,0xff,0xe7,0xfb,0xf9,0xc7,0xff,0xef,0xdf,
0xed,0xff,0x6f,0x30,0x2a,0xfc,0x7f,0xb5,0xfa,0xd7,0xff,0xf7,0xf7,0xff,0x17,0x48,
0x09,0xfd,0xff,0xff,0xf2,0xfe,0xff,0xfd,0xaf,0xfe,0xfb,0xbe,0xff,0xf3,0xf7,0xff,
0x1f,0xcd,0x07,0xff,0xbf,0xee,0xfe,0xff,0xfb,0xfc,0xff,0x7f,0xca,0xbd,0xfd,0xf7,
0xbf,0xf7,0x1e,0x0f,0x09,0xbf,0xf4,0xff,0xfe,0xf7,0xfe,0xfd,0xff,0xfa,0xfa,0xbf,
0xff,0xf7,0xd6,0xff,0x13,0x54,0x09,0xfb,0xff,0xff,0xee,0xfe,0xff,0xfd,0xff,0xfe,
0xfb,0xfa,0xfb,0x0b,0xac,0x44,0x68,0x19,0xfc,0xff,0xd5,0xfb,0xfe,0xff,0x8d,0x6e,
0x85,0xff,0x7f,0x5f,0xff,0xcb,0xff,0xf6,0xce,0x6f,0x02,0x81,0xe1,0xe9,0xf7,0xdf,
0xed,0xff,0x9d,0xbe,0xff,0xff,0x28,0x3f,0xf8,0xff,0x45,0x8f,0xb3,0x81,0xdf,0xbb,
0x7e,0x76,0x7f,0xfb,0xc1,0xc0,0xf0,0xcf,0x5f,0x8b,0x07,0xd8,0xdb,0xdf,0xfb,0x7f,
0x8c,0x0d,0xfc,0xff,0xff,0xfb,0xfd,0xff,0xf3,0xff,0xf7,0xef,0xff,0xff,0xd6,0xfd,
0xff,0xbf,0xb2,0xff,0x7f,0x6c,0xbb,0xfc,0x86,0xff,0xfd,0xac,0x7f,0xfe,0xfb,0xfd,
0xfe,0x0f,0x9f,0x41,0xcc,0x0d,0xfc,0xbf,0xee,0xfb,0xff,0xef,0xf3,0xff,0xcf,0xaf,
0x17,0x00,0x5c,0xf8,0x5e,0x05,0x80,0xff,0xdf,0xa8,0x3f,0xf8,0xbd,0xff,0xf7,0xbf,
0xf6,0xef,0x1f,0x73,0x17,0x00,0x70,0xb8,0xbf,0x08,0xc0,0x20,0x54,0xf8,0xfb,0xff,
0xf7,0xab,0xbb,0x43,0xd6,0xfd,0x4e,0xbb,0xe1,0x8c,0xd9,0xf9,0x18,0x66,0x66,0xcc,
0xf8,0x1e,0x73,0x65,0x66,0x32,0x9b,0x3b,0x66,0x96,0x99,0x9b,0x2d,0xf3,0xff,0xcf,
0xff,0xff,0xae,0xdb,0xb9,0x1b,0x46,0x65,0x63,0xcc,0xee,0x6e,0xad,0xd2,0xdd,0xb9,
0xeb,0xee,0x53,0xba,0xdb,0xad,0xab,0x7b,0x8f,0x74,0x77,0xb7,0xda,0xed,0xee,0x98,
0x33,0xf0,0xbf,0xff,0xed,0xaf,0xff,0x3b,0x30,0x24,0x42,0xc3,0xc0,0xff,0xaf,0x9f,
0xff,0xf7,0xb7,0x98,0x33,0xf0,0xff,0x77,0x1f,0x89,0x09,0xfc,0x7d,0xff,0xfd,0xff,
0xff,0xf9,0xff,0xaf,0xf7,0xfb,0xff,0xe7,0xff,0xef,0xcf,0x5f,0xff,0x6f,0x38,0x1a,
0xf8,0xff,0xfd,0xf3,0xff,0xff,0xe7,0xff,0xf7,0x3f,0x1e,0x13,0xf4,0xfe,0xfb,0xbb,
0xfb,0xf7,0x0f,0xc8,0x87,0x40,0x30,0xd0,0xf7,0xff,0xaf,0x7f,0xf7,0xdf,0xdf,0xfb,
0x9f,0xff,0x7b,0x7f,0xbf,0xff,0xff,0xfe,0xff,0xf6,0xfd,0xff,0xff,0x46,0x62,0x82,
0xff,0xff,0x3e,0xff,0xff,0xff,0x7e,0xf7,0xfd,0xfd,0xff,0xfd,0xfa,0x7f,0x7f,0xf5,
0xff,0xff,0x1f,0x42,0x06,0x7e,0xff,0xff,0xfc,0xfe,0xfb,0x47,0x41,0x82,0xbf,0xff,
0x7f,0x7f,0xff,0xf7,0xf6,0x7d,0xf7,0xed,0xbe,0xff,0xf9,0x7f,0xff,0xd7,0xfb,0xff,
0xae,0xef,0xef,0xdf,0xff,0xb3,0xae,0xff,0xdf,0xff,0x78,0x34,0xd0,0xeb,0x7e,0xe7,
0xdd,0xff,0x3f,0xe8,0x12,0xfc,0xdf,0xf7,0xfb,0xfb,0xff,0x77,0xfd,0xfb,0x1f,0xa3,
0x06,0x7e,0x6f,0xff,0xfd,0xff,0x79,0xbb,0xbf,0xee,0xb5,0x7f,0x7b,0xef,0xed,0xff,
0xdf,0xff,0xee,0xbf,0xef,0xbf,0x3f,0x7f,0xff,0x7e,0x76,0xff,0x7e,0xe3,0x54,0x22,
0x18,0x19,0xc2,0x27,0x21,0x08,0x2a,0xfc,0xff,0xee,0x87,0xd5,0x46,0x68,0x79,0x84,
0xad,0x81,0xf9,0xff,0x7f,0x7f,0xff,0xff,0xbe,0x4a,0xff,0x83,0x00,0xc3,0xff,0x7f,
0x9b,0xff,0xff,0x7f,0xaf,0xff,0xff,0x31,0x86,0xe1,0xbf,0xee,0x3f,0x10,0x36,0x82,
0xca,0xc0,0xab,0xea,0x7f,0x10,0x57,0xf8,0xff,0x45,0x0f,0x18,0x83,0xc0,0xc8,0x89,
0x0f,0x12,0xff,0xff,0xef,0x74,0xff,0xff,0x83,0xba,0xc2,0xef,0xf9,0x7f,0x50,0x1b,
0x04,0x8a,0x87,0xaf,0xdc,0x7f,0xff,0xdf,0x7f,0x21,0xc3,0xe0,0xff,0xef,0xdf,0xdf,
0xff,0x83,0xff,0xdb,0x7e,0xff,0xff,0x69,0xfe,0xff,0xff,0xad,0xfe,0xff,0xfb,0xfd,
0xfb,0xf7,0xff,0xff,0x1b,0x70,0x0c,0xfe,0x1f,0xfe,0xbd,0xfe,0xff,0xfb,0xef,0xfb,
0xf7,0xff,0xd5,0x1b,0xe4,0x15,0x1e,0xfe,0x7f,0xb1,0xff,0xff,0xdb,0xfb,0xff,0x0f,
0xf4,0x0a,0x7f,0xff,0x0f,0xa1,0x67,0xe0,0xff,0xff,0x9f,0xef,0xcc,0x0c,0xf3,0xb1,
0x33,0x66,0x33,0xb3,0x01,0xf7,0x20,0xf7,0x3f,0x33,0xde,0x0d,0xdc,0xdd,0x5d,0x49,
0xbb,0xbb,0x0b,0xb8,0x07,0x9d,0xdd,0xb5,0xfe,0xbb,0xff,0xfd,0xfd,0xff,0xdb,0xff,
0xfd,0x0f,0x0c,0x09,0x7f,0xff,0xff,0xfe,0x6f,0xbf,0x03,0x37,0xc1,0xff,0x5f,0xbf,
0xdf,0xfe,0x5e,0xff,0xff,0xdf,0xd1,0xca,0xe0,0xf7,0xff,0x3e,0xf6,0x25,0xf8,0xfb,
0xfe,0x0f,0x33,0x06,0xf1,0x26,0x21,0xfe,0x25,0xe8,0x7f,0xfd,0xf7,0xff,0xff,0xa7,
0xff,0xbf,0x9f,0xef,0xff,0xbf,0xdf,0xbd,0xff,0x08,0x98,0xe0,0xfd,0xf7,0xdf,0xfb,
0x7f,0x5f,0x90,0x30,0xf0,0xff,0xf7,0x1b,0xa8,0x0c,0xfc,0xfd,0xfe,0x47,0x41,0x86,
0x80,0x63,0x10,0x9a,0x0c,0xfc,0xff,0xfe,0xfb,0xf3,0xd7,0xb3,0xef,0xff,0xef,0xf6,
0xff,0xdf,0xff,0xdf,0xbf,0x6f,0xff,0x5d,0xff,0xfd,0xff,0xb1,0x30,0x81,0xef,0x7f,
0xbf,0xdf,0xff,0x7f,0xf7,0x6f,0xff,0x4e,0xff,0x7f,0xfd,0x7f,0xef,0xf9,0xfb,0xf7,
0x8f,0x40,0x06,0x41,0x2f,0x21,0x32,0x18,0xf8,0xfb,0xff,0xf7,0xff,0xfa,0xef,0xff,
0xef,0xcf,0xff,0xf7,0xbf,0xde,0xff,0xfe,0x30,0x95,0x10,0x18,0x0c,0xfc,0xbd,0xb3,
0xb9,0xaf,0xfa,0xf7,0xfb,0xff,0xed,0xfe,0xef,0x9f,0xbf,0xff,0x6f,0x20,0x78,0x70,
0xfb,0xff,0xeb,0xfb,0xef,0x3f,0x7a,0x19,0xf8,0xfb,0xdf,0xb7,0xff,0xfb,0xef,0xe7,
0xff,0xcf,0xff,0xff,0x7f,0x48,0x30,0xf0,0xff,0xe7,0x6b,0xff,0x5f,0x9f,0xdf,0xff,
0x7b,0x7c,0x34,0xf0,0xee,0xfd,0xee,0xf7,0x7f,0x3e,0x20,0x30,0xf8,0xab,0xdd,0xf7,
0xff,0xff,0x17,0xd9,0x12,0xfc,0xd7,0xf7,0xc6,0xc5,0x84,0x28,0x67,0xe0,0xf7,0xfd,
0xd7,0xb6,0xdf,0x7f,0x5c,0x32,0xf0,0xf7,0x6f,0xed,0xff,0xf6,0xdf,0xd2,0xff,0x9f,
0xff,0xff,0xbf,0xf0,0x60,0xe0,0xff,0xfe,0xd7,0xff,0xe7,0x6b,0xa4,0x34,0xf0,0xef,
0xff,0xe7,0xff,0xff,0xdf,0x6f,0xff,0x9f,0xff,0xbd,0xff,0x58,0x99,0xe0,0xdb,0x77,
0x3f,0x5a,0x26,0x78,0xff,0xfb,0x77,0xbe,0xfb,0x1b,0x30,0x0d,0x02,0x81,0x01,0xff,
0xff,0x3f,0xb7,0xff,0xe7,0x7c,0xde,0xfe,0xfd,0xfe,0xff,0xfa,0xff,0xdf,0xf7,0xf7,
0xed,0xef,0x7f,0xb6,0x1f,0xff,0x7f,0x9e,0xff,0xff,0x5f,0xab,0xff,0xff,0xfe,0xff,
0xfe,0xfd,0xbf,0xfb,0xba,0xfe,0xff,0x8f,0x9a,0x06,0xfe,0xfb,0xff,0xf8,0xe6,0xbf,
0xfb,0xfd,0xdf,0xf7,0x5f,0xf7,0x1f,0x37,0x13,0xfc,0xfe,0xfa,0xfa,0x6b,0xa7,0x0b,
0x1f,0x09,0xde,0xb7,0x77,0x63,0x46,0x82,0xff,0xff,0x3f,0xff,0xff,0xfb,0x56,0xfb,
0xef,0xf5,0xf7,0xfd,0xfb,0xfb,0xff,0xf5,0xff,0x7f,0xee,0xef,0xef,0x3f,0x6a,0x18,
0x44,0x3f,0x06,0xba,0xe7,0xbc,0xa1,0xc7,0xc0,0xbf,0xfc,0x9f,0xf7,0xed,0x7f,0xbd,
0xff,0x7c,0xfe,0xff,0xfe,0xfd,0xff,0xdb,0x46,0x51,0x03,0x9b,0xab,0xe5,0x36,0xb7,
0xcd,0xe2,0x96,0x81,0xfe,0xbf,0x5f,0xe7,0xad,0xab,0xfc,0xf7,0xff,0x03,0x4e,0x02,
0xff,0xff,0x33,0xb5,0xff,0x7f,0xce,0xf6,0xfe,0xfd,0xfd,0xff,0xfa,0xff,0x7f,0xf6,
0xe7,0xc5,0x4f,0xfb,0xf6,0x3f,0x08,0x1a,0x68,0xfd,0xff,0xf7,0xfd,0xe7,0xef,0x7f,
0x00,0xd4,0xf8,0x80,0x28,0xb0,0xff,0x0f,0xff,0xbf,0xff,0xfe,0xfa,0xff,0x2c,0x34,
0x9c,0xc0,0xad,0xf3,0xf7,0x9f,0xf6,0xef,0xff,0xff,0xd5,0xff,0xff,0xaf,0x3f,0xff,
0x7f,0x03,0xa0,0x77,0x06,0x4c,0xc1,0xfc,0x7f,0xf8,0xfb,0xfd,0xff,0x17,0xff,0xd7,
0xe2,0x41,0x04,0xd7,0x9f,0xdf,0xbf,0xbe,0xff,0x7f,0x5f,0xb5,0xff,0xfe,0xff,0xff,
0xfc,0xff,0x13,0xfb,0xfd,0x1f,0x00,0x56,0xf6,0xef,0xeb,0xff,0xd7,0xff,0xbf,0x8f,
0xbf,0x0f,0x1c,0xf8,0xb9,0x75,0xfe,0xfe,0xd7,0x82,0x67,0x82,0x7f,0x06,0x53,0xff,
0x23,0x06,0xfe,0xfe,0xbf,0x82,0x80,0x81,0x8f,0x1f,0x7c,0xb9,0x7f,0x7f,0x31,0xc2,
0x20,0xe0,0x18,0x90,0x99,0x8d,0x97,0x63,0x66,0x86,0x99,0xe7,0x51,0x6e,0x66,0x26,
0x86,0xb9,0x42,0xcc,0x99,0xb8,0xfe,0x73,0xff,0x03,0x4e,0x82,0xbb,0x3b,0x1b,0xb3,
0xbb,0x71,0xee,0xec,0xba,0xf5,0x94,0xee,0xea,0xee,0x6a,0xb6,0xe7,0x9d,0x2c,0xb3,
0xf7,0x5f,0xf7,0xff,0x5f,0xfc,0x4c,0xf0,0xbf,0xff,0xeb,0xfc,0xf7,0x3d,0xb4,0x1a,
0xf8,0x73,0xfb,0xf3,0xfe,0xff,0xef,0xf5,0x7f,0x3f,0xce,0x1a,0xe8,0xf7,0xff,0xf7,
0xf7,0xff,0xef,0xeb,0xf7,0xdf,0xf7,0xba,0x9e,0xff,0xef,0x7f,0xbf,0xf7,0xff,0xfc,
0xff,0xde,0x7d,0x7f,0xf3,0x06,0x0c,0x06,0xfb,0xff,0xfb,0x7e,0xf7,0xff,0xf8,0xdf,
0xed,0xfb,0xff,0xff,0xf5,0xff,0xbf,0x1e,0x7b,0x0c,0x82,0x8c,0x81,0x57,0xff,0xff,
0x18,0x92,0x10,0xaa,0x0c,0xfc,0xfb,0xff,0x79,0xff,0xff,0xf7,0xfb,0xff,0xe7,0xbf,
0xef,0xdf,0xff,0xef,0x6b,0xa4,0x31,0xf0,0xf5,0x7b,0xef,0xad,0xdf,0x2e,0x18,0x18,
0xf8,0xff,0xfb,0xf7,0xfe,0xd5,0xeb,0xbf,0xff,0x3f,0xc0,0x19,0xb8,0xff,0xff,0xf3,
0xeb,0xff,0xab,0xf7,0xff,0xdf,0xff,0xdf,0xbd,0xff,0xef,0x5b,0xeb,0xfd,0xf7,0xec,
0xfe,0xfb,0xfd,0xff,0xfe,0xeb,0xfb,0xff,0x0b,0x87,0x06,0xee,0xff,0xfc,0xfd,0x7d,
0xff,0xda,0xff,0xdf,0x77,0xf7,0xff,0xed,0x7f,0xf7,0xd7,0x7f,0xdf,0x9f,0xff,0xff,
0xff,0xc0,0x66,0xe0,0xdf,0xff,0xd7,0xb9,0xdd,0xbe,0xbf,0xbd,0x7f,0x7e,0xbb,0xfd,
0x7e,0xff,0xfd,0xfc,0x7f,0xff,0xfb,0xed,0xff,0xd7,0xff,0xf7,0xeb,0xfd,0xb5,0x37,
0xf0,0x24,0xf8,0xbf,0xff,0xf3,0xfd,0xf7,0xad,0x75,0xff,0x5f,0xff,0xdd,0xbd,0xff,
0xef,0x59,0xaf,0xfd,0x77,0xf2,0xfe,0xfd,0xfd,0xff,0xfe,0x05,0x1b,0x03,0xbf,0xff,
0xff,0xfc,0xff,0xf8,0xfc,0x57,0xff,0xfa,0xff,0x7f,0xf3,0xb7,0xab,0xed,0xff,0xb7,
0xdf,0xff,0xff,0x9b,0xff,0x5d,0xfb,0xe0,0x6a,0xe0,0xff,0xff,0xd7,0xdd,0xff,0xbd,
0xbf,0xff,0x5e,0xff,0xbe,0xfb,0xfe,0xfd,0xf7,0xf4,0xbf,0xff,0xaa,0xbd,0xff,0x77,
0xff,0xf7,0xef,0xff,0xbf,0xd7,0x7f,0xfd,0x7f,0xe0,0x34,0xf0,0x7f,0xff,0xe7,0xbf,
0xff,0x57,0xee,0xff,0xae,0xff,0xb7,0x7e,0xff,0xff,0xbf,0xfa,0xbf,0xff,0xbd,0xfd,
0xbb,0xbb,0xfd,0xfd,0x0f,0xb2,0x06,0x7e,0xf7,0xfe,0xfd,0xff,0xed,0xf3,0x31,0x7f,
0xf5,0xfe,0xff,0x8e,0x6f,0x37,0xc7,0x7f,0xeb,0xbd,0xff,0xfd,0x3f,0xff,0xb7,0xfe,
0x6e,0xff,0xd7,0xfd,0xef,0xfd,0xfb,0xff,0x2a,0xf5,0xff,0xff,0xee,0xef,0xf7,0xdf,
0xe7,0xef,0xbf,0xdd,0xff,0x37,0xfb,0xff,0xbf,0x76,0x7f,0xf7,0xf5,0xff,0xfd,0xf9,
0xfd,0xfb,0x55,0xbf,0xff,0x2f,0xed,0xff,0x5f,0xff,0xeb,0x9f,0xba,0x7e,0x3f,0x77,
0x7f,0xfb,0x7e,0xff,0xfe,0xfd,0xfd,0xb9,0xfb,0xf7,0xff,0xe5,0xff,0x7e,0x1e,0x47,
0x0d,0xfc,0xfd,0xf7,0xf9,0xff,0xff,0x52,0xbb,0xdf,0x6f,0xff,0xed,0xdf,0xfd,0xff,
0xaf,0xef,0xfe,0x77,0x7f,0xff,0xff,0xfe,0x5f,0xdf,0xdd,0xff,0xbe,0x79,0xeb,0xdf,
0xb3,0x5b,0xff,0xed,0x3f,0xed,0xdf,0x7f,0xaf,0xaa,0xbf,0xbf,0x7b,0x7d,0x33,0xfb,
0x3a,0x7d,0xfb,0xdd,0xaf,0xef,0xc9,0xff,0xff,0xd6,0xfb,0xdd,0xef,0xfb,0xef,0xdf,
0xee,0xec,0x2f,0xff,0xfd,0x7f,0x75,0xff,0xff,0xfe,0x7f,0xef,0xdd,0xff,0xbf,0xf9,
0xff,0xbb,0xf7,0xfb,0xff,0xef,0xff,0xee,0xdd,0xff,0xbf,0xaf,0xfd,0xdf,0xfb,0xe8,
0x68,0x10,0x24,0x12,0xfc,0xff,0xf5,0xbb,0xff,0xff,0xf5,0xfe,0xff,0x8d,0xef,0xff,
0xdf,0xbf,0xeb,0xbd,0xff,0xdf,0x3b,0xff,0xfb,0xef,0x66,0xff,0xdd,0xe3,0xb5,0x81,
0x59,0x5d,0x75,0x76,0xab,0xea,0x7c,0x7e,0xff,0xed,0x9f,0xbd,0xb1,0xff,0xff,0xb7,
0xeb,0x9f,0xee,0x75,0xef,0xcb,0x8d,0x5b,0xaf,0x7f,0xfb,0x7f,0x7f,0xff,0xff,0xde,
0x6d,0xff,0xfc,0xf5,0xff,0xb9,0xfb,0x1b,0xe7,0xfb,0xfd,0x6f,0x5b,0x2e,0xd9,0xbf,
0xaf,0xad,0xcf,0xff,0x6a,0x77,0xff,0xf9,0xfe,0x77,0xdd,0x75,0xfe,0xef,0xf9,0xff,
0xe7,0xf7,0xfb,0x5f,0xef,0xbe,0xad,0xdb,0xfd,0xf7,0xaf,0xb6,0xba,0x7f,0x7d,0xff,
0xff,0xbe,0x5a,0xc7,0xdd,0xee,0xbd,0xf9,0xfd,0x8f,0x65,0xfb,0xb7,0x17,0x74,0x0d,
0x30,0x3f,0x7f,0xfb,0xfb,0xff,0x04,0xfc,0x1b,0xcf,0x31,0x0c,0x0e,0xf0,0xff,0xbf,
0x56,0xff,0x70,0x00,0x63,0x0b,0x00,0x20,0x60,0xcd,0x63,0xfe,0x6b,0xfb,0xff,0xe7,
0x7f,0xca,0xcc,0xf9,0xff,0xcf,0xee,0x27,0xb2,0xdf,0xf8,0x47,0x01,0x60,0xc4,0xfe,
0x3d,0x68,0xe9,0x06,0x0b,0x18,0x7b,0x01,0x81,0x80,0xba,0x0f,0xe0,0xbf,0xcf,0xff,
0xff,0x97,0x5e,0xe0,0x61,0xfa,0x67,0xff,0x3a,0x00,0x7a,0xc5,0x07,0x16,0x00,0x83,
0xf9,0xf7,0x37,0x6b,0x00,0x1c,0xe8,0xcd,0x83,0x40,0x04,0xdc,0xbb,0x00,0xff,0x6b,
0xff,0xfe,0xff,0x77,0x01,0x0f,0xfb,0x07,0x01,0x03,0x83,0x05,0x60,0x68,0xfe,0x3f,
0xc9,0x12,0x81,0x02,0x78,0x7b,0x00,0x91,0x88,0xeb,0x17,0xf0,0xdf,0xdf,0xff,0xbf,
0xdf,0x5f,0x48,0x93,0xe6,0x67,0xde,0x8d,0x66,0xc8,0xee,0x8f,0x11,0x37,0x73,0xc7,
0xb7,0x98,0x6b,0x14,0xb7,0xd1,0xdd,0x65,0xa6,0x5d,0xdc,0x7f,0x9b,0xff,0x77,0xfe,
0xff,0xff,0xdd,0x8e,0x8c,0x90,0x2a,0x3b,0x63,0x63,0x76,0x2b,0xb7,0xee,0x8e,0x1c,
0x72,0x9f,0xda,0xdd,0x4c,0x1d,0x99,0x73,0x2c,0xbb,0x33,0xf5,0xfe,0x27,0xc7,0x74,
0x03,0xdd,0xdf,0xdf,0xfe,0xfe,0x9f,0xfd,0xff,0x7e,0xfb,0xfd,0xff,0x73,0xff,0xff,
0x1f,0xc4,0x0d,0xb8,0xff,0xdf,0xfa,0xfd,0xff,0xf7,0xf7,0xff,0xaf,0xff,0xb7,0xdf,
0xfb,0xff,0x5f,0x58,0x37,0xa0,0x3f,0xf7,0xab,0xf7,0xbf,0xd7,0xf7,0xf7,0xbf,0xbf,
0xff,0x72,0xde,0xbe,0xff,0x41,0xc7,0xc0,0xef,0xff,0x3f,0xf5,0xb7,0x5e,0xaa,0xff,
0xbd,0xf6,0xff,0xaf,0xfc,0xfd,0xef,0xfb,0x7f,0xb5,0xf3,0xbf,0xbd,0xe7,0xff,0xf7,
0xdd,0x6f,0xff,0x7d,0x80,0x33,0xf0,0xff,0xfd,0xef,0xaf,0xff,0xdf,0x7f,0xaf,0xbf,
0x7f,0x69,0x3b,0xff,0xfe,0xff,0x56,0xaf,0x7e,0xfd,0xff,0xfd,0xfb,0xfe,0xfd,0xf5,
0xff,0xf6,0xef,0xef,0xff,0xdf,0xef,0xab,0x7f,0x64,0x37,0xf0,0xbb,0xff,0xef,0xbf,
0xef,0xd7,0xf7,0xff,0xaf,0xff,0xff,0x77,0x7b,0xff,0xf5,0xfe,0x7e,0xff,0x83,0x9b,
0x81,0xdf,0x7d,0x7f,0xf7,0x6f,0xdb,0xfe,0x7f,0x6d,0xfd,0xff,0xff,0xfb,0xfb,0xcf,
0xf7,0xff,0xeb,0xef,0xff,0xbe,0xcf,0xef,0xff,0x7d,0xac,0x4f,0xf0,0xbd,0xff,0xef,
0xef,0xff,0xce,0xfa,0xeb,0xbe,0xff,0xf7,0x3f,0xbf,0xff,0xff,0x7e,0xff,0xbf,0xfd,
0xfd,0xfd,0xdb,0xff,0xfd,0x0d,0xde,0x09,0x6a,0xf7,0xdf,0xf0,0xdb,0xfb,0xf9,0xfd,
0xdf,0xf7,0xef,0xf7,0xef,0xf5,0xff,0xd7,0xbe,0xfe,0xbf,0xb7,0xf7,0x73,0xde,0xbb,
0xff,0xc1,0xc8,0xc0,0xef,0xfa,0xbf,0xf7,0xbf,0x5f,0x7f,0xdb,0xb5,0xf6,0xff,0xef,
0xfd,0xfd,0xd5,0xfb,0xff,0xfd,0xf7,0x7d,0xd7,0xe7,0xf7,0xff,0x3d,0xee,0x27,0x38,
0xbb,0xfb,0xf7,0xf7,0xef,0xef,0xff,0xf7,0xdf,0xef,0xfe,0x9f,0xd7,0xff,0x7f,0xbf,
0xff,0xfb,0xfe,0xed,0xfe,0xe9,0xff,0xff,0xf2,0x77,0xff,0x0f,0xe4,0x0c,0xbc,0xdf,
0xff,0x79,0xaf,0xf5,0xe7,0xbb,0xff,0xcf,0xdf,0xcf,0x9f,0xf1,0x6f,0xad,0xee,0x7f,
0x6b,0x6f,0xff,0x5f,0xda,0x7b,0xff,0x75,0xfd,0xff,0xf9,0xff,0xef,0xf7,0xfb,0xf7,
0xed,0xff,0xef,0xdf,0xff,0x6b,0xaf,0xfd,0xbf,0x37,0x7f,0xf9,0xd7,0xfe,0x7f,0xdf,
0x7d,0xff,0xfe,0xf9,0xff,0xbf,0x0d,0xed,0x0c,0xfc,0xff,0xff,0x3a,0xdf,0xfd,0xf7,
0x77,0x57,0xad,0xff,0xf7,0xdd,0x3f,0xff,0x9f,0x2f,0xff,0x7f,0xad,0xbc,0xfb,0xb4,
0xed,0xfe,0x95,0xee,0xff,0xfa,0xeb,0xfa,0xf7,0xf7,0xff,0xcf,0xab,0x75,0xcb,0x7d,
0xff,0x9e,0xe7,0x7e,0x7f,0xbd,0xf6,0xef,0x74,0xff,0x36,0xfd,0xf7,0xff,0xfa,0xee,
0xff,0xf7,0xf7,0xee,0xeb,0xbb,0xb7,0x3f,0xc0,0x31,0x70,0xfa,0xdf,0xeb,0xfd,0x6f,
0x3f,0xe2,0x31,0xf0,0xe7,0x5f,0xef,0xeb,0xf7,0xde,0xff,0xf7,0x9e,0xdb,0xff,0x77,
0xbf,0x76,0xbf,0xfe,0xff,0xfe,0xfd,0x7f,0xa5,0xfa,0x77,0xf7,0xf7,0xf7,0x77,0xed,
0xf6,0xf7,0xdf,0xdd,0xda,0x9b,0xfd,0x7d,0x7f,0xbb,0xfd,0xff,0xfa,0xff,0xfa,0xbd,
0xf3,0xff,0x62,0xdf,0xff,0x57,0xf7,0xff,0xef,0xdd,0xf5,0xdd,0xff,0xfa,0x9f,0xba,
0xff,0x7f,0xbf,0xef,0xf7,0xfe,0xf7,0xbe,0xfc,0xff,0xd3,0x7a,0x77,0xdf,0xd5,0xf7,
0xfb,0xe7,0xeb,0xf7,0x2f,0x00,0x33,0xf0,0xfb,0x7f,0xef,0xff,0xcf,0xd7,0xde,0xbe,
0xa7,0xfe,0xef,0xdf,0x48,0xd0,0xc0,0x77,0xf7,0x9a,0xf7,0xeb,0x76,0xbd,0xff,0xed,
0xfe,0xff,0xfe,0xfd,0xff,0x7f,0xba,0xfd,0xfe,0xf7,0xf7,0x7f,0xeb,0x6f,0x77,0xdf,
0xff,0xfb,0x9e,0x7f,0xff,0x7f,0xaf,0xdb,0xfd,0xee,0xde,0xfe,0xd9,0xff,0xfb,0xfa,
0x7f,0xff,0xf7,0xf7,0xff,0xef,0xff,0x77,0xcb,0xbd,0xfe,0x9f,0xf7,0xff,0x1f,0xb3,
0xed,0xff,0x7a,0xef,0x26,0xfd,0xff,0xde,0xaa,0xff,0xff,0xb6,0xf6,0xfb,0x25,0xfb,
0xf7,0x1f,0xf3,0xff,0x9f,0xff,0xff,0x7e,0xba,0xf7,0x58,0xda,0xff,0x3a,0x70,0xdf,
0xb7,0xfa,0xbf,0xde,0xf3,0xf7,0xde,0x4f,0xbf,0x55,0xd3,0xfe,0xdd,0x9f,0xb6,0x7a,
0x7b,0xb8,0x6a,0xf7,0x41,0xa2,0x81,0xd7,0xf7,0x7b,0x7b,0xf3,0x23,0xf2,0x7d,0xe5,
0xad,0x1d,0xe7,0xe9,0x93,0xfb,0xa2,0xfb,0xce,0x0a,0xb5,0xee,0x9a,0xea,0xcb,0xaf,
0xff,0xbd,0x7f,0x7f,0xff,0xff,0xbe,0x4a,0x47,0xcc,0x2f,0xff,0xf9,0x33,0x83,0x25,
0x0a,0x3e,0x42,0xcf,0xef,0x45,0xc7,0x47,0x26,0x09,0x89,0x72,0x72,0xab,0x08,0xf0,
0x67,0xeb,0x20,0xfe,0xaf,0xf9,0xff,0xe7,0xf7,0x3a,0x33,0xc3,0xf4,0x6f,0x94,0x0a,
0xac,0x20,0xe8,0x15,0x0f,0x60,0x02,0x1f,0x3e,0x50,0x03,0x48,0xae,0xca,0x79,0x00,
0xc0,0xa1,0xfb,0x87,0xe8,0xbf,0xef,0xdf,0x3f,0x57,0xa5,0xb7,0x17,0x79,0x7b,0x7c,
0xe6,0x86,0x40,0xfb,0xbd,0x6f,0xcb,0x71,0xf0,0xfc,0x17,0x4a,0x41,0xc9,0x1a,0xee,
0x12,0x80,0x01,0xa6,0xba,0xbc,0x7f,0x6b,0xff,0xff,0xf8,0x7f,0xe7,0x80,0x98,0xff,
0x01,0x99,0x01,0x32,0xc8,0xff,0x62,0x43,0x0e,0xc0,0xe7,0x3f,0xa2,0x03,0x4a,0x01,
0x70,0xcf,0x80,0xbe,0x70,0x7d,0x20,0xfe,0xff,0xf9,0xff,0xff,0xd7,0x3b,0x33,0xc3,
0x3d,0xec,0x9d,0xfb,0xe8,0xac,0xbb,0x98,0x33,0x6f,0xcd,0xfa,0x1e,0x5b,0x73,0x29,
0x12,0xc5,0x79,0x66,0x8e,0x95,0xeb,0x9e,0xec,0xff,0xef,0xdf,0xbf,0xff,0xa7,0xbb,
0x3b,0x23,0x69,0x67,0x66,0x4e,0x6e,0x67,0xd5,0xd8,0x99,0xe1,0xee,0xeb,0xb4,0xdb,
0xdd,0x0d,0x79,0x4f,0x5b,0x27,0x63,0xa5,0xdf,0xee,0x7f,0x7f,0xff,0xff,0xfe,0x7b,
0x77,0xed,0x76,0xff,0xf9,0xee,0xfe,0xb7,0xfb,0xfe,0xef,0xff,0xef,0xdd,0xfd,0x7f,
0xab,0x9b,0xbf,0x33,0x7f,0xef,0xee,0xee,0x67,0xfd,0x03,0x1c,0x03,0xbf,0xfb,0x7f,
0xfe,0xdf,0xae,0xbd,0xfd,0xf7,0xfa,0xff,0x6d,0xe5,0x56,0x57,0xeb,0x6f,0x77,0x5f,
0xff,0xfb,0x9b,0xbf,0xfe,0xeb,0x60,0xd2,0xc0,0xff,0xff,0xa7,0xde,0xf5,0x7b,0x7f,
0x7b,0xbb,0xfa,0x7e,0xf7,0x9d,0xff,0xff,0xf9,0xfe,0xff,0xf5,0xfb,0xef,0xeb,0x77,
0xef,0xdb,0xab,0x3f,0xa7,0xff,0xeb,0xff,0x00,0x27,0xc1,0xef,0x5f,0x3f,0xdf,0xfb,
0x3f,0x5d,0x7f,0xff,0xbc,0xff,0x3d,0xed,0xff,0xff,0x47,0x54,0x06,0xae,0xff,0xfb,
0xfc,0xff,0xff,0x7b,0xdd,0xff,0x73,0xff,0xf6,0xce,0xfe,0xef,0xd7,0xff,0xfe,0xbd,
0xbb,0xac,0x7d,0xbf,0xbd,0xfe,0xfa,0xbf,0xff,0x7c,0xf9,0x5f,0xeb,0x7d,0xff,0x0f,
0x90,0x0c,0xfc,0xf7,0xcd,0xfb,0xfb,0xff,0xf7,0x7d,0xdb,0xef,0x7f,0xff,0xcf,0xd7,
0xdf,0xbf,0xdf,0xbf,0x7f,0x9f,0x7f,0xff,0xfe,0xff,0x3f,0x03,0x2a,0x03,0xff,0xbf,
0xef,0xfe,0xff,0xef,0x7c,0xff,0xf7,0x7b,0xbc,0xdf,0x77,0xff,0xf7,0xef,0xfe,0xff,
0x93,0xf7,0x7b,0xbe,0xbf,0xef,0x6f,0xfe,0xbd,0xff,0xf1,0xa5,0x81,0xdf,0xef,0x7f,
0xfd,0x6f,0xfe,0xde,0xff,0x3f,0xed,0xdf,0xd7,0xf3,0xf3,0x77,0xf3,0xf5,0xfb,0xed,
0xf7,0xfe,0xce,0xff,0xff,0xbb,0xdf,0xfb,0xbe,0x18,0xd3,0xc0,0xbf,0xef,0xbb,0xbf,
0xef,0x7f,0xee,0xb7,0xfd,0xfe,0xff,0xff,0x7c,0xed,0xff,0xfb,0xfc,0x77,0xe7,0xf5,
0xf6,0xed,0xfb,0x7f,0x33,0xce,0x64,0xe0,0xff,0x77,0xcf,0xf6,0xff,0xdf,0xff,0x9f,
0x37,0xfd,0xff,0x5f,0xfe,0xfd,0xff,0xfe,0xfe,0x7b,0xfd,0xff,0xfe,0xf3,0xfe,0xff,
0xf3,0xff,0xef,0xef,0xf7,0xdf,0xdf,0xff,0xdb,0xbb,0xf7,0xef,0x4f,0xf7,0x7f,0xfb,
0xde,0xf6,0xff,0xfd,0xbe,0xae,0xfb,0xef,0xcc,0xf3,0x7f,0x7f,0x1d,0x5c,0x25,0xf8,
0xff,0xff,0xf7,0xf7,0x7f,0xef,0xff,0xf7,0xdf,0x7d,0xef,0x9d,0xfb,0xff,0x7f,0xbd,
0xf5,0xdd,0xba,0xfe,0xfe,0xf5,0xff,0x77,0x06,0x91,0x06,0xfa,0x7f,0xff,0xf9,0xfb,
0xff,0xb1,0xff,0xdf,0x56,0xfb,0xfe,0xeb,0xff,0xaf,0x5d,0xfe,0xff,0x2b,0xff,0xff,
0x7f,0x79,0xff,0x7b,0xae,0x7f,0xff,0x62,0x20,0x03,0xa5,0xfe,0xfb,0xfe,0xff,0xee,
0xfd,0xf7,0x7f,0xfa,0xbf,0xf7,0xf7,0xe7,0xfd,0xab,0xff,0xf5,0x5f,0xbf,0xbf,0x9d,
0x7f,0xdb,0x7b,0xbf,0x7d,0xed,0xfe,0xf7,0xfe,0x03,0x38,0x03,0x77,0xff,0xfd,0xfe,
0x7f,0xff,0x7d,0x7f,0xff,0xb9,0xef,0xff,0xf7,0x5b,0xfd,0xeb,0xfe,0xef,0xdf,0xf7,
0xef,0x6f,0x40,0x69,0xe0,0xab,0xf4,0xce,0xdf,0xfd,0x9f,0xbf,0xbb,0x3d,0xbb,0xf7,
0xbf,0xee,0xde,0xee,0xfd,0xff,0xf7,0xba,0xff,0xdf,0xf6,0xf7,0xfd,0x67,0xbf,0xb7,
0xdf,0xdd,0xff,0x9e,0xff,0xff,0x7f,0xaa,0x55,0x69,0xea,0xff,0xfe,0x54,0xf5,0xf7,
0xea,0xff,0xef,0xf7,0xd7,0xbb,0xed,0xff,0xf7,0xdf,0xed,0x9b,0x9b,0xbd,0xff,0x3e,
0xbb,0xfb,0xff,0x41,0xa8,0x81,0xff,0xff,0x3f,0x6f,0xfb,0xff,0xfe,0x7e,0xff,0x7d,
0xbf,0xfb,0xf9,0xf7,0xff,0x76,0xfb,0xef,0xef,0x7f,0xaf,0xdf,0xff,0xeb,0x6f,0x2c,
0x9a,0xc0,0xff,0xff,0xcf,0xfe,0xef,0xb6,0xdc,0xeb,0x5f,0xfd,0x6f,0xbf,0xee,0xff,
0x76,0xfd,0xff,0xf7,0x7b,0xfb,0xfc,0x0e,0x30,0x13,0xfc,0xf6,0xe7,0xfb,0xff,0xcb,
0xf7,0x8d,0xbf,0xeb,0xfe,0xb7,0xdf,0x93,0x0e,0x9d,0xfd,0x5d,0x73,0xff,0xf3,0x7e,
0xfc,0x2a,0xd9,0xfd,0xfe,0xbd,0xfb,0xff,0xfb,0xf7,0xff,0xaf,0x6b,0xf7,0xdd,0xdd,
0xdd,0xbd,0xbb,0xfb,0xdb,0x75,0x77,0xc3,0x77,0xee,0x7f,0xff,0xd5,0x7e,0x3f,0x7a,
0xcf,0x7b,0xf7,0x36,0xbb,0xcb,0xfd,0xf6,0xdf,0xd5,0xff,0xbf,0xff,0x5f,0x33,0x36,
0x73,0x6f,0xfe,0x62,0x3e,0xf0,0xf6,0x3f,0xfb,0xf3,0xeb,0xb6,0xfd,0xed,0xaa,0x9f,
0x9f,0xd3,0xd1,0xe6,0xbf,0x6f,0xde,0x7f,0xdd,0xff,0x7f,0xfe,0xff,0xb9,0x94,0x82,
0x14,0x48,0x3e,0x0b,0xc0,0x01,0x2c,0xab,0x7c,0x40,0x0d,0x96,0xbc,0xa6,0x0f,0x50,
0x33,0x6e,0x20,0x61,0x1e,0x80,0x86,0xd4,0xd6,0x81,0x07,0x1c,0x06,0x40,0x08,0xd0,
0x99,0x65,0x50,0x00,0x9e,0xad,0x36,0x00,0x80,0x07,0x07,0xf2,0x0f,0xaf,0x99,0x3b,
0x96,0xb1,0x06,0x0f,0x4b,0xbd,0xfe,0x1f,0xff,0xfd,0xfd,0xff,0xe3,0xaa,0x15,0x80,
0x0c,0x7e,0x26,0x8c,0xe2,0x99,0xef,0xfe,0x02,0xf7,0xbf,0x48,0x1c,0x1f,0xbe,0x0e,
0x49,0x01,0x80,0x3d,0xc3,0x0b,0xf3,0xad,0x03,0xf0,0xbf,0xe6,0xff,0x9f,0xdf,0xef,
0x00,0x32,0xf0,0xbb,0x3d,0x04,0xfd,0xbf,0xf6,0x07,0xde,0x78,0x41,0xc2,0xf8,0xd3,
0x75,0x46,0xda,0x20,0xe6,0x09,0x3e,0x8d,0xef,0x1f,0x42,0xac,0x6a,0x60,0x44,0xc5,
0xdc,0xd0,0x9d,0x99,0x11,0xdd,0x79,0x35,0x67,0x6e,0xac,0xf9,0x1e,0xe5,0x76,0xd7,
0x62,0xb6,0x7b,0x06,0xbc,0x99,0x4b,0x0f,0xe6,0xdf,0xdf,0xff,0x3f,0xff,0xdf,0x3b,
0x72,0x57,0x6d,0xe6,0x66,0xee,0xcc,0xee,0x9e,0x99,0x3b,0x63,0xd6,0x53,0x93,0xab,
0x3b,0x23,0xd3,0x9c,0x26,0xa7,0x64,0xda,0xff,0x20,0xce,0xc0,0xef,0xff,0xb6,0xe7,
0xbf,0x7f,0xfe,0xfb,0xbd,0xde,0xff,0xff,0x7d,0xd9,0xff,0xfb,0xff,0xfd,0x77,0xf3,
0xef,0xe5,0xff,0x7c,0xdf,0xec,0xdf,0x4d,0xdc,0x6a,0xa0,0xff,0xfb,0xdf,0x5f,0xbb,
0x9f,0xbf,0xdf,0x7c,0x7b,0xef,0x7f,0xce,0xed,0xff,0xfd,0xee,0xff,0x6b,0xff,0xfb,
0xb7,0xef,0xdf,0xeb,0x7f,0xfa,0xdf,0xd7,0xff,0xbf,0xff,0xdf,0x6d,0xff,0xf7,0x6f,
0x11,0x9a,0x81,0x7e,0xbf,0x3f,0xff,0xff,0xaf,0xbe,0xab,0xff,0x6d,0x7d,0xf7,0x07,
0xa8,0x09,0x5e,0xbd,0xbf,0xbd,0xbf,0xbd,0xfb,0xfb,0xfb,0x75,0xbf,0xff,0xef,0xeb,
0x7d,0xdf,0xff,0xeb,0xbf,0xdf,0xfe,0x3f,0xef,0xf7,0xff,0x7e,0xff,0xeb,0x02,0x0e,
0x03,0xff,0xff,0xff,0xbe,0xf6,0xfd,0xfd,0xdf,0xf6,0xfb,0x9d,0xff,0xb3,0xe7,0xff,
0xef,0x77,0x7b,0xdd,0xfb,0xde,0xbf,0xfe,0xff,0x5d,0xff,0xdf,0xff,0x01,0xa3,0x81,
0xde,0xfd,0x3f,0xdd,0xff,0xdf,0x4e,0xff,0xef,0xfd,0xfe,0xbd,0xf9,0xff,0xef,0x75,
0xff,0x7f,0xeb,0xe8,0xdf,0x9f,0xff,0xef,0x5f,0x90,0x65,0xe0,0xf7,0x7f,0xdf,0xff,
0xdf,0xbf,0xff,0xde,0x5f,0xfb,0xef,0xf7,0xbe,0xee,0x97,0xfd,0xbf,0xfe,0xf9,0xee,
0xf7,0x0b,0x6c,0x18,0xdc,0xff,0xfe,0xfb,0xe3,0xfd,0xd7,0x7e,0x7b,0x6f,0xff,0xff,
0xcf,0xff,0xfb,0xbf,0x55,0xbf,0x7f,0xf9,0x7f,0xff,0xfc,0xff,0x7f,0xfd,0xf5,0xff,
0xfb,0xfa,0xff,0xf7,0xff,0xfb,0xcf,0x7f,0xff,0x2f,0xa8,0x35,0x70,0xfb,0x77,0xea,
0xf7,0xff,0xd7,0xfd,0xef,0x1f,0xad,0xff,0xff,0x28,0x33,0xc1,0xaf,0xff,0x7f,0xb8,
0x64,0xe0,0xff,0xff,0xdf,0xd7,0xff,0x7b,0x64,0x2b,0xe1,0xbf,0xff,0xdf,0xd7,0x7f,
0x7f,0x78,0x6b,0xe0,0xff,0xfd,0x3b,0x72,0x35,0xb0,0xfb,0xff,0x1b,0x95,0x26,0xf8,
0xbf,0xff,0x0b,0x02,0x12,0x42,0x0e,0x86,0xc0,0x22,0x21,0xc8,0x65,0xf0,0xfb,0xfb,
0xef,0xff,0xfd,0x2f,0xb0,0x64,0x08,0xbd,0x0c,0x02,0x52,0x8c,0x08,0x30,0x21,0xe6,
0xab,0x88,0x77,0x13,0xfc,0xfe,0xfb,0x06,0x7b,0x09,0xfe,0xfb,0xff,0xfc,0xfa,0xff,
0x07,0x9a,0x06,0x61,0x98,0x81,0xaf,0xff,0xef,0xa0,0x37,0xc1,0xef,0xff,0xbb,0xff,
0xbf,0xbf,0x20,0xc0,0xc0,0xd7,0xff,0xbf,0xff,0x5f,0x6f,0xfe,0xff,0x6b,0xfe,0xff,
0xcd,0xfd,0xf6,0xbb,0xf9,0x9f,0xcb,0x0f,0xe9,0x0c,0xfc,0xed,0xfe,0x7a,0xfe,0xfd,
0x8f,0x7d,0x25,0x42,0x05,0x03,0xff,0xff,0x7f,0xfe,0xf7,0xff,0x03,0x60,0x03,0xff,
0xfc,0xbf,0xce,0xf3,0xe7,0xfd,0xfd,0xff,0xf3,0x7c,0xfd,0xc7,0xf7,0xff,0x17,0x04,
0x1b,0xf8,0xf9,0x9b,0x97,0xff,0xef,0x1b,0x06,0x30,0x44,0x02,0x18,0x01,0x24,0x58,
0x34,0x80,0x16,0x1a,0x40,0x87,0xce,0x06,0x00,0x04,0x00,0x00,0xfe,0xff,0xff,0x3f,
0xd0,0x06,0x99,0x21,0xc6,0x08,0xc3,0x04,0x83,0x05,0x06,0x0e,0xf8,0xff,0x9f,0xff,
0xfd,0x26,0x04,0x00,0x00,0x03,0x17,0x00,0x00,0x00,0xed,0x00,0x00,0x00,0xfd,0x00,
0x00,0x01,0x05,0x00,0x00,0x01,0x11,0x00,0x00,0x01,0x19,0x00,0x00,0x01,0x25,0x00,
0x00,0x01,0x3d,0x00,0x00,0x03,0x17,0x00,0x00,0x03,0x17,0x00,0x00,0x03,0x17,0x00,
0x00,0x03,0x17,0x00,0x00,0x00,0x0f,0x00,0x00,0x00,0x5f,0x00,0x00,0x00,0x5f,0x00,
0x00,0x00,0x5f,0x00,0x00,0x00,0x5f,0x00,0x00,0x00,0x5f,0x00,0x00,0x00,0x5f,0x00,
0x00,0x00,0x5f,0x00,0x00,0x00,0x5f,0x00,0x00,0x00,0x5f,0x00,0x00,0x00,0x5f,0x00,
0x00,0x00,0x60,0x00,0x00,0x00,0x60,0x00,0x00,0x00,0x60,0x00,0x00,0x00,0x60,0x00,
0x00,0x00,0x60,0x00,0x00,0x00,0x17,0x00,0x00,0x00,0x17,0x00,0x00,0x00,0x17,0x00,
0x00,0x00,0x5f,0x00,0x00,0x00,0x0d,0x00,0x00,0x00,0x0e,0x00,0x00,0x00,0x0f,0x00,
0x00,0x00,0x10,0x00,0x00,0x00,0x00,0x00,0x00,0x00,0x00,0x00,0x00,0x00,0x00,0x00,
0x00,0x00,0x00,0x00,0x00,0x00,0x00,0x00,0x00,0x00,0x00,0x00,0x00,0x00,0x00,0x00,
0x00,0x0c,0x48,0x00,0x00,0x00,0x50,0x00,0x00,0x00,0xa0,0x00,0x00,0x00,0xf0,0x00,
0x00,0x01,0x40,0x00,0x00,0x01,0x90,0x00,0x00,0x01,0xe0,0x00,0x00,0x02,0x80,0x00,
0x00,0x00,0xa0,0x00,0x00,0x00,0xc8,0x00,0x00,0x00,0xf0,0x00,0x00,0x01,0x18,0x00,
0x00,0x00,0x40,0x00,0x00,0x00,0xb7,0x00,0x00,0x01,0x68,0x00,0x00,0x02,0xcc,0x00,
0x00,0x06,0x26,0x00,0x00,0x00,0x00,0x00,0x00,0x0c,0x48,0x00,0x00,0x00,0xb7,0x00,
0x00,0x01,0x68,0x00,0x00,0x02,0xcc,0x00,0x00,0x06,0x26,0x00,0x00,0x00,0xb7,0x00,
0x00,0x01,0x68,0x00,0x00,0x02,0xcc,0x00,0x00,0x06,0x26,0x00,0x00,0x0c,0x48,0x00,
0x00,0x00,0x10,0x00,0x00,0x00,0x10,0x00,0x00,0x00,0x10,0x00,0x00,0x0c,0x48,0x00,
0x00,0x00,0x10,0x00,0x00,0x00,0x10,0x00,0x00,0x00,0x10,0x00,0x00,0x00,0x10,0x00,
0x00,0x08,0x21,0x00,0x00,0x08,0x21,0x00,0x00,0x08,0x21,0x00,0x00,0x08,0x21,0x00,
0x00,0x08,0x21,0x00,0x00,0x08,0x21,0x00,0x00,0x08,0x21,0x00,0x00,0x00,0xa5,0x00,
0x00,0x00,0x00,0x00,0x00,0x00,0x00,0x00,0x00,0x00,0x00,0x00,0x00,0x00,0x00,0x00,
0x00,0x00,0x00,0x00,0x00,0x00,0x00,0x00,0x00,0x00,0x00,0x00,0x00,0x00,0xa5,0x00,
0x00,0x00,0xa5,0x00,0x00,0x00,0xa5,0x00,0x00,0x00,0xa5,0x00,0x00,0x00,0x00,0x00,
0x00,0x00,0x00,0x00,0x00,0x00,0x00,0x00,0x00,0x00,0x00,0x00,0x00,0x00,0x00,0x00,
0x00,0x00,0x00,0x00,0x00,0x00,0x00,0x00,0x00,0x00,0x00,0x00,0x00,0x00,0x00,0x00,
0x00,0x00,0x00,0x00,0x00,0x00,0x00,0x00,0x00,0x00,0x00,0x00,0x00,0x00,0x00,0x00,
0x00,0x00,0x00,0x00,0x00,0x00,0x00,0x00,0x00,0x00,0x00,0x00,0x00,0x00,0x00,0x00,
0x00,0x00,0x00,0x00,0x00,0x00,0x00,0x00,0x00,0x00,0x00,0x00,0x00,0x00,0x00,0x00,
0x00,0x00,0x00,0x00,0x00,0x00,0x00,0x00,0x00,0x00,0x00,0x00,0x00,0x00,0x00,0x00,
0x00,0x00,0x00,0x00,0x00,0x00,0x00,0x00,0x00,0x00,0x00,0x00,0x00,0x00,0x00,0x00,
0x00,0x00,0x00,0x00,0x00,0x00,0x00,0x00,0x00,0x00,0x70,0x00,0x00,0x00,0x00,0x00,
0x00,0x00,0x00,0x00,0x00,0x00,0x00,0x00,0x00,0x00,0x00,0x00,0x00,0x00,0x00,0x00,
0x00,0x00,0x00,0x00,0x00,0x00,0x00,0x00,0x00,0x00,0x40,0x00,0x00,0x00,0x50,0x00,
0x00,0x00,0x60,0x00,0x00,0x00,0x70,0x00,0x00,0x00,0x00,0x00,0x00,0x00,0x00,0x00,
0x00,0x00,0x00,0x00,0x00,0x00,0x00,0x00,0x00,0x00,0x00,0x00,0x00,0x00,0x00,0x00,
0x00,0x00,0x00,0x00,0x00,0x00,0x00,0x00,0x00,0x00,0x00,0x00,0x00,0x00,0x00,0x00,
0x00,0x00,0x00,0x00,0x00,0x00,0x00,0x00,0x00,0x00,0x00,0x00,0x00,0x00,0x00,0x00,
0x00,0x00,0x00,0x00,0x00,0x00,0x00,0x00,0x00,0x00,0x00,0x00,0x00,0x00,0x00,0x00,
0x00,0x00,0x00,0x00,0x00,0x00,0x00,0x00,0x00,0x00,0x00,0x00,0x00,0x00,0x00,0x00,
0x00,0x00,0x00,0x00,0x00,0x00,0x00,0x00,0x00,0x00,0x00,0x00,0x00,0x00,0x00,0x00,
0x00,0x00,0x00,0x00,0x00,0x00,0x00,0x00,0x00,0x00,0x00,0x00,0x00,0x00,0x00,0x00,
0x00,0x00,0x00,0x00,0x00,0x02,0x88,0x00,0x00,0x00,0x00,0x00,0x00,0x00,0x00,0x00,
0x00,0x00,0x00,0x00,0x00,0x00,0x00,0x00,0x00,0x00,0x00,0x00,0x00,0x00,0x00,0x00,
0x00,0x00,0x00,0x00,0x00,0x01,0xf8,0x00,0x00,0x02,0x28,0x00,0x00,0x02,0x58,0x00,
0x00,0x02,0x88,0x00,0x00,0x00,0x00,0x00,0x00,0x00,0x00,0x00,0x00,0x00,0x00,0x00,
0x00,0x00,0x00,0x00,0x00,0x00,0x00,0x00,0x00,0x00,0x00,0x00,0x00,0x00,0x00,0x00,
0x00,0x00,0x00,0x00,0x00,0x00,0x00,0x00,0x00,0x00,0x00,0x00,0x00,0x00,0x00,0x00,
0x00,0x00,0x00,0x00,0x00,0x00,0x00,0x00,0x00,0x00,0x00,0x00,0x00,0x00,0x00,0x00,
0x00,0x00,0x00,0x00,0x00,0x00,0x00,0x00,0x00,0x00,0x00,0x00,0x00,0x00,0x00,0x00,
0x00,0x00,0x00,0x00,0x00,0x00,0x00,0x00,0x00,0x00,0x00,0x00,0x00,0x00,0x00,0x00,
0x00,0x00,0x00,0x00,0x00,0x00,0x00,0x00,0x00,0x00,0x00,0x00,0x00,0x00,0x00,0x00,
0x00,0x00,0x00,0x00,0x00,0x00,0x00,0x00,0x00,0x00,0x00,0x00,0x00,0x00,0x00,0x00,
0x00,0x0c,0x48,0x00,0x00,0x00,0x10,0x00,0x00,0x00,0x20,0x00,0x00,0x00,0x30,0x00,
0x00,0x00,0x40,0x00,0x00,0x00,0x50,0x00,0x00,0x00,0x60,0x00,0x00,0x00,0x80,0x00,
0x00,0x00,0x20,0x00,0x00,0x00,0x28,0x00,0x00,0x00,0x30,0x00,0x00,0x00,0x38,0x00,
0x00,0x00,0x40,0x00,0x00,0x00,0xb7,0x00,0x00,0x01,0x68,0x00,0x00,0x02,0xcc,0x00,
0x00,0x06,0x26,0x00,0x00,0x00,0x00,0x00,0x00,0x0c,0x48,0x00,0x00,0x00,0xb7,0x00,
0x00,0x01,0x68,0x00,0x00,0x02,0xcc,0x00,0x00,0x06,0x26,0x00,0x00,0x00,0xb7,0x00,
0x00,0x01,0x68,0x00,0x00,0x02,0xcc,0x00,0x00,0x06,0x26,0x00,0x00,0x0c,0x48,0x00,
0x00,0x00,0x12,0x00,0x00,0x00,0x12,0x00,0x00,0x00,0x12,0x00,0x00,0x0c,0x48,0x00,
0x00,0x00,0x10,0x00,0x00,0x00,0x10,0x00,0x00,0x00,0x10,0x00,0x00,0x00,0x10,0x00,
0x00,0x08,0x21,0x00,0x00,0x08,0x21,0x00,0x00,0x08,0x21,0x00,0x00,0x08,0x21,0x00,
0x00,0x08,0x21,0x00,0x00,0x08,0x21,0x00,0x00,0x08,0x21,0x00,0x00,0x00,0x20,0x00,
0x00,0x00,0x02,0x00,0x00,0x00,0x04,0x00,0x00,0x00,0x06,0x00,0x00,0x00,0x08,0x00,
0x00,0x00,0x0a,0x00,0x00,0x00,0x0c,0x00,0x00,0x00,0x10,0x00,0x00,0x00,0x00,0x00,
0x00,0x00,0x00,0x00,0x00,0x00,0x00,0x00,0x00,0x00,0x00,0x00,0x00,0x00,0x00,0x00,
0x00,0x00,0x02,0x00,0x00,0x00,0x04,0x00,0x00,0x00,0x08,0x00,0x00,0x00,0x10,0x00,
0x00,0x00,0x18,0x00,0x00,0x00,0x20,0x00,0x00,0x00,0x02,0x00,0x00,0x00,0x04,0x00,
0x00,0x00,0x08,0x00,0x00,0x00,0x10,0x00,0x00,0x00,0x02,0x00,0x00,0x00,0x04,0x00,
0x00,0x00,0x08,0x00,0x00,0x00,0x10,0x00,0x00,0x00,0x20,0x00,0x00,0x00,0x00,0x00,
0x00,0x00,0x00,0x00,0x00,0x00,0x00,0x00,0x00,0x00,0x20,0x00,0x00,0x00,0x00,0x00,
0x00,0x00,0x00,0x00,0x00,0x00,0x00,0x00,0x00,0x00,0x00,0x00,0x00,0x00,0x00,0x00,
0x00,0x00,0x00,0x00,0x00,0x00,0x00,0x00,0x00,0x00,0x00,0x00,0x00,0x00,0x00,0x00,
0x00,0x00,0x00,0x00,0x00,0x00,0x00,0x00,0x00,0x00,0x07,0x00,0x00,0x00,0x00,0x00,
0x00,0x00,0x00,0x00,0x00,0x00,0x00,0x00,0x00,0x00,0x00,0x00,0x00,0x00,0x00,0x00,
0x00,0x00,0x00,0x00,0x00,0x00,0x00,0x00,0x00,0x00,0x04,0x00,0x00,0x00,0x05,0x00,
0x00,0x00,0x06,0x00,0x00,0x00,0x07,0x00,0x00,0x00,0x00,0x00,0x00,0x00,0x00,0x00,
0x00,0x00,0x00,0x00,0x00,0x00,0x00,0x00,0x00,0x00,0x00,0x00,0x00,0x00,0x00,0x00,
0x00,0x00,0x00,0x00,0x00,0x00,0x00,0x00,0x00,0x00,0x00,0x00,0x00,0x00,0x00,0x00,
0x00,0x00,0x00,0x00,0x00,0x00,0x00,0x00,0x00,0x00,0x00,0x00,0x00,0x00,0x00,0x00,
0x00,0x00,0x00,0x00,0x00,0x00,0x00,0x00,0x00,0x00,0x04,0x00,0x00,0x00,0x08,0x00,
0x00,0x00,0x10,0x00,0x00,0x00,0x00,0x00,0x00,0x0d,0x00,0x00,0x00,0x1b,0x00,0x00,
0x00,0x33,0x00,0x00,0x00,0x55,0x00,0x00,0x00,0x02,0x00,0x00,0x00,0x08,0x00,0x00,
0x00,0x20,0x00,0x00,0x00,0x40,0x00,0x00,0x00,0x80,0x00,0x00,0x01,0x00,0x00,0x00,
0x02,0x00,0x00,0x00,0x00,0x02,0x30,0x00,0x00,0x00,0x20,0x00,0x00,0x00,0x40,0x00,
0x00,0x00,0x60,0x00,0x00,0x00,0x80,0x00,0x00,0x00,0xa0,0x00,0x00,0x00,0xc0,0x00,
0x00,0x01,0x00,0x00,0x00,0x01,0x40,0x00,0x00,0x01,0x90,0x00,0x00,0x01,0xe0,0x00,
0x00,0x02,0x30,0x00,0x00,0x00,0x00,0x00,0x00,0x00,0x20,0x00,0x00,0x00,0x40,0x00,
0x00,0x00,0x80,0x00,0x00,0x01,0x00,0x00,0x00,0x01,0x80,0x00,0x00,0x02,0x00,0x00,
0x00,0x00,0x20,0x00,0x00,0x00,0x40,0x00,0x00,0x00,0x80,0x00,0x00,0x01,0x00,0x00,
0x00,0x00,0x20,0x00,0x00,0x00,0x40,0x00,0x00,0x00,0x80,0x00,0x00,0x01,0x00,0x00,
0x00,0x02,0x00,0x00,0x00,0x00,0x00,0x00,0x00,0x00,0x00,0x00,0x00,0x00,0x00,0x00,
0x00,0x02,0x00,0x00,0x00,0x00,0x00,0x00,0x00,0x00,0x00,0x00,0x00,0x00,0x00,0x00,
0x00,0x00,0x00,0x00,0x00,0x00,0x00,0x00,0x00,0x00,0x00,0x00,0x00,0x00,0x00,0x00,
0x00,0x00,0x00,0x00,0x00,0x00,0x00,0x00,0x00,0x00,0x00,0x00,0x00,0x00,0x00,0x00,
0x00,0x00,0x7e,0x00,0x00,0x00,0x03,0x00,0x00,0x00,0x01,0x00,0x00,0x00,0x76,0x00,
0x00,0x00,0x01,0x00,0x00,0x00,0x03,0x00,0x00,0x00,0x00,0x00,0x00,0x00,0x00,0x00,
0x00,0x00,0x00,0x00,0x00,0x00,0x83,0x00,0x00,0x00,0x03,0x00,0x00,0x00,0x06,0x00,
0x00,0x00,0x00,0x00,0x00,0x00,0x00,0x00,0x00,0x00,0x00,0x00,0x00,0x00,0x83,0x00,
0x00,0x00,0x03,0x00,0x00,0x00,0x08,0x00,0x00,0x00,0x83,0x00,0x00,0x00,0x03,0x00,
0x00,0x00,0x0c,0x00,0x00,0x00,0x01,0x00,0x00,0x00,0x01,0x00,0x00,0x00,0x01,0x00,
0x00,0x00,0x03,0x00,0x00,0x00,0x00,0x00,0x00,0x00,0x00,0x00,0x00,0x00,0x03,0x00,
0x00,0x00,0x06,0x00,0x00,0x00,0x03,0x00,0x00,0x00,0x08,0x00,0x00,0x00,0x03,0x00,
0x00,0x00,0x08,0x00,0x00,0x00,0x03,0x00,0x00,0x00,0x0c,0x00,0x00,0x00,0x02,0x00,
0x00,0x00,0x14,0x00,0x00,0x00,0x26,0x00,0x00,0x00,0x94,0x00,0x00,0x00,0x00,0x00,
0x00,0x01,0x26,0x00,0x00,0x00,0x02,0x00,0x00,0x00,0x14,0x00,0x00,0x00,0x26,0x00,
0x00,0x00,0x94,0x00,0x00,0x00,0x02,0x00,0x00,0x00,0x14,0x00,0x00,0x00,0x26,0x00,
0x00,0x00,0x94,0x00,0x00,0x01,0x26,0x00,0x00,0x00,0x00,0x00,0x00,0x00,0x00,0x00,
0x00,0x00,0x00,0x00,0x00,0x01,0x26,0x00,0x00,0x00,0x6d,0x00,0x00,0x00,0x01,0x00,
0x00,0x00,0x6d,0x00,0x00,0x00,0x03,0x00,0x00,0x00,0x00,0x00,0x00,0x00,0x00,0x00,
0x00,0x00,0x72,0x00,0x00,0x00,0x06,0x00,0x00,0x00,0x72,0x00,0x00,0x00,0x08,0x00,
0x00,0x00,0x72,0x00,0x00,0x00,0x08,0x00,0x00,0x00,0x72,0x00,0x00,0x00,0x0c,0x00,
0x00,0x00,0x62,0x00,0x00,0x00,0x00,0x00,0x00,0x00,0x01,0x00,0x00,0x00,0x62,0x00,
0x00,0x00,0x1f,0x00,0x00,0x00,0x04,0x00,0x00,0x00,0x61,0x00,0x00,0x00,0x1f,0x00,
0x00,0x00,0x01,0x00,0x00,0x00,0x00,0x00,0x00,0x00,0x00,0x00,0x00,0x00,0x00,0x00,
0x00,0x00,0x00,0x00,0x00,0x00,0x00,0x00,0x00,0x00,0x00,0x00,0x00,0x00,0x00,0x00,
0x00,0x00,0x00,0x00,0x00,0x00,0x00,0x00,0x00,0x00,0x60,0x00,0x00,0x00,0x01,0x00,
0x00,0x00,0x00,0x00,0x00,0x00,0x60,0x00,0x00,0x00,0x02,0x00,0x00,0x00,0x00,0x00,
0x00,0x00,0x61,0x00,0x00,0x00,0x00,0x00,0x00,0x00,0x01,0x00,0x00,0x00,0x61,0x00,
0x00,0x00,0x01,0x00,0x00,0x00,0x01,0x00,0x00,0x00,0x00,0x00,0x00,0x00,0x00,0x00,
0x00,0x00,0x00,0x00,0x00,0x00,0x00,0x00,0x00,0x00,0x00,0x00,0x00,0x00,0x00,0x00,
0x00,0x00,0x00,0x00,0x00,0x00,0x00,0x00,0x00,0x00,0x00,0x00,0x00,0x00,0x00,0x00,
0x00,0x00,0x00,0x00,0x00,0x00,0x00,0x00,0x00,0x00,0x00,0x00,0x00,0x00,0x00,0x00,
0x00,0x00,0x00,0x00,0x00,0x00,0x00,0x00,0x00,0x00,0x00,0x00,0x00,0x00,0x00,0x00,
0x00,0x00,0x00,0x00,0x00,0x00,0x00,0x00,0x00,0x00,0x00,0x00,0x00,0x00,0x00,0x00,
0x00,0x00,0x00,0x00,0x00,0x00,0x00,0x00,0x00,0x00,0x60,0x00,0x00,0x00,0x00,0x00,
0x00,0x00,0x00,0x00,0x00,0x00,0x61,0x00,0x00,0x00,0x00,0x00,0x00,0x00,0x01,0x00,
0x00,0x00,0x60,0x00,0x00,0x00,0x01,0x00,0x00,0x00,0x02,0x00,0x00,0x00,0x62,0x00,
0x00,0x00,0x00,0x00,0x00,0x00,0x01,0x00,0x00,0x00,0x62,0x00,0x00,0x00,0x0a,0x00,
0x00,0x00,0x81,0x00,0x00,0x00,0x00,0x00,0x00,0x00,0x00,0x00,0x00,0x00,0x00,0x00,
0x00,0x00,0x62,0x00,0x00,0x00,0x00,0x00,0x00,0x00,0x01,0x00,0x00,0x00,0x00,0x00,
0x00,0x00,0x00,0x00,0x00,0x00,0x00,0x00,0x00,0x00,0x00,0x00,0x00,0x00,0x00,0x00,
0x00,0x00,0x00,0x00,0x00,0x00,0x00,0x00,0x00,0x00,0x00,0x00,0x00,0x00,0x00,0x00,
0x00,0x00,0x00,0x00,0x00,0x00,0x00,0x00,0x00,0x00,0x00,0x00,0x00,0x00,0x00,0x00,
0x00,0x00,0x00,0x00,0x00,0x00,0x00,0x00,0x00,0x00,0x60,0x00,0x00,0x00,0x00,0x00,
0x00,0x00,0x00,0x00,0x00,0x00,0x61,0x00,0x00,0x00,0x00,0x00,0x00,0x00,0x01,0x00,
0x00,0x00,0x00,0x00,0x00,0x00,0x00,0x00,0x00,0x00,0x00,0x00,0x00,0x00,0x00,0x00,
0x00,0x00,0x00,0x00,0x00,0x00,0x00,0x00,0x00,0x00,0x00,0x00,0x00,0x00,0x00,0x00,
0x00,0x00,0x00,0x00,0x00,0x00,0x00,0x00,0x00,0x00,0x00,0x00,0x00,0x00,0x00,0x00,
0x00,0x00,0x60,0x00,0x00,0x00,0x02,0x00,0x00,0x00,0x00,0x00,0x00,0x00,0x61,0x00,
0x00,0x00,0x00,0x00,0x00,0x00,0x01,0x00,0x00,0x00,0x60,0x00,0x00,0x00,0x01,0x00,
0x00,0x00,0x02,0x00,0x00,0x00,0x62,0x00,0x00,0x00,0x00,0x00,0x00,0x00,0x01,0x00,
0x00,0x00,0x00,0x00,0x00,0x00,0x00,0x00,0x00,0x00,0x00,0x00,0x00,0x00,0x00,0x00,
0x00,0x00,0x00,0x00,0x00,0x00,0x00,0x00,0x00,0x00,0x5e,0x00,0x00,0x00,0x01,0x00,
0x00,0x00,0x00,0x00,0x00,0x00,0x61,0x00,0x00,0x00,0x00,0x00,0x00,0x00,0x01,0x00,
0x00,0x00,0x00,0x00,0x00,0x00,0x00,0x00,0x00,0x00,0x00,0x00,0x00,0x00,0x00,0x00,
0x00,0x00,0x00,0x00,0x00,0x00,0x00,0x00,0x00,0x00,0x00,0x00,0x00,0x00,0x00,0x00,
0x00,0x00,0x00,0x00,0x00,0x00,0x00,0x00,0x00,0x00,0x00,0x00,0x00,0x00,0x00,0x00,
0x00,0x00,0x5f,0x00,0x00,0x00,0x00,0x00,0x00,0x00,0x00,0x00,0x00,0x00,0x00,0x00,
0x00,0x00,0x00,0x00,0x00,0x00,0x00,0x00,0x00,0x00,0x00,0x00,0x00,0x00,0x00,0x00,
0x00,0x00,0x00,0x00,0x00,0x00,0x00,0x00,0x00,0x00,0x00,0x00,0x00,0x00,0x00,0x00,
0x00,0x00,0x00,0x00,0x00,0x00,0x00,0x00,0x00,0x00,0x00,0x00,0x00,0x00,0x00,0x00,
0x00,0x00,0x00,0x00,0x00,0x00,0x00,0x00,0x00,0x00,0x5f,0x00,0x00,0x00,0x00,0x00,
0x00,0x00,0x00,0x00,0x00,0x00,0x00,0x00,0x00,0x00,0x00,0x00,0x00,0x00,0x00,0x00,
0x00,0x00,0x00,0x00,0x00,0x00,0x00,0x00,0x00,0x00,0x00,0x00,0x00,0x00,0x00,0x00,
0x00,0x00,0x00,0x00,0x00,0x00,0x00,0x00,0x00,0x00,0x00,0x00,0x00,0x00,0x00,0x00,
0x00,0x00,0x00,0x00,0x00,0x00,0x00,0x00,0x00,0x00,0x00,0x00,0x00,0x00,0x00,0x00,
0x00,0x00,0x5e,0x00,0x00,0x00,0x01,0x00,0x00,0x00,0x00,0x00,0x00,0x00,0x61,0x00,
0x00,0x00,0x00,0x00,0x00,0x00,0x01,0x00,0x00,0x00,0x00,0x00,0x00,0x00,0x00,0x00,
0x00,0x00,0x00,0x00,0x00,0x00,0x00,0x00,0x00,0x00,0x00,0x00,0x00,0x00,0x00,0x00,
0x00,0x00,0x00,0x00,0x00,0x00,0x00,0x00,0x00,0x00,0x00,0x00,0x00,0x00,0x00,0x00,
0x00,0x00,0x00,0x00,0x00,0x00,0x00,0x00,0x00,0x00,0x62,0x00,0x00,0x00,0x01,0x00,
0x00,0x00,0x00,0x00,0x00,0x00,0x00,0x00,0x00,0x00,0x00,0x00,0x00,0x00,0x00,0x00,
0x00,0x00,0x00,0x00,0x00,0x00,0x00,0x00,0x00,0x00,0x00,0x00,0x00,0x00,0x00,0x00,
0x00,0x00,0x00,0x00,0x00,0x00,0x00,0x00,0x00,0x00,0x00,0x00,0x00,0x00,0x00,0x00,
0x00,0x00,0x00,0x00,0x00,0x00,0x00,0x00,0x00,0x00,0x00,0x00,0x00,0x00,0x00,0x00,
0x00,0x00,0x62,0x00,0x00,0x00,0x00,0x00,0x00,0x00,0x01,0x00,0x00,0x00,0x00,0x00,
0x00,0x00,0x00,0x00,0x00,0x00,0x00,0x00,0x00,0x00,0x00,0x00,0x00,0x00,0x00,0x00,
0x00,0x00,0x00,0x00,0x00,0x00,0x00,0x00,0x00,0x00,0x00,0x00,0x00,0x00,0x00,0x00,
0x00,0x00,0x00,0x00,0x00,0x00,0x00,0x00,0x00,0x00,0x00,0x00,0x00,0x00,0x00,0x00,
0x00,0x00,0x00,0x00,0x00,0x00,0x00,0x00,0x00,0x00,0x62,0x00,0x00,0x00,0x00,0x00,
0x00,0x00,0x01,0x00,0x00,0x00,0x00,0x00,0x00,0x00,0x00,0x00,0x00,0x00,0x00,0x00,
0x00,0x00,0x00,0x00,0x00,0x00,0x00,0x00,0x00,0x00,0x00,0x00,0x00,0x00,0x00,0x00,
0x00,0x00,0x00,0x00,0x00,0x00,0x00,0x00,0x00,0x00,0x00,0x00,0x00,0x00,0x00,0x00,
0x00,0x00,0x00,0x00,0x00,0x00,0x00,0x00,0x00,0x00,0x00,0x00,0x00,0x00,0x00,0x00,
0x00,0x00,0x63,0x00,0x00,0x00,0x00,0x00,0x00,0x00,0x01,0x00,0x00,0x00,0x00,0x00,
0x00,0x00,0x00,0x00,0x00,0x00,0x00,0x00,0x00,0x00,0x00,0x00,0x00,0x00,0x00,0x00,
0x00,0x00,0x00,0x00,0x00,0x00,0x00,0x00,0x00,0x00,0x00,0x00,0x00,0x00,0x00,0x00,
0x00,0x00,0x00,0x00,0x00,0x00,0x00,0x00,0x00,0x00,0x00,0x00,0x00,0x00,0x00,0x00,
0x00,0x00,0x00,0x00,0x00,0x00,0x00,0x00,0x00,0x00,0x63,0x00,0x00,0x00,0x00,0x00,
0x00,0x00,0x01,0x00,0x00,0x00,0x00,0x00,0x00,0x00,0x00,0x00,0x00,0x00,0x00,0x00,
0x00,0x00,0x00,0x00,0x00,0x00,0x00,0x00,0x00,0x00,0x00,0x00,0x00,0x00,0x00,0x00,
0x00,0x00,0x00,0x00,0x00,0x00,0x00,0x00,0x00,0x00,0x00,0x00,0x00,0x00,0x00,0x00,
0x00,0x00,0x00,0x00,0x00,0x00,0x00,0x00,0x00,0x00,0x00,0x00,0x00,0x00,0x00,0x00,
0x00,0x00,0x00,0x00,0x00,0x00,0x00,0x00,0x00,0x00,0x00,0x00,0x00,0x00,0x00,0x00,
0x00,0x00,0x00,0x00,0x00,0x00,0x00,0x00,0x00,0x00,0x00,0x00,0x00,0x00,0x00,0x00,
0x00,0x00,0x00,0x00,0x00,0x00,0x00,0x00,0x00,0x00,0x00,0x00,0x00,0x00,0x00,0x00,
0x00,0x00,0x00,0x00,0x00,0x00,0x00,0x00,0x00,0x00,0x00,0x00,0x00,0x00,0x00,0x00,
0x00,0x00,0x00,0x00,0x00,0x00,0x00,0x00,0x00,0x00,0x62,0x00,0x00,0x00,0x00,0x00,
0x00,0x00,0x01,0x00,0x00,0x00,0x00,0x00,0x00,0x00,0x00,0x00,0x00,0x00,0x00,0x00,
0x00,0x00,0x00,0x00,0x00,0x00,0x00,0x00,0x00,0x00,0x00,0x00,0x00,0x00,0x00,0x00,
0x00,0x00,0x00,0x00,0x00,0x00,0x00,0x00,0x00,0x00,0x00,0x00,0x00,0x00,0x00,0x00,
0x00,0x00,0x00,0x00,0x00,0x00,0x00,0x00,0x00,0x00,0x00,0x00,0x00,0x00,0x00,0x00,
0x00,0x00,0x62,0x00,0x00,0x00,0x00,0x00,0x00,0x00,0x01,0x00,0x00,0x00,0x63,0x00,
0x00,0x00,0x01,0x00,0x00,0x00,0x01,0x00,0x00,0x00,0x00,0x00,0x00,0x00,0x00,0x00,
0x00,0x00,0x00,0x00,0x00,0x00,0x00,0x00,0x00,0x00,0x00,0x00,0x00,0x00,0x00,0x00,
0x00,0x00,0x00,0x00,0x00,0x00,0x00,0x00,0x00,0x00,0x00,0x00,0x00,0x00,0x00,0x00,
0x00,0x00,0x00,0x00,0x00,0x00,0x00,0x00,0x00,0x00,0x62,0x00,0x00,0x00,0x00,0x00,
0x00,0x00,0x01,0x00,0x00,0x00,0x63,0x00,0x00,0x00,0x01,0x00,0x00,0x00,0x01,0x00,
0x00,0x00,0x00,0x00,0x00,0x00,0x00,0x00,0x00,0x00,0x00,0x00,0x00,0x00,0x00,0x00,
0x00,0x00,0x00,0x00,0x00,0x00,0x00,0x00,0x00,0x00,0x00,0x00,0x00,0x00,0x00,0x00,
0x00,0x00,0x00,0x00,0x00,0x00,0x00,0x00,0x00,0x00,0x00,0x00,0x00,0x00,0x00,0x00,
0x00,0x00,0x63,0x00,0x00,0x00,0x00,0x00,0x00,0x00,0x01,0x00,0x00,0x00,0x63,0x00,
0x00,0x00,0x01,0x00,0x00,0x00,0x01,0x00,0x00,0x00,0x00,0x00,0x00,0x00,0x00,0x00,
0x00,0x00,0x00,0x00,0x00,0x00,0x00,0x00,0x00,0x00,0x00,0x00,0x00,0x00,0x00,0x00,
0x00,0x00,0x00,0x00,0x00,0x00,0x00,0x00,0x00,0x00,0x00,0x00,0x00,0x00,0x00,0x00,
0x00,0x00,0x00,0x00,0x00,0x00,0x00,0x00,0x00,0x00,0x63,0x00,0x00,0x00,0x00,0x00,
0x00,0x00,0x01,0x00,0x00,0x00,0x63,0x00,0x00,0x00,0x01,0x00,0x00,0x00,0x01,0x00,
0x00,0x00,0x00,0x00,0x00,0x00,0x00,0x00,0x00,0x00,0x00,0x00,0x00,0x00,0x00,0x00,
0x00,0x00,0x00,0x00,0x00,0x00,0x00,0x00,0x00,0x00,0x00,0x00,0x00,0x00,0x00,0x00,
0x00,0x00,0x00,0x00,0x00,0x00,0x00,0x00,0x00,0x00,0x00,0x00,0x00,0x00,0x00,0x00,
0x00,0x00,0x00,0x00,0x00,0x00,0x00,0x00,0x00,0x04,0x01,0x00,0x00,0x00,0x00,0x00,
0x00,0x00,0x01,0x00,0x00,0x00,0x01,0x00,0x00,0x00,0x00,0x00,0x00,0x00,0x04,0x00,
0x00,0x04,0x01,0x00,0x00,0x00,0x00,0x00,0x00,0x00,0x00,0x00,0x00,0x00,0x00,0x00,
0x00,0x00,0x00,0x00,0x00,0x00,0x00,0x00,0x00,0x00,0x00,0x00,0x00,0x00,0x00,0x00,
0x00,0x00,0x00,0x00,0x00,0x00,0x00,0x00,0x00,0x00,0x00,0x00,0x00,0x00,0x00,0x00,
0x00,0x04,0x01,0x00,0x00,0x00,0x00,0x00,0x00,0x00,0x01,0x00,0x00,0x00,0x01,0x00,
0x00,0x00,0x00,0x00,0x00,0x00,0x00,0x00,0x00,0x00,0x00,0x00,0x00,0x00,0x00,0x00,
0x00,0x00,0x00,0x00,0x00,0x00,0x00,0x00,0x00,0x00,0x00,0x00,0x00,0x00,0x00,0x00,
0x00,0x00,0x00,0x00,0x00,0x00,0x00,0x00,0x00,0x00,0x00,0x00,0x00,0x00,0x00,0x00,
0x00,0x00,0x00,0x00,0x00,0x00,0x00,0x00,0x00,0x04,0x01,0x00,0x00,0x00,0x00,0x00,
0x00,0x00,0x01,0x00,0x00,0x00,0x01,0x00,0x00,0x00,0x00,0x00,0x00,0x00,0x00,0x00,
0x00,0x00,0x00,0x00,0x00,0x00,0x00,0x00,0x00,0x00,0x00,0x00,0x00,0x00,0x00,0x00,
0x00,0x00,0x00,0x00,0x00,0x00,0x00,0x00,0x00,0x00,0x00,0x00,0x00,0x00,0x00,0x00,
0x00,0x00,0x00,0x00,0x00,0x00,0x00,0x00,0x00,0x00,0x00,0x00,0x00,0x00,0x00,0x00,
0x00,0x04,0x01,0x00,0x00,0x00,0x00,0x00,0x00,0x00,0x01,0x00,0x00,0x00,0x01,0x00,
0x00,0x00,0x00,0x00,0x00,0x00,0x00,0x00,0x00,0x00,0x00,0x00,0x00,0x00,0x00,0x00,
0x00,0x00,0x00,0x00,0x00,0x00,0x00,0x00,0x00,0x00,0x00,0x00,0x00,0x00,0x00,0x00,
0x00,0x00,0x00,0x00,0x00,0x00,0x00,0x00,0x00,0x00,0x00,0x00,0x00,0x00,0x00,0x00,
0x00,0x00,0x00,0x00,0x00,0x00,0x00,0x00,0x00,0x04,0x01,0x00,0x00,0x00,0x00,0x00,
0x00,0x00,0x01,0x00,0x00,0x00,0x01,0x00,0x00,0x00,0x00,0x00,0x00,0x00,0x00,0x00,
0x00,0x00,0x00,0x00,0x00,0x00,0x00,0x00,0x00,0x00,0x00,0x00,0x00,0x00,0x00,0x00,
0x00,0x00,0x00,0x00,0x00,0x00,0x00,0x00,0x00,0x00,0x00,0x00,0x00,0x00,0x00,0x00,
0x00,0x00,0x00,0x00,0x00,0x00,0x00,0x00,0x00,0x00,0x89,0x00,0x00,0x00,0x71,0x00,
0x07,0x00,0x06,0x00,0x00,0x00,0x89,0x00,0x00,0x00,0x91,0x00,0x0f,0x00,0x00,0x00,
0x00,0x00,0x00,0x00,0x00,0x00,0x00,0x00,0x00,0x00,0x00,0x00,0x00,0x00,0x00,0x00,
0x00,0x00,0x00,0x00,0x00,0x00,0x00,0x00,0x00,0x00,0x00,0x00,0x00,0x00,0x00,0x00,
0x00,0x00,0x00,0x00,0x00,0x00,0x00,0x00,0x00,0x00,0x00,0x00,0x00,0x00,0x00,0x00,
0x00,0x00,0xb0,0x00,0x00,0x00,0xed,0x00,0x17,0x00,0x00,0x00,0x00,0x00,0x89,0x00,
0x00,0x00,0x91,0x00,0x17,0x00,0x00,0x00,0x00,0x00,0x00,0x00,0x00,0x00,0x00,0x00,
0x00,0x00,0x00,0x00,0x00,0x00,0x00,0x00,0x00,0x00,0x00,0x00,0x00,0x00,0x00,0x00,
0x00,0x00,0x00,0x00,0x00,0x00,0x00,0x00,0x00,0x00,0x00,0x00,0x00,0x00,0x00,0x00,
0x00,0x00,0x00,0x00,0x00,0x00,0x00,0x00,0x00,0x00,0xb0,0x00,0x00,0x00,0xe9,0x00,
0x27,0x00,0x00,0x00,0x00,0x00,0x89,0x00,0x00,0x00,0x91,0x00,0x27,0x00,0x00,0x00,
0x00,0x00,0x00,0x00,0x00,0x00,0x00,0x00,0x00,0x00,0x00,0x00,0x00,0x00,0x00,0x00,
0x00,0x00,0x00,0x00,0x00,0x00,0x00,0x00,0x00,0x00,0x00,0x00,0x00,0x00,0x00,0x00,
0x00,0x00,0x00,0x00,0x00,0x00,0x00,0x00,0x00,0x00,0x00,0x00,0x00,0x00,0x00,0x00,
0x00,0x00,0x62,0x00,0x00,0x00,0x00,0x00,0x00,0x00,0x01,0x00,0x00,0x00,0x02,0x00,
0x00,0x00,0x01,0x00,0x00,0x00,0x01,0x00,0x00,0x00,0x00,0x00,0x00,0x00,0x00,0x00,
0x00,0x00,0x00,0x00,0x00,0x00,0x00,0x00,0x00,0x00,0x00,0x00,0x00,0x00,0x00,0x00,
0x00,0x00,0x00,0x00,0x00,0x00,0x00,0x00,0x00,0x00,0x00,0x00,0x00,0x00,0x00,0x00,
0x00,0x00,0x00,0x00,0x00,0x00,0x00,0x00,0x00,0x34,0x30,0x00,0x00,0x00,0x00,0x00,
0x00,0x00,0x01,0x00,0x00,0x37,0x30,0x00,0x00,0x00,0x00,0x00,0x00,0x00,0x02,0x00,
0x00,0x30,0x31,0x00,0x00,0x00,0x00,0x00,0x00,0x00,0x03,0x00,0x00,0x30,0x31,0x00,
0x00,0x01,0x00,0x00,0x00,0x00,0x03,0x00,0x00,0x30,0x31,0x00,0x00,0x02,0x00,0x00,
0x00,0x00,0x03,0x00,0x00,0x30,0x31,0x00,0x00,0x03,0x00,0x00,0x00,0x00,0x03,0x00,
0x00,0x34,0x30,0x00,0x00,0x00,0x00,0x00,0x00,0x00,0x01,0x00,0x00,0x37,0x30,0x00,
0x00,0x00,0x00,0x00,0x00,0x00,0x02,0x00,0x00,0x30,0x31,0x00,0x00,0x03,0x00,0x00,
0x00,0x00,0x03,0x00,0x00,0x30,0x31,0x00,0x00,0x04,0x00,0x00,0x00,0x00,0x03,0x00,
0x00,0x00,0x00,0x00,0x00,0x00,0x00,0x00,0x00,0x00,0x00,0x00,0x00,0x00,0x00,0x00,
0x00,0x00,0x00,0x00,0x00,0x00,0x00,0x00,0x00,0x34,0x30,0x00,0x00,0x00,0x00,0x00,
0x00,0x00,0x01,0x00,0x00,0x34,0x30,0x00,0x00,0x01,0x00,0x00,0x00,0x00,0x01,0x00,
0x00,0x30,0x31,0x00,0x00,0x05,0x00,0x00,0x00,0x00,0x03,0x00,0x00,0x00,0x00,0x00,
0x00,0x00,0x00,0x00,0x00,0x00,0x00,0x00,0x00,0x00,0x00,0x00,0x00,0x00,0x00,0x00,
0x00,0x00,0x00,0x00,0x00,0x00,0x00,0x00,0x00,0x00,0x00,0x00,0x00,0x00,0x00,0x00,
0x00,0x34,0x30,0x00,0x00,0x00,0x00,0x00,0x00,0x00,0x01,0x00,0x00,0x00,0x00,0x00,
0x00,0x00,0x00,0x00,0x00,0x00,0x00,0x00,0x00,0x30,0x31,0x00,0x00,0x05,0x00,0x00,
0x00,0x00,0x03,0x00,0x00,0x30,0x31,0x00,0x00,0x06,0x00,0x00,0x00,0x00,0x03,0x00,
0x00,0x00,0x00,0x00,0x00,0x00,0x00,0x00,0x00,0x00,0x00,0x00,0x00,0x00,0x00,0x00,
0x00,0x00,0x00,0x00,0x00,0x00,0x00,0x00,0x00,0x00,0x10,0x00,0x00,0x00,0x00,0x00,
0x00,0x00,0x00,0x00,0x00,0x00,0x00,0x00,0x00,0x00,0x00,0x00,0x00,0x00,0x00,0x00,
0x00,0x00,0x00,0x00,0x00,0x00,0x00,0x00,0x00,0x00,0x00,0x00,0x00,0x00,0x00,0x00,
0x00,0x00,0x00,0x00,0x00,0x00,0x00,0x00,0x00,0x00,0x00,0x00,0x00,0x00,0x00,0x00,
0x00,0x00,0x00,0x00,0x00,0x00,0x00,0x00,0x00,0x00,0x00,0x00,0x00,0x00,0x00,0x00,
0x00,0x00,0x12,0x00,0x00,0x00,0x00,0x00,0x00,0x00,0x00,0x00,0x00,0x00,0x00,0x00,
0x00,0x00,0x00,0x00,0x00,0x00,0x00,0x00,0x00,0x00,0x00,0x00,0x00,0x00,0x00,0x00,
0x00,0x00,0x00,0x00,0x00,0x00,0x00,0x00,0x00,0x00,0x00,0x00,0x00,0x00,0x00,0x00,
0x00,0x00,0x00,0x00,0x00,0x00,0x00,0x00,0x00,0x00,0x00,0x00,0x00,0x00,0x00,0x00,
0x00,0x00,0x00,0x00,0x00,0x00,0x00,0x00,0x00,0x00,0x14,0x00,0x00,0x00,0x00,0x00,
0x00,0x00,0x00,0x00,0x00,0x00,0x00,0x00,0x00,0x00,0x00,0x00,0x00,0x00,0x00,0x00,
0x00,0x00,0x00,0x00,0x00,0x00,0x00,0x00,0x00,0x00,0x00,0x00,0x00,0x00,0x00,0x00,
0x00,0x00,0x00,0x00,0x00,0x00,0x00,0x00,0x00,0x00,0x00,0x00,0x00,0x00,0x00,0x00,
0x00,0x00,0x00,0x00,0x00,0x00,0x00,0x00,0x00,0x00,0x00,0x00,0x00,0x00,0x00,0x00,
0x00,0x00,0x15,0x00,0x00,0x00,0x00,0x00,0x00,0x00,0x00,0x00,0x00,0x00,0x00,0x00,
0x00,0x00,0x00,0x00,0x00,0x00,0x00,0x00,0x00,0x00,0x00,0x00,0x00,0x00,0x00,0x00,
0x00,0x00,0x00,0x00,0x00,0x00,0x00,0x00,0x00,0x00,0x00,0x00,0x00,0x00,0x00,0x00,
0x00,0x00,0x00,0x00,0x00,0x00,0x00,0x00,0x00,0x00,0x00,0x00,0x00,0x00,0x00,0x00,
0x00,0x00,0x00,0x00,0x00,0x00,0x00,0x00,0x00,0x00,0x16,0x00,0x00,0x00,0x00,0x00,
0x00,0x00,0x00,0x00,0x00,0x00,0x00,0x00,0x00,0x00,0x00,0x00,0x00,0x00,0x00,0x00,
0x00,0x00,0x00,0x00,0x00,0x00,0x00,0x00,0x00,0x00,0x00,0x00,0x00,0x00,0x00,0x00,
0x00,0x00,0x00,0x00,0x00,0x00,0x00,0x00,0x00,0x00,0x00,0x00,0x00,0x00,0x00,0x00,
0x00,0x00,0x00,0x00,0x00,0x00,0x00,0x00,0x00,0x00,0x00,0x00,0x00,0x00,0x00,0x00,
0x00,0x00,0x18,0x00,0x00,0x00,0x00,0x00,0x00,0x00,0x00,0x00,0x00,0x00,0x00,0x00,
0x00,0x00,0x00,0x00,0x00,0x00,0x00,0x00,0x00,0x00,0x00,0x00,0x00,0x00,0x00,0x00,
0x00,0x00,0x00,0x00,0x00,0x00,0x00,0x00,0x00,0x00,0x00,0x00,0x00,0x00,0x00,0x00,
0x00,0x00,0x00,0x00,0x00,0x00,0x00,0x00,0x00,0x00,0x00,0x00,0x00,0x00,0x00,0x00,
0x00,0x00,0x00,0x00,0x00,0x00,0x00,0x00,0x00,0x00,0x19,0x00,0x00,0x00,0x00,0x00,
0x00,0x00,0x00,0x00,0x00,0x00,0x00,0x00,0x00,0x00,0x00,0x00,0x00,0x00,0x00,0x00,
0x00,0x00,0x00,0x00,0x00,0x00,0x00,0x00,0x00,0x00,0x00,0x00,0x00,0x00,0x00,0x00,
0x00,0x00,0x00,0x00,0x00,0x00,0x00,0x00,0x00,0x00,0x00,0x00,0x00,0x00,0x00,0x00,
0x00,0x00,0x00,0x00,0x00,0x00,0x00,0x00,0x00,0x00,0x00,0x00,0x00,0x00,0x00,0x00,
0x00,0x00,0x14,0x00,0x00,0x00,0x28,0x00,0x00,0x00,0x3c,0x00,0x00,0x00,0x50,0x00,
0x00,0x00,0x64,0x00,0x00,0x00,0x78,0x00,0x00,0x00,0x8c,0x00,0x00,0x00,0xa0,0x00,
0x00,0x00,0xb4,0x00,0x00,0x00,0xc8,0x00,0x00,0x00,0xdc,0x00,0x00,0x00,0xf0,0x00,
0x00,0x01,0x04,0x00,0x00,0x01,0x18,0x00,0x00,0x01,0x2c,0x00,0x00,0x01,0x54,0x00,
0x00,0x01,0x68,0x00,0x00,0x01,0x7c,0x00,0x00,0x01,0x90,0x00,0x00,0x01,0xb8,0x00,
0x00,0x01,0xe0,0x00,0x00,0x02,0x08,0x00,0x00,0x02,0x30,0x00,0x00,0x02,0x58,0x00,
0x00,0x02,0x94,0x00,0x00,0x02,0xd0,0x00,0x00,0x03,0x20,0x00,0x00,0x03,0x84,0x00,
0x00,0x03,0xe8,0x00,0x00,0x05,0x14,0x00,0x00,0x06,0x40,0x00,0x00,0x07,0xd0,0x00,
0x00,0x00,0x03,0x00,0x00,0x00,0x04,0x00,0x00,0x00,0x05,0x00,0x00,0x00,0x07,0x00,
0x00,0x00,0x09,0x00,0x00,0x00,0x0b,0x00,0x00,0x00,0x0c,0x00,0x00,0x00,0x0e,0x00,
0x00,0x00,0x10,0x00,0x00,0x00,0x14,0x00,0x00,0x00,0x18,0x00,0x00,0x00,0x1c,0x00,
0x00,0x00,0x24,0x00,0x00,0x00,0x32,0x00,0x00,0x00,0x40,0x00,0x00,0x00,0x56,0x00,
0x00,0x00,0x74,0x00,0x00,0x00,0x9a,0x00,0x00,0x00,0xc8,0x00,0x00,0x01,0x18,0x00,
0x00,0x01,0x68,0x00,0x00,0x01,0xe0,0x00,0x00,0x02,0x80,0x00,0x00,0x03,0x5c,0x00,
0x00,0x04,0x74,0x00,0x00,0x06,0x04,0x00,0x00,0x07,0xd0,0x00,0x00,0x0a,0xf0,0x00,
0x00,0x0e,0x10,0x00,0x00,0x12,0xc0,0x00,0x00,0x19,0x00,0x00,0x00,0x21,0x98,0x00,
0x00,0x00,0x0a,0x00,0x00,0x00,0x14,0x00,0x00,0x00,0x1e,0x00,0x00,0x00,0x28,0x00,
0x00,0x00,0x3c,0x00,0x00,0x00,0x64,0x00,0x00,0x00,0xc8,0x00,0x00,0x01,0xf4,0x00,
0x00,0x00,0x64,0x00,0x00,0x01,0x04,0x00,0x00,0x02,0x94,0x00,0x00,0x06,0x7c,0x00,
0x00,0x10,0x68,0x00,0x00,0x2a,0x30,0x00,0x00,0x6d,0x60,0x00,0x00,0xea,0x60,0x00,
0x00,0x00,0x41,0x00,0x00,0x00,0xff,0x00,0x00,0x00,0x4c,0x00,0x00,0x00,0xff,0x00,
0x00,0x00,0x54,0x00,0x00,0x00,0xff,0x00,0x00,0x00,0x45,0x00,0x00,0x00,0xff,0x00,
0x00,0x00,0x52,0x00,0x00,0x00,0xff,0x00,0x00,0x00,0x41,0x00,0x00,0x00,0xff,0x00,
0x00,0x00,0x20,0x00,0x00,0x00,0x00,0x00,0x00,0x00,0x20,0x00,0x00,0x00,0x00,0x00,
0x00,0x00,0x00,0x00,0x00,0x00,0x00,0x00,0x00,0x00,0x10,0x00,0x00,0x00,0x1f,0x00,
0x00,0x00,0x00,0x00,0x00,0x00,0x00,0x00,0x00,0x00,0x00,0x00,0x00,0x00,0x00,0x00,
0x00,0x00,0x00,0x00,0x00,0x00,0x00,0x00,0x00,0x00,0x00,0x00,0x00,0x00,0x00,0x00,
0x00,0x00,0x00,0x00,0x00,0x00,0x00,0x00,0x00,0x00,0x41,0x00,0x00,0x00,0xff,0x00,
0x00,0x00,0x4c,0x00,0x00,0x00,0xff,0x00,0x00,0x00,0x54,0x00,0x00,0x00,0xff,0x00,
0x00,0x00,0x45,0x00,0x00,0x00,0xff,0x00,0x00,0x00,0x52,0x00,0x00,0x00,0xff,0x00,
0x00,0x00,0x41,0x00,0x00,0x00,0xff,0x00,0x00,0x00,0x20,0x00,0x00,0x00,0x00,0x00,
0x00,0x00,0x20,0x00,0x00,0x00,0x00,0x00,0x00,0x00,0x10,0x00,0x00,0x00,0x1f,0x00,
0x00,0x00,0x00,0x00,0x00,0x00,0x00,0x00,0x00,0x00,0x00,0x00,0x00,0x00,0x00,0x00,
0x00,0x00,0x00,0x00,0x00,0x00,0x00,0x00,0x00,0x00,0x00,0x00,0x00,0x00,0x00,0x00,
0x00,0x00,0x00,0x00,0x00,0x00,0x00,0x00,0x00,0x00,0x00,0x00,0x00,0x00,0x00,0x00,
0x00,0x00,0x41,0x00,0x00,0x00,0xff,0x00,0x00,0x00,0x39,0x00,0x00,0x00,0xff,0x00,
0x00,0x00,0x38,0x00,0x00,0x00,0xff,0x00,0x00,0x00,0x01,0x00,0x00,0x00,0xff,0x00,
0x00,0x10,0x00,0x00,0x00,0x20,0x00,0x00,0x00,0x40,0x00,0x00,0x00,0x80,0x00,0x00,
0x00,0x00,0x05,0x00,0x00,0x00,0x05,0x00,0x00,0x00,0x29,0x00,0x00,0x00,0x39,0x00,
0x00,0x00,0x03,0x00,0x00,0x00,0x03,0x00,0x00,0x00,0x27,0x00,0x00,0x00,0x37,0x00,
0x00,0x00,0x04,0x00,0x00,0x00,0x04,0x00,0x00,0x00,0x28,0x00,0x00,0x00,0x38,0x32,
0x82,0xa2,0x2a,0x82,0x4a,0x40,0x00,0x00,0x00,0x01,0x4d,0x00,0x00,0x00,0xb0,0x40,
0x00,0x00,0x00,0x01,0x4d,0x00,0x00,0x00,0xb3,0x11,0x40,0x00,0x00,0x00,0x01,0x4d,
0x00,0x00,0x00,0xb1,0x11,0x40,0x00,0x00,0x00,0x01,0x4d,0x00,0x00,0x00,0xb4,0x11,
0x40,0x00,0x00,0x00,0x01,0x4d,0x00,0x00,0x00,0xb7,0x40,0x00,0x00,0x00,0x01,0x4d,
0x00,0x00,0x00,0xb8,0x11,0x40,0x00,0x00,0x00,0x01,0x4d,0x00,0x00,0x00,0xb6,0x11,
0x40,0x00,0x00,0x00,0x01,0x4d,0x00,0x00,0x00,0xc7,0x11,0x40,0x00,0x00,0x00,0x01,
0x4d,0x00,0x00,0x00,0xcb,0x11,0x40,0x00,0x00,0x00,0x01,0x4d,0x00,0x00,0x00,0xcc,
0x11,0x40,0x00,0x00,0x00,0x01,0x4d,0x00,0x00,0x00,0x56,0x11,0x40,0x00,0x00,0x00,
0x01,0x4d,0x00,0x00,0x00,0x57,0x11,0x40,0x00,0x00,0x00,0x01,0x4d,0x00,0x00,0x00,
0xc6,0x11,0x40,0x00,0x00,0x00,0x01,0x4d,0x00,0x00,0x00,0xb1,0x11,0x40,0x00,0x00,
0x00,0x01,0x4d,0x00,0x00,0x00,0xb4,0x11,0x40,0x00,0x00,0x00,0x01,0x4d,0x00,0x00,
0x00,0xb0,0x11,0x40,0x00,0x00,0x00,0x01,0x4d,0x00,0x00,0x00,0xb6,0x11,0x40,0x00,
0x00,0x00,0x01,0x4d,0x00,0x00,0x00,0xc3,0x11,0x40,0x00,0x00,0x00,0xce,0x42,0x00,
0x00,0x02,0xe3,0x41,0x00,0x00,0x00,0xb9,0x41,0x00,0x00,0x00,0xb3,0x0c,0x41,0x00,
0x00,0x00,0xb4,0x0c,0x41,0x00,0x00,0x00,0xb7,0x0c,0x41,0x00,0x00,0x00,0xb1,0x0c,
0x41,0x00,0x00,0x00,0xb0,0x0c,0x0e,0x41,0x00,0x00,0x00,0xb6,0x0b,0x50,0x00,0x00,
0x01,0x02,0x42,0x00,0x00,0x02,0xd2,0x41,0x00,0x00,0x00,0x92,0x40,0x00,0x00,0x00,
0x00,0x26,0x41,0x00,0x00,0x00,0xc3,0x0b,0x50,0x00,0x00,0x01,0x22,0x40,0x00,0x00,
0x01,0x22,0x42,0x00,0x00,0x2b,0x22,0x41,0x00,0x00,0x00,0x92,0x40,0x00,0x00,0x00,
0x00,0x26,0x41,0x00,0x00,0x00,0xc3,0x0b,0x50,0x00,0x00,0x01,0x3d,0x42,0x00,0x00,
0x02,0xd2,0x40,0x00,0x00,0x00,0x00,0x4d,0x00,0x00,0x00,0x52,0x40,0x00,0x00,0x40,
0x00,0x4d,0x00,0x00,0x00,0x53,0x40,0x00,0x00,0x01,0x5b,0x42,0x00,0x00,0x26,0x5b,
0x41,0x00,0x00,0x00,0x50,0x40,0x00,0x00,0x00,0x00,0x26,0x50,0x00,0x00,0x01,0x70,
0x42,0x00,0x00,0x02,0xb2,0x41,0x00,0x00,0x00,0x92,0x40,0x00,0x00,0x00,0x00,0x26,
0x50,0x00,0x00,0x01,0x8a,0x40,0x00,0x00,0x01,0x8a,0x42,0x00,0x00,0x49,0xd2,0x41,
0x00,0x00,0x00,0x92,0x40,0x00,0x00,0x00,0x00,0x26,0x41,0x00,0x00,0x00,0xb0,0x0b,
0x50,0x00,0x00,0x01,0xaa,0x40,0x00,0x00,0x01,0xaa,0x42,0x00,0x00,0x43,0xff,0x41,
0x00,0x00,0x00,0x92,0x40,0x00,0x00,0x00,0x00,0x26,0x41,0x00,0x00,0x00,0xb1,0x0b,
0x50,0x00,0x00,0x01,0xca,0x40,0x00,0x00,0x01,0xca,0x42,0x00,0x00,0x49,0x71,0x41,
0x00,0x00,0x00,0x92,0x40,0x00,0x00,0x00,0x00,0x26,0x41,0x00,0x00,0x00,0xb3,0x0b,
0x41,0x00,0x00,0x00,0x57,0x0e,0x0b,0x50,0x00,0x00,0x01,0xf1,0x40,0x00,0x00,0x01,
0xf1,0x42,0x00,0x00,0x3f,0xd3,0x41,0x00,0x00,0x00,0x92,0x40,0x00,0x00,0x00,0x00,
0x26,0x41,0x00,0x00,0x00,0xb3,0x0b,0x41,0x00,0x00,0x00,0x56,0x0e,0x0b,0x50,0x00,
0x00,0x02,0x18,0x40,0x00,0x00,0x02,0x18,0x42,0x00,0x00,0x42,0xe9,0x41,0x00,0x00,
0x00,0x92,0x40,0x00,0x00,0x00,0x00,0x26,0x41,0x00,0x00,0x00,0xb4,0x41,0x00,0x00,
0x00,0xb3,0x0c,0x0b,0x41,0x00,0x00,0x00,0x57,0x0e,0x0b,0x50,0x00,0x00,0x02,0x45,
0x40,0x00,0x00,0x02,0x45,0x42,0x00,0x00,0x47,0x08,0x41,0x00,0x00,0x00,0x92,0x40,
0x00,0x00,0x00,0x00,0x26,0x41,0x00,0x00,0x00,0xb4,0x41,0x00,0x00,0x00,0xb3,0x0c,
0x0b,0x41,0x00,0x00,0x00,0x56,0x0e,0x0b,0x50,0x00,0x00,0x02,0x72,0x40,0x00,0x00,
0x02,0x72,0x42,0x00,0x00,0x45,0xf9,0x41,0x00,0x00,0x00,0x92,0x40,0x00,0x00,0x00,
0x00,0x26,0x41,0x00,0x00,0x00,0xb7,0x0b,0x50,0x00,0x00,0x02,0x92,0x40,0x00,0x00,
0x02,0x92,0x42,0x00,0x00,0x58,0x91,0x41,0x00,0x00,0x00,0x92,0x40,0x00,0x00,0x00,
0x00,0x26,0x41,0x00,0x00,0x00,0xb3,0x0b,0x50,0x00,0x00,0x02,0xb2,0x40,0x00,0x00,
0x02,0xb2,0x42,0x00,0x00,0x41,0xa7,0x41,0x00,0x00,0x00,0x92,0x40,0x00,0x00,0x00,
0x00,0x26,0x41,0x00,0x00,0x00,0xb5,0x0b,0x50,0x00,0x00,0x02,0xd2,0x40,0x00,0x00,
0x02,0xd2,0x42,0x00,0x00,0x3c,0xdf,0x40,0x00,0x00,0x02,0xdc,0x42,0x00,0x00,0x1f,
0x8f,0x41,0x00,0x00,0x00,0x92,0x25,0x11,0x40,0x00,0x00,0x00,0x00,0x4d,0x00,0x00,
0x00,0xcd,0x40,0x00,0x00,0x00,0x00,0x4d,0x00,0x00,0x00,0xce,0x40,0x00,0x00,0x00,
0x00,0x4d,0x00,0x00,0x00,0xcf,0x40,0x00,0x00,0x00,0x00,0x4d,0x00,0x00,0x00,0xd0,
0x40,0x00,0x00,0x00,0x00,0x4d,0x00,0x00,0x00,0xd1,0x40,0x00,0x00,0x00,0x00,0x4d,
0x00,0x00,0x00,0xd2,0x40,0x00,0x00,0x00,0x00,0x4d,0x00,0x00,0x00,0xd3,0x40,0x00,
0x00,0x00,0x00,0x4d,0x00,0x00,0x00,0xd4,0x40,0x00,0x00,0x00,0x00,0x4d,0x00,0x00,
0x00,0xd5,0x40,0x00,0x00,0x00,0x00,0x4d,0x00,0x00,0x00,0xd6,0x41,0x00,0x00,0x00,
0xb3,0x50,0x00,0x00,0x03,0x5b,0x40,0x00,0x00,0x00,0x01,0x4d,0x00,0x00,0x00,0xb0,
0x41,0x00,0x00,0x00,0xb8,0x50,0x00,0x00,0x03,0x6f,0x40,0x00,0x00,0x00,0x01,0x4d,
0x00,0x00,0x00,0xb7,0x41,0x00,0x00,0x00,0xb0,0x41,0x00,0x00,0x00,0xb1,0x0c,0x41,
0x00,0x00,0x00,0xb3,0x0e,0x0b,0x41,0x00,0x00,0x00,0xb4,0x41,0x00,0x00,0x00,0xb7,
0x0c,0x0b,0x50,0x00,0x00,0x03,0x9c,0x40,0x00,0x00,0x00,0x01,0x4d,0x00,0x00,0x00,
0x92,0x41,0x00,0x00,0x00,0x92,0x40,0x00,0x00,0x00,0x00,0x26,0x0e,0x50,0x00,0x00,
0x03,0xb2,0x42,0x00,0x00,0x1f,0x8e,0x40,0x00,0x00,0x00,0x00,0x4d,0x00,0x00,0x00,
0x75,0x40,0x00,0x00,0x03,0xd5,0x40,0x00,0x00,0x00,0x00,0x4d,0x00,0x00,0x00,0x5d,
0x41,0x00,0x00,0x00,0x01,0x40,0x00,0x00,0x00,0x01,0x40,0x00,0x00,0x00,0x01,0x4d,
0x00,0x00,0x00,0x5e,0x40,0x00,0x00,0x00,0x01,0x4d,0x00,0x00,0x00,0x5f,0x41,0x00,
0x00,0x00,0x5d,0x58,0x00,0x00,0x00,0x09,0x40,0x00,0x00,0x00,0x01,0x0b,0x40,0x00,
0x00,0x00,0x00,0x26,0x41,0x00,0x00,0x00,0x5d,0x58,0x00,0x00,0x00,0x09,0x40,0x00,
0x00,0x00,0x04,0x0b,0x40,0x00,0x00,0x00,0x00,0x26,0x0c,0x50,0x00,0x00,0x04,0x20,
0x42,0x00,0x00,0x04,0x4d,0x41,0x00,0x00,0x00,0x5d,0x58,0x00,0x00,0x00,0x04,0x4d,
0x00,0x00,0x00,0x50,0x41,0x00,0x00,0x00,0x50,0x58,0x00,0x00,0x00,0x17,0x4d,0x00,
0x00,0x00,0x5e,0x41,0x00,0x00,0x00,0x50,0x58,0x00,0x00,0x00,0x1b,0x4d,0x00,0x00,
0x00,0x5f,0x41,0x00,0x00,0x00,0x75,0x41,0x00,0x00,0x00,0x5e,0x03,0x4d,0x00,0x00,
0x00,0x75,0x41,0x00,0x00,0x00,0xcd,0x41,0x00,0x00,0x00,0x5f,0x03,0x4d,0x00,0x00,
0x00,0xcd,0x44,0x00,0x00,0x00,0x5d,0x40,0x00,0x00,0x00,0x00,0x4d,0x00,0x00,0x00,
0x60,0x40,0x00,0x00,0x04,0x9b,0x40,0x00,0x00,0x00,0x04,0x4d,0x00,0x00,0x00,0x5d,
0x40,0x00,0x00,0x00,0x00,0x40,0x00,0x00,0x00,0x01,0x40,0xff,0xff,0xff,0xff,0x05,
0x40,0x00,0x00,0x04,0xb4,0x40,0x00,0x00,0x00,0x00,0x4d,0x00,0x00,0x00,0x5e,0x41,
0x00,0x00,0x00,0x01,0x40,0x00,0x00,0x00,0x01,0x41,0x00,0x00,0x00,0x5e,0x58,0x00,
0x00,0x00,0x09,0x40,0x00,0x00,0x00,0x01,0x0b,0x40,0x00,0x00,0x00,0x00,0x26,0x41,
0x00,0x00,0x00,0x5e,0x58,0x00,0x00,0x00,0x09,0x40,0x00,0x00,0x00,0x04,0x0b,0x40,
0x00,0x00,0x00,0x00,0x26,0x0c,0x50,0x00,0x00,0x04,0xeb,0x42,0x00,0x00,0x05,0x5f,
0x41,0x00,0x00,0x00,0x5e,0x58,0x00,0x00,0x00,0x04,0x4d,0x00,0x00,0x00,0x50,0x40,
0x00,0x00,0x05,0x1e,0x40,0x00,0x00,0x00,0x00,0x4d,0x00,0x00,0x00,0x5f,0x41,0x00,
0x00,0x00,0x50,0x58,0x00,0x00,0x00,0x17,0x40,0x00,0x00,0x00,0x01,0x04,0x40,0x00,
0x00,0x00,0x01,0x41,0x00,0x00,0x00,0x5f,0x40,0x00,0x00,0x00,0x05,0x07,0x41,0x00,
0x00,0x00,0x5d,0x26,0x50,0x00,0x00,0x05,0x45,0x41,0x00,0x00,0x00,0x60,0x40,0x00,
0x00,0x00,0x01,0x02,0x01,0x4f,0x00,0x00,0x00,0x43,0x41,0x00,0x00,0x00,0x60,0x40,
0x00,0x00,0x00,0x01,0x03,0x4d,0x00,0x00,0x00,0x60,0x44,0x00,0x00,0x00,0x5f,0x42,
0x00,0x00,0x05,0x6f,0x41,0x00,0x00,0x00,0x60,0x40,0x00,0x00,0x00,0x01,0x03,0x4d,
0x00,0x00,0x00,0x60,0x44,0x00,0x00,0x00,0x5e,0x44,0x00,0x00,0x00,0x5d,0x40,0x00,
0x00,0x00,0x00,0x4d,0x00,0x00,0x00,0x76,0x40,0x00,0x00,0x05,0x9c,0x40,0x00,0x00,
0x00,0x00,0x4d,0x00,0x00,0x00,0x5d,0x41,0x00,0x00,0x00,0x01,0x40,0x00,0x00,0x00,
0x01,0x40,0x00,0x00,0x00,0x01,0x4d,0x00,0x00,0x00,0x5e,0x40,0x00,0x00,0x00,0x01,
0x4d,0x00,0x00,0x00,0x5f,0x41,0x00,0x00,0x00,0x5d,0x58,0x00,0x00,0x00,0x09,0x40,
0x00,0x00,0x01,0x00,0x0b,0x40,0x00,0x00,0x00,0x00,0x26,0x41,0x00,0x00,0x00,0x5d,
0x58,0x00,0x00,0x00,0x09,0x40,0x00,0x00,0x00,0x04,0x0b,0x40,0x00,0x00,0x00,0x00,
0x26,0x0c,0x50,0x00,0x00,0x05,0xe7,0x42,0x00,0x00,0x06,0x46,0x41,0x00,0x00,0x00,
0x5d,0x58,0x00,0x00,0x00,0x04,0x4d,0x00,0x00,0x00,0x50,0x41,0x00,0x00,0x00,0x50,
0x58,0x00,0x00,0x00,0x17,0x4d,0x00,0x00,0x00,0x5e,0x41,0x00,0x00,0x00,0x50,0x58,
0x00,0x00,0x00,0x1b,0x4d,0x00,0x00,0x00,0x5f,0x41,0x00,0x00,0x00,0x50,0x40,0x00,
0x00,0x00,0x17,0x10,0x40,0x00,0x00,0x00,0x01,0x0d,0x41,0x00,0x00,0x00,0x50,0x40,
0x00,0x00,0x00,0x1b,0x0f,0x40,0x00,0x00,0x00,0x01,0x0d,0x0b,0x50,0x00,0x00,0x06,
0x46,0x40,0x00,0x00,0x00,0x5f,0x4d,0x00,0x00,0x00,0xae,0x41,0x00,0x00,0x00,0x76,
0x41,0x00,0x00,0x00,0x5e,0x03,0x4d,0x00,0x00,0x00,0x76,0x41,0x00,0x00,0x00,0xce,
0x41,0x00,0x00,0x00,0x5f,0x03,0x4d,0x00,0x00,0x00,0xce,0x44,0x00,0x00,0x00,0x5d,
0x40,0x00,0x00,0x00,0x00,0x4d,0x00,0x00,0x00,0x77,0x40,0x00,0x00,0x06,0x8e,0x40,
0x00,0x00,0x00,0x00,0x4d,0x00,0x00,0x00,0x5d,0x41,0x00,0x00,0x00,0x01,0x40,0x00,
0x00,0x00,0x01,0x40,0x00,0x00,0x00,0x01,0x4d,0x00,0x00,0x00,0x5e,0x40,0x00,0x00,
0x00,0x01,0x4d,0x00,0x00,0x00,0x5f,0x41,0x00,0x00,0x00,0x5d,0x58,0x00,0x00,0x00,
0x09,0x40,0x00,0x00,0x02,0x00,0x0b,0x40,0x00,0x00,0x00,0x00,0x26,0x41,0x00,0x00,
0x00,0x5d,0x58,0x00,0x00,0x00,0x09,0x40,0x00,0x00,0x00,0x04,0x0b,0x40,0x00,0x00,
0x00,0x00,0x26,0x0c,0x50,0x00,0x00,0x06,0xd9,0x42,0x00,0x00,0x07,0x06,0x41,0x00,
0x00,0x00,0x5d,0x58,0x00,0x00,0x00,0x04,0x4d,0x00,0x00,0x00,0x50,0x41,0x00,0x00,
0x00,0x50,0x58,0x00,0x00,0x00,0x17,0x4d,0x00,0x00,0x00,0x5e,0x41,0x00,0x00,0x00,
0x50,0x58,0x00,0x00,0x00,0x1b,0x4d,0x00,0x00,0x00,0x5f,0x41,0x00,0x00,0x00,0x77,
0x41,0x00,0x00,0x00,0x5e,0x03,0x4d,0x00,0x00,0x00,0x77,0x41,0x00,0x00,0x00,0xcf,
0x41,0x00,0x00,0x00,0x5f,0x03,0x4d,0x00,0x00,0x00,0xcf,0x44,0x00,0x00,0x00,0x5d,
0x40,0x00,0x00,0x00,0x00,0x4d,0x00,0x00,0x00,0x79,0x40,0x00,0x00,0x07,0x4e,0x40,
0x00,0x00,0x00,0x00,0x4d,0x00,0x00,0x00,0x5d,0x41,0x00,0x00,0x00,0x01,0x40,0x00,
0x00,0x00,0x01,0x40,0x00,0x00,0x00,0x01,0x4d,0x00,0x00,0x00,0x5e,0x40,0x00,0x00,
0x00,0x01,0x4d,0x00,0x00,0x00,0x5f,0x41,0x00,0x00,0x00,0x5d,0x58,0x00,0x00,0x00,
0x09,0x40,0x00,0x00,0x08,0x00,0x0b,0x40,0x00,0x00,0x00,0x00,0x26,0x41,0x00,0x00,
0x00,0x5d,0x58,0x00,0x00,0x00,0x09,0x40,0x00,0x00,0x00,0x04,0x0b,0x40,0x00,0x00,
0x00,0x00,0x26,0x0c,0x50,0x00,0x00,0x07,0x99,0x42,0x00,0x00,0x07,0xc6,0x41,0x00,
0x00,0x00,0x5d,0x58,0x00,0x00,0x00,0x04,0x4d,0x00,0x00,0x00,0x50,0x41,0x00,0x00,
0x00,0x50,0x58,0x00,0x00,0x00,0x17,0x4d,0x00,0x00,0x00,0x5e,0x41,0x00,0x00,0x00,
0x50,0x58,0x00,0x00,0x00,0x1b,0x4d,0x00,0x00,0x00,0x5f,0x41,0x00,0x00,0x00,0x79,
0x41,0x00,0x00,0x00,0x5e,0x03,0x4d,0x00,0x00,0x00,0x79,0x41,0x00,0x00,0x00,0xd1,
0x41,0x00,0x00,0x00,0x5f,0x03,0x4d,0x00,0x00,0x00,0xd1,0x44,0x00,0x00,0x00,0x5d,
0x40,0x00,0x00,0x00,0x00,0x4d,0x00,0x00,0x00,0x7a,0x40,0x00,0x00,0x08,0x0e,0x40,
0x00,0x00,0x00,0x00,0x4d,0x00,0x00,0x00,0x5d,0x41,0x00,0x00,0x00,0x01,0x40,0x00,
0x00,0x00,0x01,0x40,0x00,0x00,0x00,0x01,0x4d,0x00,0x00,0x00,0x5e,0x40,0x00,0x00,
0x00,0x01,0x4d,0x00,0x00,0x00,0x5f,0x41,0x00,0x00,0x00,0x5d,0x58,0x00,0x00,0x00,
0x09,0x40,0x00,0x00,0x40,0x00,0x0b,0x40,0x00,0x00,0x00,0x00,0x26,0x41,0x00,0x00,
0x00,0x5d,0x58,0x00,0x00,0x00,0x09,0x40,0x00,0x00,0x00,0x04,0x0b,0x40,0x00,0x00,
0x00,0x00,0x26,0x0c,0x50,0x00,0x00,0x08,0x59,0x42,0x00,0x00,0x08,0x86,0x41,0x00,
0x00,0x00,0x5d,0x58,0x00,0x00,0x00,0x04,0x4d,0x00,0x00,0x00,0x50,0x41,0x00,0x00,
0x00,0x50,0x58,0x00,0x00,0x00,0x17,0x4d,0x00,0x00,0x00,0x5e,0x41,0x00,0x00,0x00,
0x50,0x58,0x00,0x00,0x00,0x1b,0x4d,0x00,0x00,0x00,0x5f,0x41,0x00,0x00,0x00,0x7a,
0x41,0x00,0x00,0x00,0x5e,0x03,0x4d,0x00,0x00,0x00,0x7a,0x41,0x00,0x00,0x00,0xd2,
0x41,0x00,0x00,0x00,0x5f,0x03,0x4d,0x00,0x00,0x00,0xd2,0x44,0x00,0x00,0x00,0x5d,
0x40,0x00,0x00,0x00,0x00,0x4d,0x00,0x00,0x00,0x7b,0x40,0x00,0x00,0x00,0x00,0x4d,
0x00,0x00,0x00,0xd3,0x40,0x00,0x00,0x08,0xd8,0x40,0x00,0x00,0x00,0x00,0x4d,0x00,
0x00,0x00,0x5d,0x41,0x00,0x00,0x00,0x01,0x40,0x00,0x00,0x00,0x01,0x40,0x00,0x00,
0x00,0x01,0x4d,0x00,0x00,0x00,0x5e,0x40,0x00,0x00,0x00,0x01,0x4d,0x00,0x00,0x00,
0x5f,0x41,0x00,0x00,0x00,0x5d,0x58,0x00,0x00,0x00,0x09,0x40,0x00,0x00,0x80,0x00,
0x0b,0x40,0x00,0x00,0x00,0x00,0x26,0x41,0x00,0x00,0x00,0x5d,0x58,0x00,0x00,0x00,
0x09,0x40,0x00,0x00,0x00,0x04,0x0b,0x40,0x00,0x00,0x00,0x00,0x26,0x0c,0x41,0x00,
0x00,0x00,0x5d,0x58,0x00,0x00,0x00,0x09,0x40,0x00,0x00,0x00,0x20,0x0b,0x40,0x00,
0x00,0x00,0x00,0x26,0x0c,0x50,0x00,0x00,0x09,0x3a,0x42,0x00,0x00,0x09,0x73,0x41,
0x00,0x00,0x00,0x5d,0x58,0x00,0x00,0x00,0x05,0x4d,0x00,0x00,0x00,0x50,0x41,0x00,
0x00,0x00,0x5e,0x41,0x00,0x00,0x00,0x50,0x58,0x00,0x00,0x00,0x17,0x03,0x4d,0x00,
0x00,0x00,0x5e,0x41,0x00,0x00,0x00,0x5f,0x41,0x00,0x00,0x00,0x50,0x58,0x00,0x00,
0x00,0x1b,0x03,0x4d,0x00,0x00,0x00,0x5f,0x41,0x00,0x00,0x00,0x7b,0x41,0x00,0x00,
0x00,0x5e,0x03,0x4d,0x00,0x00,0x00,0x7b,0x41,0x00,0x00,0x00,0xd3,0x41,0x00,0x00,
0x00,0x5f,0x03,0x4d,0x00,0x00,0x00,0xd3,0x44,0x00,0x00,0x00,0x5d,0x40,0x00,0x00,
0x00,0x00,0x4d,0x00,0x00,0x00,0x78,0x40,0x00,0x00,0x09,0xbb,0x40,0x00,0x00,0x00,
0x00,0x4d,0x00,0x00,0x00,0x5d,0x41,0x00,0x00,0x00,0x01,0x40,0x00,0x00,0x00,0x01,
0x40,0x00,0x00,0x00,0x01,0x4d,0x00,0x00,0x00,0x5e,0x40,0x00,0x00,0x00,0x01,0x4d,
0x00,0x00,0x00,0x5f,0x41,0x00,0x00,0x00,0x5d,0x58,0x00,0x00,0x00,0x09,0x40,0x00,
0x00,0x00,0x02,0x0b,0x40,0x00,0x00,0x00,0x00,0x26,0x41,0x00,0x00,0x00,0x5d,0x58,
0x00,0x00,0x00,0x09,0x40,0x00,0x00,0x00,0x04,0x0b,0x40,0x00,0x00,0x00,0x00,0x26,
0x0c,0x50,0x00,0x00,0x0a,0x06,0x42,0x00,0x00,0x0a,0x33,0x41,0x00,0x00,0x00,0x5d,
0x58,0x00,0x00,0x00,0x04,0x4d,0x00,0x00,0x00,0x50,0x41,0x00,0x00,0x00,0x50,0x58,
0x00,0x00,0x00,0x17,0x4d,0x00,0x00,0x00,0x5e,0x41,0x00,0x00,0x00,0x50,0x58,0x00,
0x00,0x00,0x1b,0x4d,0x00,0x00,0x00,0x5f,0x41,0x00,0x00,0x00,0x78,0x41,0x00,0x00,
0x00,0x5e,0x03,0x4d,0x00,0x00,0x00,0x78,0x41,0x00,0x00,0x00,0xd0,0x41,0x00,0x00,
0x00,0x5f,0x03,0x4d,0x00,0x00,0x00,0xd0,0x44,0x00,0x00,0x00,0x5d,0x40,0x00,0x00,
0x00,0x00,0x4d,0x00,0x00,0x00,0x60,0x40,0x00,0x00,0x0a,0x81,0x40,0x00,0x00,0x00,
0x04,0x4d,0x00,0x00,0x00,0x5d,0x40,0x00,0x00,0x00,0x00,0x40,0x00,0x00,0x00,0x01,
0x40,0xff,0xff,0xff,0xff,0x05,0x40,0x00,0x00,0x0a,0x9a,0x40,0x00,0x00,0x00,0x00,
0x4d,0x00,0x00,0x00,0x5e,0x41,0x00,0x00,0x00,0x01,0x40,0x00,0x00,0x00,0x01,0x41,
0x00,0x00,0x00,0x5e,0x58,0x00,0x00,0x00,0x09,0x40,0x00,0x00,0x00,0x02,0x0b,0x40,
0x00,0x00,0x00,0x00,0x26,0x41,0x00,0x00,0x00,0x5e,0x58,0x00,0x00,0x00,0x09,0x40,
0x00,0x00,0x00,0x04,0x0b,0x40,0x00,0x00,0x00,0x00,0x26,0x0c,0x50,0x00,0x00,0x0a,
0xd1,0x42,0x00,0x00,0x0b,0x45,0x41,0x00,0x00,0x00,0x5e,0x58,0x00,0x00,0x00,0x04,
0x4d,0x00,0x00,0x00,0x50,0x40,0x00,0x00,0x0b,0x04,0x40,0x00,0x00,0x00,0x00,0x4d,
0x00,0x00,0x00,0x5f,0x41,0x00,0x00,0x00,0x50,0x58,0x00,0x00,0x00,0x17,0x40,0x00,
0x00,0x00,0x01,0x04,0x40,0x00,0x00,0x00,0x01,0x41,0x00,0x00,0x00,0x5f,0x40,0x00,
0x00,0x00,0x05,0x07,0x41,0x00,0x00,0x00,0x5d,0x26,0x50,0x00,0x00,0x0b,0x2b,0x41,
0x00,0x00,0x00,0x60,0x40,0x00,0x00,0x00,0x01,0x02,0x01,0x4f,0x00,0x00,0x00,0x44,
0x41,0x00,0x00,0x00,0x60,0x40,0x00,0x00,0x00,0x01,0x03,0x4d,0x00,0x00,0x00,0x60,
0x44,0x00,0x00,0x00,0x5f,0x42,0x00,0x00,0x0b,0x55,0x41,0x00,0x00,0x00,0x60,0x40,
0x00,0x00,0x00,0x01,0x03,0x4d,0x00,0x00,0x00,0x60,0x44,0x00,0x00,0x00,0x5e,0x44,
0x00,0x00,0x00,0x5d,0x40,0x00,0x00,0x00,0x00,0x4d,0x00,0x00,0x00,0x6e,0x40,0x00,
0x00,0x0b,0x82,0x40,0x00,0x00,0x00,0x00,0x4d,0x00,0x00,0x00,0x5d,0x41,0x00,0x00,
0x00,0x01,0x40,0x00,0x00,0x00,0x01,0x40,0x00,0x00,0x00,0x01,0x4d,0x00,0x00,0x00,
0x5e,0x41,0x00,0x00,0x00,0x5d,0x58,0x00,0x00,0x00,0x09,0x40,0x00,0x00,0x00,0x01,
0x0b,0x40,0x00,0x00,0x00,0x00,0x26,0x41,0x00,0x00,0x00,0x5d,0x58,0x00,0x00,0x00,
0x09,0x40,0x00,0x00,0x00,0x04,0x0b,0x40,0x00,0x00,0x00,0x00,0x26,0x0c,0x50,0x00,
0x00,0x0b,0xc3,0x42,0x00,0x00,0x0b,0xe1,0x41,0x00,0x00,0x00,0x5d,0x58,0x00,0x00,
0x00,0x04,0x4d,0x00,0x00,0x00,0x50,0x41,0x00,0x00,0x00,0x50,0x58,0x00,0x00,0x00,
0x16,0x4d,0x00,0x00,0x00,0x5e,0x41,0x00,0x00,0x00,0x6e,0x41,0x00,0x00,0x00,0x5e,
0x03,0x4d,0x00,0x00,0x00,0x6e,0x44,0x00,0x00,0x00,0x5d,0x40,0x00,0x00,0x00,0x00,
0x4d,0x00,0x00,0x00,0x6f,0x40,0x00,0x00,0x0c,0x19,0x40,0x00,0x00,0x00,0x00,0x4d,
0x00,0x00,0x00,0x5d,0x41,0x00,0x00,0x00,0x01,0x40,0x00,0x00,0x00,0x01,0x40,0x00,
0x00,0x00,0x01,0x4d,0x00,0x00,0x00,0x5e,0x41,0x00,0x00,0x00,0x5d,0x58,0x00,0x00,
0x00,0x09,0x40,0x00,0x00,0x01,0x00,0x0b,0x40,0x00,0x00,0x00,0x00,0x26,0x41,0x00,
0x00,0x00,0x5d,0x58,0x00,0x00,0x00,0x09,0x40,0x00,0x00,0x00,0x04,0x0b,0x40,0x00,
0x00,0x00,0x00,0x26,0x0c,0x50,0x00,0x00,0x0c,0x5a,0x42,0x00,0x00,0x0c,0x78,0x41,
0x00,0x00,0x00,0x5d,0x58,0x00,0x00,0x00,0x04,0x4d,0x00,0x00,0x00,0x50,0x41,0x00,
0x00,0x00,0x50,0x58,0x00,0x00,0x00,0x16,0x4d,0x00,0x00,0x00,0x5e,0x41,0x00,0x00,
0x00,0x6f,0x41,0x00,0x00,0x00,0x5e,0x03,0x4d,0x00,0x00,0x00,0x6f,0x44,0x00,0x00,
0x00,0x5d,0x40,0x00,0x00,0x00,0x00,0x4d,0x00,0x00,0x00,0x70,0x40,0x00,0x00,0x0c,
0xb0,0x40,0x00,0x00,0x00,0x00,0x4d,0x00,0x00,0x00,0x5d,0x41,0x00,0x00,0x00,0x01,
0x40,0x00,0x00,0x00,0x01,0x40,0x00,0x00,0x00,0x01,0x4d,0x00,0x00,0x00,0x5e,0x41,
0x00,0x00,0x00,0x5d,0x58,0x00,0x00,0x00,0x09,0x40,0x00,0x00,0x00,0x02,0x0b,0x40,
0x00,0x00,0x00,0x00,0x26,0x41,0x00,0x00,0x00,0x5d,0x58,0x00,0x00,0x00,0x09,0x40,
0x00,0x00,0x00,0x04,0x0b,0x40,0x00,0x00,0x00,0x00,0x26,0x0c,0x50,0x00,0x00,0x0c,
0xf1,0x42,0x00,0x00,0x0d,0x0f,0x41,0x00,0x00,0x00,0x5d,0x58,0x00,0x00,0x00,0x04,
0x4d,0x00,0x00,0x00,0x50,0x41,0x00,0x00,0x00,0x50,0x58,0x00,0x00,0x00,0x16,0x4d,
0x00,0x00,0x00,0x5e,0x41,0x00,0x00,0x00,0x70,0x41,0x00,0x00,0x00,0x5e,0x03,0x4d,
0x00,0x00,0x00,0x70,0x44,0x00,0x00,0x00,0x5d,0x40,0x00,0x00,0x00,0x00,0x4d,0x00,
0x00,0x00,0x71,0x40,0x00,0x00,0x0d,0x47,0x40,0x00,0x00,0x00,0x00,0x4d,0x00,0x00,
0x00,0x5d,0x41,0x00,0x00,0x00,0x01,0x40,0x00,0x00,0x00,0x01,0x40,0x00,0x00,0x00,
0x01,0x4d,0x00,0x00,0x00,0x5e,0x41,0x00,0x00,0x00,0x5d,0x58,0x00,0x00,0x00,0x09,
0x40,0x00,0x00,0x08,0x00,0x0b,0x40,0x00,0x00,0x00,0x00,0x26,0x41,0x00,0x00,0x00,
0x5d,0x58,0x00,0x00,0x00,0x09,0x40,0x00,0x00,0x00,0x04,0x0b,0x40,0x00,0x00,0x00,
0x00,0x26,0x0c,0x50,0x00,0x00,0x0d,0x88,0x42,0x00,0x00,0x0d,0xa6,0x41,0x00,0x00,
0x00,0x5d,0x58,0x00,0x00,0x00,0x04,0x4d,0x00,0x00,0x00,0x50,0x41,0x00,0x00,0x00,
0x50,0x58,0x00,0x00,0x00,0x16,0x4d,0x00,0x00,0x00,0x5e,0x41,0x00,0x00,0x00,0x71,
0x41,0x00,0x00,0x00,0x5e,0x03,0x4d,0x00,0x00,0x00,0x71,0x44,0x00,0x00,0x00,0x5d,
0x41,0x00,0x00,0x00,0x70,0x4d,0x00,0x00,0x00,0x72,0x41,0x00,0x00,0x00,0x6e,0x41,
0x00,0x00,0x00,0x72,0x0f,0x50,0x00,0x00,0x0d,0xdf,0x41,0x00,0x00,0x00,0x6e,0x4d,
0x00,0x00,0x00,0x72,0x41,0x00,0x00,0x00,0x6f,0x41,0x00,0x00,0x00,0x72,0x0f,0x50,
0x00,0x00,0x0d,0xf9,0x41,0x00,0x00,0x00,0x6f,0x4d,0x00,0x00,0x00,0x72,0x41,0x00,
0x00,0x00,0x71,0x41,0x00,0x00,0x00,0x72,0x0f,0x50,0x00,0x00,0x0e,0x13,0x41,0x00,
0x00,0x00,0x71,0x4d,0x00,0x00,0x00,0x72,0x40,0x00,0x00,0x00,0x20,0x41,0x00,0x00,
0x00,0x01,0x03,0x4d,0x00,0x00,0x00,0x74,0x40,0x00,0x00,0x00,0x02,0x40,0x00,0x00,
0x00,0x05,0x05,0x40,0x00,0x00,0x00,0x05,0x05,0x41,0x00,0x00,0x00,0xd0,0x05,0x41,
0x00,0x00,0x00,0x74,0x0f,0x50,0x00,0x00,0x0e,0x61,0x40,0x00,0x00,0x00,0x02,0x40,
0x00,0x00,0x00,0x05,0x05,0x40,0x00,0x00,0x00,0x05,0x05,0x41,0x00,0x00,0x00,0xd0,
0x05,0x4d,0x00,0x00,0x00,0x74,0x40,0x00,0x00,0x00,0x02,0x40,0x00,0x00,0x00,0x05,
0x05,0x41,0x00,0x00,0x00,0xcd,0x05,0x41,0x00,0x00,0x00,0x74,0x0f,0x50,0x00,0x00,
0x0e,0x93,0x40,0x00,0x00,0x00,0x02,0x40,0x00,0x00,0x00,0x05,0x05,0x41,0x00,0x00,
0x00,0xcd,0x05,0x4d,0x00,0x00,0x00,0x74,0x41,0x00,0x00,0x00,0xce,0x41,0x00,0x00,
0x00,0x74,0x0f,0x50,0x00,0x00,0x0e,0xad,0x41,0x00,0x00,0x00,0xce,0x4d,0x00,0x00,
0x00,0x74,0x41,0x00,0x00,0x00,0xcf,0x41,0x00,0x00,0x00,0x74,0x0f,0x50,0x00,0x00,
0x0e,0xc7,0x41,0x00,0x00,0x00,0xcf,0x4d,0x00,0x00,0x00,0x74,0x41,0x00,0x00,0x00,
0xd1,0x41,0x00,0x00,0x00,0x74,0x0f,0x50,0x00,0x00,0x0e,0xe1,0x41,0x00,0x00,0x00,
0xd1,0x4d,0x00,0x00,0x00,0x74,0x41,0x00,0x00,0x00,0xd2,0x41,0x00,0x00,0x00,0x74,
0x0f,0x50,0x00,0x00,0x0e,0xfb,0x41,0x00,0x00,0x00,0xd2,0x4d,0x00,0x00,0x00,0x74,
0x41,0x00,0x00,0x00,0xd3,0x41,0x00,0x00,0x00,0x74,0x0f,0x50,0x00,0x00,0x0f,0x15,
0x41,0x00,0x00,0x00,0xd3,0x4d,0x00,0x00,0x00,0x74,0x41,0x00,0x00,0x00,0x72,0x4d,
0x00,0x00,0x00,0x73,0x41,0x00,0x00,0x00,0x75,0x41,0x00,0x00,0x00,0x73,0x0f,0x50,
0x00,0x00,0x0f,0x39,0x41,0x00,0x00,0x00,0x75,0x4d,0x00,0x00,0x00,0x73,0x41,0x00,
0x00,0x00,0x76,0x41,0x00,0x00,0x00,0x73,0x0f,0x50,0x00,0x00,0x0f,0x53,0x41,0x00,
0x00,0x00,0x76,0x4d,0x00,0x00,0x00,0x73,0x41,0x00,0x00,0x00,0x77,0x41,0x00,0x00,
0x00,0x73,0x0f,0x50,0x00,0x00,0x0f,0x6d,0x41,0x00,0x00,0x00,0x77,0x4d,0x00,0x00,
0x00,0x73,0x41,0x00,0x00,0x00,0x79,0x41,0x00,0x00,0x00,0x73,0x0f,0x50,0x00,0x00,
0x0f,0x87,0x41,0x00,0x00,0x00,0x79,0x4d,0x00,0x00,0x00,0x73,0x41,0x00,0x00,0x00,
0x7a,0x41,0x00,0x00,0x00,0x73,0x0f,0x50,0x00,0x00,0x0f,0xa1,0x41,0x00,0x00,0x00,
0x7a,0x4d,0x00,0x00,0x00,0x73,0x41,0x00,0x00,0x00,0x7b,0x41,0x00,0x00,0x00,0x73,
0x0f,0x50,0x00,0x00,0x0f,0xbb,0x41,0x00,0x00,0x00,0x7b,0x4d,0x00,0x00,0x00,0x73,
0x41,0x00,0x00,0x00,0x74,0x41,0x00,0x00,0x00,0x73,0x0f,0x50,0x00,0x00,0x0f,0xd5,
0x41,0x00,0x00,0x00,0x74,0x4d,0x00,0x00,0x00,0x73,0x40,0x00,0x00,0x0f,0xf4,0x40,
0x00,0x00,0x00,0x00,0x4d,0x00,0x00,0x00,0x5d,0x41,0x00,0x00,0x00,0x73,0x40,0x00,
0x00,0x00,0x01,0x04,0x40,0x00,0x00,0x00,0x01,0x41,0x00,0x00,0x00,0x5d,0x40,0x00,
0x00,0x00,0x00,0x02,0x01,0x4f,0x00,0x00,0x00,0x48,0x41,0x00,0x00,0x00,0x5d,0x40,
0x00,0x00,0x00,0x01,0x02,0x01,0x4f,0x00,0x00,0x00,0x4a,0x44,0x00,0x00,0x00,0x5d,
0x40,0x00,0x00,0x00,0x00,0x4d,0x00,0x00,0x00,0x87,0x40,0x00,0x00,0x10,0x3e,0x40,
0x00,0x00,0x00,0x00,0x4d,0x00,0x00,0x00,0x5d,0x41,0x00,0x00,0x00,0x01,0x40,0x00,
0x00,0x00,0x01,0x41,0x00,0x00,0x00,0x5d,0x58,0x00,0x00,0x00,0x09,0x40,0x00,0x00,
0x00,0x02,0x0b,0x40,0x00,0x00,0x00,0x00,0x26,0x41,0x00,0x00,0x00,0x5d,0x58,0x00,
0x00,0x00,0x09,0x40,0x00,0x00,0x00,0x04,0x0b,0x40,0x00,0x00,0x00,0x00,0x26,0x0c,
0x50,0x00,0x00,0x10,0x75,0x42,0x00,0x00,0x10,0xa8,0x41,0x00,0x00,0x00,0x5d,0x58,
0x00,0x00,0x00,0x04,0x4d,0x00,0x00,0x00,0x50,0x41,0x00,0x00,0x00,0x87,0x41,0x00,
0x00,0x00,0x50,0x58,0x00,0x00,0x00,0x1d,0x10,0x50,0x00,0x00,0x10,0xa8,0x41,0x00,
0x00,0x00,0x50,0x58,0x00,0x00,0x00,0x1d,0x4d,0x00,0x00,0x00,0x87,0x44,0x00,0x00,
0x00,0x5d,0x40,0x00,0x00,0x00,0x00,0x4d,0x00,0x00,0x00,0x67,0x40,0x00,0x00,0x00,
0x00,0x4d,0x00,0x00,0x00,0x68,0x40,0x00,0x00,0x10,0xda,0x40,0x00,0x00,0x00,0x00,
0x4d,0x00,0x00,0x00,0x5d,0x41,0x00,0x00,0x00,0x01,0x40,0x00,0x00,0x00,0x01,0x41,
0x00,0x00,0x00,0x67,0x41,0x00,0x00,0x00,0x5d,0x58,0x00,0x00,0x00,0x0a,0x03,0x4d,
0x00,0x00,0x00,0x67,0x41,0x00,0x00,0x00,0x5d,0x58,0x00,0x00,0x00,0x0a,0x41,0x00,
0x00,0x00,0x68,0x0f,0x50,0x00,0x00,0x11,0x13,0x41,0x00,0x00,0x00,0x5d,0x58,0x00,
0x00,0x00,0x0a,0x4d,0x00,0x00,0x00,0x68,0x44,0x00,0x00,0x00,0x5d,0x40,0x00,0x00,
0x11,0x37,0x40,0x00,0x00,0x00,0x00,0x4d,0x00,0x00,0x00,0x5d,0x41,0x00,0x00,0x00,
0x68,0x40,0x00,0x00,0x00,0x01,0x04,0x40,0x00,0x00,0x00,0x01,0x41,0x00,0x00,0x00,
0x5d,0x40,0x00,0x00,0x00,0x01,0x02,0x01,0x4f,0x00,0x00,0x00,0x42,0x44,0x00,0x00,
0x00,0x5d,0x40,0x00,0x00,0x11,0x66,0x40,0x00,0x00,0x00,0x00,0x4d,0x00,0x00,0x00,
0x5d,0x40,0x00,0x00,0x00,0x04,0x40,0x00,0x00,0x00,0x01,0x40,0x00,0x00,0x00,0x0a,
0x41,0x00,0x00,0x00,0x5d,0x05,0x4d,0x00,0x00,0x00,0x5e,0x41,0x00,0x00,0x00,0x5e,
0x40,0x00,0x00,0x00,0x09,0x03,0x41,0x00,0x00,0x00,0x5e,0x40,0x00,0x00,0x00,0x16,
0x2f,0x40,0x00,0x00,0x00,0x1f,0x4f,0x00,0x00,0x00,0xd7,0x40,0x00,0x00,0x00,0x0f,
0x2f,0x80,0x00,0x00,0x00,0xd7,0x00,0x00,0x00,0x4b,0x41,0x00,0x00,0x00,0x5e,0x40,
0x00,0x00,0x00,0x09,0x03,0x41,0x00,0x00,0x00,0x5e,0x40,0x00,0x00,0x00,0x1a,0x2f,
0x40,0x00,0x00,0x00,0x1f,0x4f,0x00,0x00,0x00,0xd8,0x40,0x00,0x00,0x00,0x0f,0x2f,
0x80,0x00,0x00,0x00,0xd8,0x00,0x00,0x00,0x4c,0x41,0x00,0x00,0x00,0x5e,0x40,0x00,
0x00,0x00,0x09,0x03,0x41,0x00,0x00,0x00,0x5e,0x40,0x00,0x00,0x00,0x22,0x2f,0x40,
0x00,0x00,0x00,0x1f,0x4f,0x00,0x00,0x00,0xd9,0x40,0x00,0x00,0x00,0x0f,0x2f,0x80,
0x00,0x00,0x00,0xd9,0x00,0x00,0x00,0x4d,0x41,0x00,0x00,0x00,0x5e,0x40,0x00,0x00,
0x00,0x09,0x03,0x41,0x00,0x00,0x00,0x5e,0x40,0x00,0x00,0x00,0x26,0x2f,0x40,0x00,
0x00,0x00,0x1f,0x4f,0x00,0x00,0x00,0xda,0x40,0x00,0x00,0x00,0x0f,0x2f,0x80,0x00,
0x00,0x00,0xda,0x00,0x00,0x00,0x4e,0x40,0x00,0x00,0x12,0x4b,0x40,0x00,0x00,0x00,
0x00,0x4d,0x00,0x00,0x00,0x5f,0x40,0x00,0x00,0x00,0x02,0x40,0x00,0x00,0x00,0x01,
0x40,0x00,0x00,0x00,0x00,0x4d,0x00,0x00,0x00,0x5b,0x41,0x00,0x00,0x00,0x5d,0x40,
0x00,0x00,0x00,0x01,0x41,0x00,0x00,0x00,0x5f,0x08,0x0b,0x40,0x00,0x00,0x00,0x00,
0x26,0x0e,0x50,0x00,0x00,0x12,0x7c,0x40,0x00,0x00,0x00,0x01,0x4d,0x00,0x00,0x00,
0x5b,0x41,0x00,0x00,0x00,0x5e,0x41,0x00,0x00,0x00,0x5f,0x03,0x40,0x00,0x00,0x00,
0x07,0x03,0x41,0x00,0x00,0x00,0x5b,0x02,0x01,0x4f,0x00,0x00,0x00,0x4b,0x41,0x00,
0x00,0x00,0x5e,0x41,0x00,0x00,0x00,0x5f,0x03,0x40,0x00,0x00,0x00,0x07,0x03,0x41,
0x00,0x00,0x00,0x5b,0x02,0x01,0x4f,0x00,0x00,0x00,0x4c,0x41,0x00,0x00,0x00,0x5e,
0x41,0x00,0x00,0x00,0x5f,0x03,0x40,0x00,0x00,0x00,0x07,0x03,0x41,0x00,0x00,0x00,
0x5b,0x02,0x01,0x4f,0x00,0x00,0x00,0x4d,0x41,0x00,0x00,0x00,0x5e,0x41,0x00,0x00,
0x00,0x5f,0x03,0x40,0x00,0x00,0x00,0x07,0x03,0x41,0x00,0x00,0x00,0x5b,0x02,0x01,
0x4f,0x00,0x00,0x00,0x4e,0x44,0x00,0x00,0x00,0x5f,0x44,0x00,0x00,0x00,0x5d,0x40,
0x00,0x00,0x13,0x13,0x40,0x00,0x00,0x00,0x00,0x4d,0x00,0x00,0x00,0x5d,0x40,0x00,
0x00,0x00,0x06,0x40,0x00,0x00,0x00,0x01,0x40,0x00,0x00,0x00,0x0a,0x41,0x00,0x00,
0x00,0x5d,0x05,0x4d,0x00,0x00,0x00,0x5e,0x41,0x00,0x00,0x00,0x5e,0x40,0x00,0x00,
0x00,0x09,0x03,0x41,0x00,0x00,0x00,0x5e,0x40,0x00,0x00,0x00,0x2a,0x2f,0x40,0x00,
0x00,0x00,0x1f,0x4f,0x00,0x00,0x00,0xdb,0x40,0x00,0x00,0x00,0x0f,0x2f,0x80,0x00,
0x00,0x00,0xdb,0x00,0x00,0x00,0x4f,0x40,0x00,0x00,0x13,0x6b,0x40,0x00,0x00,0x00,
0x00,0x4d,0x00,0x00,0x00,0x5f,0x40,0x00,0x00,0x00,0x02,0x40,0x00,0x00,0x00,0x01,
0x40,0x00,0x00,0x00,0x00,0x4d,0x00,0x00,0x00,0x5b,0x41,0x00,0x00,0x00,0x5d,0x40,
0x00,0x00,0x00,0x01,0x41,0x00,0x00,0x00,0x5f,0x08,0x0b,0x40,0x00,0x00,0x00,0x00,
0x26,0x0e,0x50,0x00,0x00,0x13,0x9c,0x40,0x00,0x00,0x00,0x01,0x4d,0x00,0x00,0x00,
0x5b,0x41,0x00,0x00,0x00,0x5e,0x41,0x00,0x00,0x00,0x5f,0x03,0x40,0x00,0x00,0x00,
0x07,0x03,0x41,0x00,0x00,0x00,0x5b,0x02,0x01,0x4f,0x00,0x00,0x00,0x4f,0x44,0x00,
0x00,0x00,0x5f,0x44,0x00,0x00,0x00,0x5d,0x40,0x00,0x00,0x13,0xdc,0x40,0x00,0x00,
0x00,0x00,0x4d,0x00,0x00,0x00,0x5d,0x41,0x00,0x00,0x00,0x01,0x40,0x00,0x00,0x00,
0x01,0x41,0x00,0x00,0x00,0x5d,0x40,0x00,0x00,0x00,0x00,0x02,0x4e,0x00,0x00,0x00,
0x3d,0x41,0x00,0x00,0x00,0x5d,0x58,0x00,0x00,0x00,0x09,0x40,0x00,0x00,0x01,0x00,
0x0b,0x40,0x00,0x00,0x00,0x00,0x26,0x41,0x00,0x00,0x00,0x5d,0x58,0x00,0x00,0x00,
0x09,0x40,0x00,0x00,0x00,0x04,0x0b,0x40,0x00,0x00,0x00,0x00,0x26,0x0c,0x50,0x00,
0x00,0x14,0x23,0x42,0x00,0x00,0x14,0x58,0x41,0x00,0x00,0x00,0x5d,0x58,0x00,0x00,
0x00,0x04,0x4d,0x00,0x00,0x00,0x50,0x41,0x00,0x00,0x00,0x5d,0x41,0x00,0x00,0x00,
0x50,0x58,0x00,0x00,0x00,0x1b,0x40,0x00,0x00,0x00,0x50,0x41,0x00,0x00,0x00,0x50,
0x58,0x00,0x00,0x00,0x1c,0x05,0x04,0x02,0x4e,0x00,0x00,0x00,0x3d,0x44,0x00,0x00,
0x00,0x5d,0x40,0x00,0x00,0x14,0x67,0x42,0x00,0x00,0x28,0xf3,0x49,0x00,0x00,0x00,
0x0d,0x4a,0x00,0x00,0x00,0x01,0x48,0x00,0x00,0x00,0x01,0x41,0x00,0x00,0x00,0xb9,
0x41,0x00,0x00,0x00,0xb3,0x0c,0x41,0x00,0x00,0x00,0xb4,0x0c,0x41,0x00,0x00,0x00,
0xb7,0x0c,0x41,0x00,0x00,0x00,0xb1,0x0c,0x41,0x00,0x00,0x00,0xb0,0x0c,0x0e,0x41,
0x00,0x00,0x00,0xb6,0x0b,0x50,0x00,0x00,0x14,0xaa,0x42,0x00,0x00,0x1f,0x8e,0x40,
0x00,0x00,0x00,0x00,0x4d,0x00,0x00,0x00,0x53,0x40,0x00,0x00,0x14,0xcd,0x40,0x00,
0x00,0x00,0x00,0x4d,0x00,0x00,0x00,0x5d,0x41,0x00,0x00,0x00,0x01,0x40,0x00,0x00,
0x00,0x01,0x41,0x00,0x00,0x00,0x5d,0x58,0x00,0x00,0x00,0x3b,0x40,0x00,0x00,0x00,
0x20,0x0b,0x40,0x00,0x00,0x00,0x00,0x26,0x0e,0x41,0x00,0x00,0x00,0x5d,0x58,0x00,
0x00,0x00,0x3b,0x40,0x00,0x00,0x00,0x04,0x0b,0x40,0x00,0x00,0x00,0x00,0x26,0x0e,
0x0b,0x41,0x00,0x00,0x00,0x5d,0x58,0x00,0x00,0x00,0x3b,0x40,0x00,0x00,0x00,0x40,
0x0b,0x40,0x00,0x00,0x00,0x00,0x26,0x0e,0x0b,0x50,0x00,0x00,0x15,0x23,0x40,0x00,
0x00,0x00,0x20,0x4d,0x00,0x00,0x00,0x53,0x44,0x00,0x00,0x00,0x5d,0x41,0x00,0x00,
0x00,0x53,0x40,0x00,0x00,0x00,0x20,0x26,0x0e,0x50,0x00,0x00,0x15,0x3e,0x42,0x00,
0x00,0x16,0xb8,0x40,0x00,0x00,0x15,0x57,0x40,0x00,0x00,0x00,0x00,0x4d,0x00,0x00,
0x00,0x5d,0x41,0x00,0x00,0x00,0x01,0x40,0x00,0x00,0x00,0x01,0x41,0x00,0x00,0x00,
0x5d,0x58,0x00,0x00,0x00,0x3b,0x40,0x00,0x00,0x00,0x20,0x0b,0x40,0x00,0x00,0x00,
0x00,0x26,0x0e,0x41,0x00,0x00,0x00,0x5d,0x58,0x00,0x00,0x00,0x3b,0x40,0x00,0x00,
0x00,0x04,0x0b,0x40,0x00,0x00,0x00,0x00,0x26,0x0e,0x0b,0x41,0x00,0x00,0x00,0x5d,
0x58,0x00,0x00,0x00,0x3b,0x40,0x00,0x00,0x00,0x40,0x0b,0x40,0x00,0x00,0x00,0x00,
0x26,0x0b,0x50,0x00,0x00,0x15,0xbd,0x41,0x00,0x00,0x00,0x5d,0x41,0x00,0x00,0x00,
0x5d,0x58,0x00,0x00,0x00,0x3b,0x40,0x00,0x00,0x00,0x08,0x0c,0x02,0x4e,0x00,0x00,
0x00,0x3b,0x44,0x00,0x00,0x00,0x5d,0x40,0x00,0x00,0x00,0x09,0x40,0x00,0x00,0x00,
0x00,0x40,0x00,0x00,0x02,0x81,0x2f,0x40,0x00,0x00,0x00,0x1f,0x4f,0x00,0x00,0x00,
0xdc,0x40,0x00,0x00,0x00,0x0f,0x2f,0x80,0x00,0x00,0x00,0xdc,0x00,0x00,0x00,0x3f,
0x40,0x00,0x00,0x15,0xf5,0x42,0x00,0x00,0x59,0xbb,0x40,0x00,0x00,0x16,0x0e,0x40,
0x00,0x00,0x00,0x00,0x4d,0x00,0x00,0x00,0x5d,0x40,0x00,0x00,0x00,0xc8,0x40,0x00,
0x00,0x00,0x01,0x40,0x00,0x00,0x02,0x00,0x40,0x00,0x00,0x02,0x00,0x2f,0x2f,0x4b,
0x00,0x00,0x00,0x02,0x4c,0x00,0x00,0x00,0x03,0x84,0x00,0x00,0x00,0x01,0x00,0x00,
0x00,0x01,0x27,0x44,0x00,0x00,0x00,0x5d,0x40,0x00,0x00,0x16,0x4c,0x40,0x00,0x00,
0x00,0x00,0x4d,0x00,0x00,0x00,0x5d,0x41,0x00,0x00,0x00,0x01,0x40,0x00,0x00,0x00,
0x01,0x41,0x00,0x00,0x00,0x5d,0x58,0x00,0x00,0x00,0x3b,0x40,0x00,0x00,0x00,0x20,
0x0b,0x40,0x00,0x00,0x00,0x00,0x26,0x0e,0x41,0x00,0x00,0x00,0x5d,0x58,0x00,0x00,
0x00,0x3b,0x40,0x00,0x00,0x00,0x04,0x0b,0x40,0x00,0x00,0x00,0x00,0x26,0x0e,0x0b,
0x41,0x00,0x00,0x00,0x5d,0x58,0x00,0x00,0x00,0x3b,0x40,0x00,0x00,0x00,0x40,0x0b,
0x40,0x00,0x00,0x00,0x00,0x26,0x0b,0x50,0x00,0x00,0x16,0xb3,0x41,0x00,0x00,0x00,
0x5d,0x41,0x00,0x00,0x00,0x5d,0x58,0x00,0x00,0x00,0x3b,0x40,0x00,0x00,0x00,0x08,
0x0a,0x0b,0x02,0x4e,0x00,0x00,0x00,0x3b,0x44,0x00,0x00,0x00,0x5d,0x41,0x00,0x00,
0x00,0xb9,0x41,0x00,0x00,0x00,0xba,0x0c,0x41,0x00,0x00,0x00,0xbb,0x0c,0x50,0x00,
0x00,0x16,0xd8,0x40,0x00,0x00,0x16,0xd8,0x42,0x00,0x00,0x2b,0x22,0x41,0x00,0x00,
0x00,0x92,0x40,0x00,0x00,0x00,0x00,0x26,0x0e,0x50,0x00,0x00,0x16,0xee,0x42,0x00,
0x00,0x1f,0x8e,0x40,0x00,0x00,0x17,0x07,0x40,0x00,0x00,0x00,0x00,0x4d,0x00,0x00,
0x00,0x5d,0x41,0x00,0x00,0x00,0x01,0x40,0x00,0x00,0x00,0x01,0x41,0x00,0x00,0x00,
0x5d,0x58,0x00,0x00,0x00,0x3b,0x40,0x00,0x00,0x00,0x01,0x40,0x00,0x00,0x00,0x02,
0x0c,0x0b,0x40,0x00,0x00,0x00,0x00,0x26,0x0e,0x41,0x00,0x00,0x00,0x5d,0x58,0x00,
0x00,0x00,0x3b,0x40,0x00,0x00,0x00,0x04,0x0b,0x40,0x00,0x00,0x00,0x00,0x26,0x0e,
0x0b,0x41,0x00,0x00,0x00,0x5d,0x58,0x00,0x00,0x00,0x3b,0x40,0x00,0x00,0x00,0x08,
0x0b,0x40,0x00,0x00,0x00,0x00,0x26,0x0b,0x50,0x00,0x00,0x17,0x68,0x40,0x00,0x00,
0x00,0x01,0x40,0x00,0x00,0x00,0x02,0x0c,0x4d,0x00,0x00,0x00,0x53,0x44,0x00,0x00,
0x00,0x5d,0x41,0x00,0x00,0x00,0x53,0x40,0x00,0x00,0x00,0x01,0x40,0x00,0x00,0x00,
0x02,0x0c,0x26,0x0e,0x50,0x00,0x00,0x17,0x89,0x42,0x00,0x00,0x17,0xd9,0x40,0x00,
0x00,0x00,0x09,0x40,0x00,0x00,0x00,0x00,0x40,0x00,0x00,0x00,0x71,0x2f,0x40,0x00,
0x00,0x00,0x1f,0x4f,0x00,0x00,0x00,0xdd,0x40,0x00,0x00,0x00,0x0f,0x2f,0x80,0x00,
0x00,0x00,0xdd,0x00,0x00,0x00,0x3f,0x40,0x00,0x00,0x17,0xbc,0x42,0x00,0x00,0x59,
0xbb,0x40,0x00,0x00,0x27,0x10,0x2f,0x02,0x2f,0x2f,0x4b,0x00,0x00,0x00,0x02,0x4c,
0x00,0x00,0x00,0x03,0x84,0x00,0x00,0x00,0x01,0x00,0x00,0x00,0x01,0x27,0x40,0x00,
0x00,0x17,0xf2,0x40,0x00,0x00,0x00,0x00,0x4d,0x00,0x00,0x00,0x5d,0x41,0x00,0x00,
0x00,0x01,0x40,0x00,0x00,0x00,0x01,0x41,0x00,0x00,0x00,0x5d,0x58,0x00,0x00,0x00,
0x3b,0x40,0x00,0x00,0x01,0x00,0x0b,0x40,0x00,0x00,0x00,0x00,0x26,0x0e,0x41,0x00,
0x00,0x00,0x5d,0x58,0x00,0x00,0x00,0x3b,0x40,0x00,0x00,0x00,0x04,0x0b,0x40,0x00,
0x00,0x00,0x00,0x26,0x0e,0x0b,0x41,0x00,0x00,0x00,0x5d,0x58,0x00,0x00,0x00,0x3b,
0x40,0x00,0x00,0x00,0x08,0x0b,0x40,0x00,0x00,0x00,0x00,0x26,0x0b,0x50,0x00,0x00,
0x18,0x47,0x40,0x00,0x00,0x01,0x00,0x4d,0x00,0x00,0x00,0x53,0x44,0x00,0x00,0x00,
0x5d,0x41,0x00,0x00,0x00,0x53,0x40,0x00,0x00,0x01,0x00,0x26,0x0e,0x50,0x00,0x00,
0x18,0x62,0x42,0x00,0x00,0x18,0xbc,0x40,0x00,0x00,0x00,0x09,0x40,0x00,0x00,0x00,
0x00,0x40,0x00,0x00,0x03,0x32,0x2f,0x40,0x00,0x00,0x00,0x1f,0x4f,0x00,0x00,0x00,
0xde,0x40,0x00,0x00,0x00,0x0f,0x2f,0x80,0x00,0x00,0x00,0xde,0x00,0x00,0x00,0x3f,
0x40,0x00,0x00,0x18,0x95,0x42,0x00,0x00,0x59,0xbb,0x40,0x00,0x00,0x27,0x10,0x2f,
0x02,0x2f,0x2f,0x4b,0x00,0x00,0x00,0x02,0x4c,0x00,0x00,0x00,0x03,0x84,0x00,0x00,
0x00,0x01,0x00,0x00,0x00,0x01,0x27,0x40,0x00,0x00,0x00,0x00,0x4d,0x00,0x00,0x00,
0xca,0x40,0x00,0x00,0x18,0xd5,0x40,0x00,0x00,0x00,0x00,0x4d,0x00,0x00,0x00,0x5d,
0x41,0x00,0x00,0x00,0x01,0x40,0x00,0x00,0x00,0x01,0x41,0x00,0x00,0x00,0x5d,0x58,
0x00,0x00,0x00,0x3b,0x40,0x00,0x00,0x02,0x00,0x0b,0x40,0x00,0x00,0x00,0x00,0x26,
0x0e,0x41,0x00,0x00,0x00,0x5d,0x58,0x00,0x00,0x00,0x3b,0x40,0x00,0x00,0x00,0x04,
0x0b,0x40,0x00,0x00,0x00,0x00,0x26,0x0e,0x0b,0x41,0x00,0x00,0x00,0x5d,0x58,0x00,
0x00,0x00,0x3b,0x40,0x00,0x00,0x00,0x08,0x0b,0x40,0x00,0x00,0x00,0x00,0x26,0x0b,
0x50,0x00,0x00,0x19,0x2a,0x40,0x00,0x00,0x02,0x00,0x4d,0x00,0x00,0x00,0x53,0x44,
0x00,0x00,0x00,0x5d,0x41,0x00,0x00,0x00,0x53,0x40,0x00,0x00,0x02,0x00,0x26,0x0e,
0x50,0x00,0x00,0x19,0x45,0x42,0x00,0x00,0x19,0x95,0x40,0x00,0x00,0x00,0x09,0x40,
0x00,0x00,0x00,0x00,0x40,0x00,0x00,0x00,0x44,0x2f,0x40,0x00,0x00,0x00,0x1f,0x4f,
0x00,0x00,0x00,0xdf,0x40,0x00,0x00,0x00,0x0f,0x2f,0x80,0x00,0x00,0x00,0xdf,0x00,
0x00,0x00,0x3f,0x40,0x00,0x00,0x19,0x78,0x42,0x00,0x00,0x59,0xbb,0x40,0x00,0x00,
0x27,0x10,0x2f,0x02,0x2f,0x2f,0x4b,0x00,0x00,0x00,0x02,0x4c,0x00,0x00,0x00,0x03,
0x84,0x00,0x00,0x00,0x01,0x00,0x00,0x00,0x01,0x27,0x40,0x00,0x00,0x19,0xae,0x40,
0x00,0x00,0x00,0x00,0x4d,0x00,0x00,0x00,0x5d,0x41,0x00,0x00,0x00,0x01,0x40,0x00,
0x00,0x00,0x01,0x41,0x00,0x00,0x00,0x5d,0x58,0x00,0x00,0x00,0x3b,0x40,0x00,0x00,
0x08,0x00,0x0b,0x40,0x00,0x00,0x00,0x00,0x26,0x0e,0x41,0x00,0x00,0x00,0x5d,0x58,
0x00,0x00,0x00,0x3b,0x40,0x00,0x00,0x00,0x04,0x0b,0x40,0x00,0x00,0x00,0x00,0x26,
0x0e,0x0b,0x41,0x00,0x00,0x00,0x5d,0x58,0x00,0x00,0x00,0x3b,0x40,0x00,0x00,0x00,
0x08,0x0b,0x40,0x00,0x00,0x00,0x00,0x26,0x0b,0x50,0x00,0x00,0x1a,0x03,0x40,0x00,
0x00,0x08,0x00,0x4d,0x00,0x00,0x00,0x53,0x44,0x00,0x00,0x00,0x5d,0x41,0x00,0x00,
0x00,0x53,0x40,0x00,0x00,0x08,0x00,0x26,0x0e,0x50,0x00,0x00,0x1a,0x1e,0x42,0x00,
0x00,0x1a,0x5f,0x41,0x00,0x00,0x00,0xb3,0x41,0x00,0x00,0x00,0xb0,0x0c,0x50,0x00,
0x00,0x1a,0x38,0x40,0x00,0x00,0x00,0x01,0x4d,0x00,0x00,0x00,0x8c,0x40,0x00,0x00,
0x00,0x00,0x4d,0x00,0x00,0x00,0x8c,0x40,0x00,0x00,0x27,0x10,0x2f,0x02,0x2f,0x2f,
0x4b,0x00,0x00,0x00,0x02,0x4c,0x00,0x00,0x00,0x03,0x84,0x00,0x00,0x00,0x01,0x00,
0x00,0x00,0x01,0x27,0x40,0x00,0x00,0x1a,0x78,0x40,0x00,0x00,0x00,0x00,0x4d,0x00,
0x00,0x00,0x5d,0x41,0x00,0x00,0x00,0x01,0x40,0x00,0x00,0x00,0x01,0x41,0x00,0x00,
0x00,0x5d,0x58,0x00,0x00,0x00,0x3b,0x40,0x00,0x00,0x40,0x00,0x0b,0x40,0x00,0x00,
0x00,0x00,0x26,0x0e,0x41,0x00,0x00,0x00,0x5d,0x58,0x00,0x00,0x00,0x3b,0x40,0x00,
0x00,0x00,0x04,0x0b,0x40,0x00,0x00,0x00,0x00,0x26,0x0e,0x0b,0x41,0x00,0x00,0x00,
0x5d,0x58,0x00,0x00,0x00,0x3b,0x40,0x00,0x00,0x00,0x08,0x0b,0x40,0x00,0x00,0x00,
0x00,0x26,0x0b,0x50,0x00,0x00,0x1a,0xcd,0x40,0x00,0x00,0x40,0x00,0x4d,0x00,0x00,
0x00,0x53,0x44,0x00,0x00,0x00,0x5d,0x41,0x00,0x00,0x00,0x53,0x40,0x00,0x00,0x40,
0x00,0x26,0x0e,0x50,0x00,0x00,0x1a,0xe8,0x42,0x00,0x00,0x1f,0x8e,0x41,0x00,0x00,
0x00,0xc6,0x50,0x00,0x00,0x1a,0xf7,0x42,0x00,0x00,0x1e,0xcd,0x40,0x00,0x00,0x00,
0x00,0x4d,0x00,0x00,0x00,0xd4,0x40,0x00,0x00,0x00,0x00,0x4d,0x00,0x00,0x00,0xd5,
0x40,0x00,0x00,0x00,0x00,0x4d,0x00,0x00,0x00,0xd6,0x40,0x00,0x00,0x00,0x00,0x4d,
0x00,0x00,0x00,0xca,0x40,0x00,0x00,0x1b,0x38,0x40,0x00,0x00,0x00,0x00,0x4d,0x00,
0x00,0x00,0x5d,0x41,0x00,0x00,0x00,0x01,0x40,0x00,0x00,0x00,0x01,0x41,0x00,0x00,
0x00,0x5d,0x58,0x00,0x00,0x00,0x3b,0x40,0x00,0x00,0x20,0x00,0x0b,0x40,0x00,0x00,
0x00,0x00,0x26,0x0e,0x50,0x00,0x00,0x1b,0x59,0x42,0x00,0x00,0x1b,0x5e,0x42,0x00,
0x00,0x1b,0x83,0x41,0x00,0x00,0x00,0xd4,0x41,0x00,0x00,0x00,0x5d,0x58,0x00,0x00,
0x00,0x06,0x03,0x40,0x00,0x00,0x00,0x01,0x04,0x4d,0x00,0x00,0x00,0xd4,0x40,0x00,
0x00,0x00,0x01,0x4d,0x00,0x00,0x00,0xca,0x41,0x00,0x00,0x00,0xd4,0x40,0x00,0x00,
0x00,0x01,0x03,0x4d,0x00,0x00,0x00,0xd4,0x44,0x00,0x00,0x00,0x5d,0x41,0x00,0x00,
0x00,0xd4,0x5a,0x00,0x00,0x00,0xe0,0x40,0x00,0x00,0x00,0x09,0x40,0x00,0x00,0x00,
0x00,0x40,0x00,0x00,0x00,0x05,0x2f,0x40,0x00,0x00,0x00,0x1f,0x4f,0x00,0x00,0x00,
0xe1,0x40,0x00,0x00,0x00,0x0f,0x2f,0x80,0x00,0x00,0x00,0xe1,0x00,0x00,0x00,0x3f,
0x40,0x00,0x00,0x1b,0xd5,0x42,0x00,0x00,0x59,0xbb,0x41,0x00,0x00,0x00,0xd4,0x41,
0x00,0x00,0x00,0xd4,0x40,0x00,0x00,0x00,0x01,0x04,0x40,0x00,0x00,0x00,0x00,0x41,
0x00,0x00,0x00,0xd4,0x40,0x00,0x00,0x00,0x01,0x04,0x40,0x00,0x00,0x00,0x00,0x82,
0x00,0x00,0x00,0xe0,0x00,0x00,0x00,0xe0,0x40,0x00,0x00,0x1c,0x1c,0x40,0x00,0x00,
0x00,0x00,0x4d,0x00,0x00,0x00,0x5d,0x41,0x00,0x00,0x00,0x01,0x40,0x00,0x00,0x00,
0x01,0x41,0x00,0x00,0x00,0x5d,0x58,0x00,0x00,0x00,0x3b,0x40,0x00,0x00,0x20,0x00,
0x0b,0x40,0x00,0x00,0x00,0x00,0x26,0x0e,0x50,0x00,0x00,0x1c,0x3d,0x42,0x00,0x00,
0x1c,0x42,0x42,0x00,0x00,0x1e,0x78,0x40,0x00,0x00,0x1c,0x6c,0x40,0x00,0x00,0x00,
0x00,0x4d,0x00,0x00,0x00,0x5e,0x41,0x00,0x00,0x00,0x5d,0x58,0x00,0x00,0x00,0x06,
0x40,0x00,0x00,0x00,0x03,0x06,0x40,0x00,0x00,0x00,0x01,0x04,0x40,0x00,0x00,0x00,
0x01,0x41,0x00,0x00,0x00,0xd6,0x01,0x59,0x00,0x00,0x00,0x11,0x40,0x00,0x00,0x00,
0x01,0x26,0x41,0x00,0x00,0x00,0xd6,0x40,0x00,0x00,0x00,0x01,0x03,0x01,0x59,0x00,
0x00,0x00,0x11,0x40,0x00,0x00,0x00,0x01,0x26,0x0b,0x50,0x00,0x00,0x1c,0x9f,0x42,
0x00,0x00,0x1d,0x38,0x41,0x00,0x00,0x00,0xd6,0x01,0x59,0x00,0x00,0x00,0x11,0x40,
0x00,0x00,0x00,0x00,0x26,0x41,0x00,0x00,0x00,0xd6,0x40,0x00,0x00,0x00,0x01,0x03,
0x01,0x59,0x00,0x00,0x00,0x11,0x40,0x00,0x00,0x00,0x01,0x26,0x0b,0x50,0x00,0x00,
0x1c,0xd2,0x42,0x00,0x00,0x1e,0x0a,0x41,0x00,0x00,0x00,0xd6,0x01,0x59,0x00,0x00,
0x00,0x11,0x40,0x00,0x00,0x00,0x00,0x26,0x41,0x00,0x00,0x00,0xd6,0x40,0x00,0x00,
0x00,0x01,0x03,0x01,0x59,0x00,0x00,0x00,0x11,0x40,0x00,0x00,0x00,0x00,0x26,0x0b,
0x50,0x00,0x00,0x1d,0x05,0x42,0x00,0x00,0x1d,0xc6,0x41,0x00,0x00,0x00,0xd6,0x01,
0x59,0x00,0x00,0x00,0x11,0x40,0x00,0x00,0x00,0x01,0x26,0x41,0x00,0x00,0x00,0xd6,
0x40,0x00,0x00,0x00,0x01,0x03,0x01,0x59,0x00,0x00,0x00,0x11,0x40,0x00,0x00,0x00,
0x00,0x26,0x0b,0x50,0x00,0x00,0x1d,0x38,0x42,0x00,0x00,0x1d,0x82,0x41,0x00,0x00,
0x00,0xd5,0x40,0x00,0x00,0x00,0x01,0x03,0x40,0x00,0x00,0x00,0x00,0x02,0x01,0x4f,
0x00,0x00,0x00,0xe0,0x41,0x00,0x00,0x00,0xd5,0x40,0x00,0x00,0x00,0x02,0x03,0x41,
0x00,0x00,0x00,0xd5,0x01,0x59,0x00,0x00,0x00,0xe0,0x02,0x01,0x4f,0x00,0x00,0x00,
0xe0,0x41,0x00,0x00,0x00,0xd5,0x40,0x00,0x00,0x00,0x00,0x02,0x01,0x4f,0x00,0x00,
0x00,0xe0,0x42,0x00,0x00,0x1e,0x4e,0x41,0x00,0x00,0x00,0xd5,0x40,0x00,0x00,0x00,
0x00,0x02,0x01,0x4f,0x00,0x00,0x00,0xe0,0x41,0x00,0x00,0x00,0xd5,0x40,0x00,0x00,
0x00,0x01,0x03,0x40,0x00,0x00,0x00,0x01,0x02,0x01,0x4f,0x00,0x00,0x00,0xe0,0x41,
0x00,0x00,0x00,0xd5,0x40,0x00,0x00,0x00,0x02,0x03,0x40,0x00,0x00,0x00,0x00,0x02,
0x01,0x4f,0x00,0x00,0x00,0xe0,0x42,0x00,0x00,0x1e,0x4e,0x41,0x00,0x00,0x00,0xd5,
0x40,0x00,0x00,0x00,0x00,0x02,0x01,0x4f,0x00,0x00,0x00,0xe0,0x41,0x00,0x00,0x00,
0xd5,0x40,0x00,0x00,0x00,0x01,0x03,0x40,0x00,0x00,0x00,0x00,0x02,0x01,0x4f,0x00,
0x00,0x00,0xe0,0x41,0x00,0x00,0x00,0xd5,0x40,0x00,0x00,0x00,0x02,0x03,0x40,0x00,
0x00,0x00,0x00,0x02,0x01,0x4f,0x00,0x00,0x00,0xe0,0x42,0x00,0x00,0x1e,0x4e,0x41,
0x00,0x00,0x00,0xd5,0x40,0x00,0x00,0x00,0x00,0x02,0x01,0x4f,0x00,0x00,0x00,0xe0,
0x41,0x00,0x00,0x00,0xd5,0x40,0x00,0x00,0x00,0x01,0x03,0x40,0x00,0x00,0x00,0x00,
0x02,0x01,0x4f,0x00,0x00,0x00,0xe0,0x41,0x00,0x00,0x00,0xd5,0x40,0x00,0x00,0x00,
0x02,0x03,0x40,0x00,0x00,0x00,0x01,0x02,0x01,0x4f,0x00,0x00,0x00,0xe0,0x42,0x00,
0x00,0x1e,0x4e,0x41,0x00,0x00,0x00,0xd5,0x40,0x00,0x00,0x00,0x03,0x03,0x4d,0x00,
0x00,0x00,0xd5,0x41,0x00,0x00,0x00,0xd6,0x40,0x00,0x00,0x00,0x02,0x03,0x4d,0x00,
0x00,0x00,0xd6,0x44,0x00,0x00,0x00,0x5e,0x42,0x00,0x00,0x1e,0xa9,0x41,0x00,0x00,
0x00,0xd5,0x40,0x00,0x00,0x00,0x00,0x02,0x01,0x4f,0x00,0x00,0x00,0xe0,0x41,0x00,
0x00,0x00,0xd5,0x40,0x00,0x00,0x00,0x01,0x03,0x4d,0x00,0x00,0x00,0xd5,0x41,0x00,
0x00,0x00,0xd6,0x40,0x00,0x00,0x00,0x01,0x03,0x4d,0x00,0x00,0x00,0xd6,0x44,0x00,
0x00,0x00,0x5d,0x41,0x00,0x00,0x00,0xd4,0x41,0x00,0x00,0x00,0xd4,0x40,0x00,0x00,
0x00,0x01,0x04,0x40,0x00,0x00,0x00,0x00,0x51,0x00,0x00,0x00,0xe0,0x48,0x00,0x00,
0x00,0x01,0x40,0x00,0x00,0x00,0x02,0x4d,0x00,0x00,0x00,0xca,0x40,0x00,0x00,0x00,
0x09,0x40,0x00,0x00,0x00,0x00,0x40,0x00,0x00,0x02,0xcc,0x2f,0x40,0x00,0x00,0x00,
0x1f,0x4f,0x00,0x00,0x00,0xe2,0x40,0x00,0x00,0x00,0x0f,0x2f,0x80,0x00,0x00,0x00,
0xe2,0x00,0x00,0x00,0x3f,0x41,0x00,0x00,0x00,0xcb,0x40,0x00,0x00,0x00,0x01,0x26,
0x50,0x00,0x00,0x1f,0x39,0x40,0x00,0x00,0x00,0x09,0x40,0x00,0x00,0x00,0x00,0x40,
0x00,0x00,0x01,0x99,0x2f,0x40,0x00,0x00,0x00,0x1f,0x4f,0x00,0x00,0x00,0xe3,0x40,
0x00,0x00,0x00,0x0f,0x2f,0x80,0x00,0x00,0x00,0xe3,0x00,0x00,0x00,0x3f,0x40,0x00,
0x00,0x1f,0x43,0x42,0x00,0x00,0x59,0xbb,0x40,0x00,0x00,0x27,0x10,0x4d,0x00,0x00,
0x00,0x8b,0x41,0x00,0x00,0x00,0xcb,0x40,0x00,0x00,0x00,0x01,0x26,0x50,0x00,0x00,
0x1f,0x67,0x40,0x00,0x07,0xa1,0x20,0x4d,0x00,0x00,0x00,0x8b,0x41,0x00,0x00,0x00,
0x8b,0x2f,0x02,0x2f,0x2f,0x4b,0x00,0x00,0x00,0x02,0x4c,0x00,0x00,0x00,0x03,0x84,
0x00,0x00,0x00,0x01,0x00,0x00,0x00,0x01,0x27,0x40,0x00,0x00,0x00,0x00,0x4d,0x00,
0x00,0x00,0xca,0x11,0x41,0x00,0x00,0x00,0x92,0x40,0x00,0x00,0x00,0x01,0x26,0x50,
0x00,0x00,0x1f,0xa4,0x42,0x00,0x00,0x24,0xf8,0x40,0x00,0x00,0x1f,0xae,0x42,0x00,
0x00,0x29,0x9c,0x40,0x00,0x00,0x1f,0xc7,0x40,0x00,0x00,0x00,0x00,0x4d,0x00,0x00,
0x00,0x5d,0x41,0x00,0x00,0x00,0x01,0x40,0x00,0x00,0x00,0x01,0x41,0x00,0x00,0x00,
0x5d,0x58,0x00,0x00,0x00,0x3b,0x40,0x00,0x00,0x00,0x01,0x40,0x00,0x00,0x00,0x02,
0x0c,0x0b,0x40,0x00,0x00,0x00,0x00,0x26,0x0e,0x41,0x00,0x00,0x00,0x5d,0x58,0x00,
0x00,0x00,0x3b,0x40,0x00,0x00,0x00,0x04,0x0b,0x40,0x00,0x00,0x00,0x00,0x26,0x0e,
0x0b,0x41,0x00,0x00,0x00,0x5d,0x58,0x00,0x00,0x00,0x3b,0x40,0x00,0x00,0x00,0x08,
0x0b,0x40,0x00,0x00,0x00,0x00,0x26,0x0b,0x50,0x00,0x00,0x20,0x28,0x40,0x00,0x00,
0x00,0x01,0x40,0x00,0x00,0x00,0x02,0x0c,0x4d,0x00,0x00,0x00,0x53,0x44,0x00,0x00,
0x00,0x5d,0x41,0x00,0x00,0x00,0x53,0x40,0x00,0x00,0x00,0x01,0x40,0x00,0x00,0x00,
0x02,0x0c,0x26,0x0e,0x50,0x00,0x00,0x20,0x49,0x42,0x00,0x00,0x20,0x99,0x40,0x00,
0x00,0x00,0x09,0x40,0x00,0x00,0x00,0x00,0x40,0x00,0x00,0x00,0x79,0x2f,0x40,0x00,
0x00,0x00,0x1f,0x4f,0x00,0x00,0x00,0xe4,0x40,0x00,0x00,0x00,0x0f,0x2f,0x80,0x00,
0x00,0x00,0xe4,0x00,0x00,0x00,0x3f,0x40,0x00,0x00,0x20,0x7c,0x42,0x00,0x00,0x59,
0xbb,0x40,0x00,0x00,0x27,0x10,0x2f,0x02,0x2f,0x2f,0x4b,0x00,0x00,0x00,0x02,0x4c,
0x00,0x00,0x00,0x03,0x84,0x00,0x00,0x00,0x01,0x00,0x00,0x00,0x01,0x27,0x40,0x00,
0x00,0x20,0xb2,0x40,0x00,0x00,0x00,0x00,0x4d,0x00,0x00,0x00,0x5d,0x41,0x00,0x00,
0x00,0x01,0x40,0x00,0x00,0x00,0x01,0x41,0x00,0x00,0x00,0x5d,0x58,0x00,0x00,0x00,
0x3b,0x40,0x00,0x00,0x01,0x00,0x0b,0x40,0x00,0x00,0x00,0x00,0x26,0x0e,0x41,0x00,
0x00,0x00,0x5d,0x58,0x00,0x00,0x00,0x3b,0x40,0x00,0x00,0x00,0x04,0x0b,0x40,0x00,
0x00,0x00,0x00,0x26,0x0e,0x0b,0x41,0x00,0x00,0x00,0x5d,0x58,0x00,0x00,0x00,0x3b,
0x40,0x00,0x00,0x00,0x08,0x0b,0x40,0x00,0x00,0x00,0x00,0x26,0x0b,0x50,0x00,0x00,
0x21,0x07,0x40,0x00,0x00,0x01,0x00,0x4d,0x00,0x00,0x00,0x53,0x44,0x00,0x00,0x00,
0x5d,0x41,0x00,0x00,0x00,0x53,0x40,0x00,0x00,0x01,0x00,0x26,0x0e,0x50,0x00,0x00,
0x21,0x22,0x42,0x00,0x00,0x21,0x55,0x40,0x00,0x00,0x00,0x09,0x40,0x00,0x00,0x00,
0x00,0x40,0x00,0x00,0x00,0x06,0x2f,0x40,0x00,0x00,0x00,0x1f,0x4f,0x00,0x00,0x00,
0xe5,0x40,0x00,0x00,0x00,0x0f,0x2f,0x80,0x00,0x00,0x00,0xe5,0x00,0x00,0x00,0x3f,
0x40,0x00,0x00,0x21,0x55,0x42,0x00,0x00,0x59,0xbb,0x40,0x00,0x00,0x21,0x6e,0x40,
0x00,0x00,0x00,0x00,0x4d,0x00,0x00,0x00,0x5d,0x41,0x00,0x00,0x00,0x01,0x40,0x00,
0x00,0x00,0x01,0x41,0x00,0x00,0x00,0x5d,0x58,0x00,0x00,0x00,0x3b,0x40,0x00,0x00,
0x02,0x00,0x40,0x00,0x00,0x08,0x00,0x0c,0x0b,0x40,0x00,0x00,0x00,0x00,0x26,0x0e,
0x41,0x00,0x00,0x00,0x5d,0x58,0x00,0x00,0x00,0x3b,0x40,0x00,0x00,0x00,0x04,0x0b,
0x40,0x00,0x00,0x00,0x00,0x26,0x0e,0x0b,0x41,0x00,0x00,0x00,0x5d,0x58,0x00,0x00,
0x00,0x3b,0x40,0x00,0x00,0x00,0x08,0x0b,0x40,0x00,0x00,0x00,0x00,0x26,0x0b,0x50,
0x00,0x00,0x21,0xcf,0x40,0x00,0x00,0x02,0x00,0x40,0x00,0x00,0x08,0x00,0x0c,0x4d,
0x00,0x00,0x00,0x53,0x44,0x00,0x00,0x00,0x5d,0x41,0x00,0x00,0x00,0x53,0x40,0x00,
0x00,0x02,0x00,0x40,0x00,0x00,0x08,0x00,0x0c,0x26,0x0e,0x50,0x00,0x00,0x21,0xf0,
0x42,0x00,0x00,0x22,0x40,0x40,0x00,0x00,0x00,0x09,0x40,0x00,0x00,0x00,0x00,0x40,
0x00,0x00,0x00,0x4a,0x2f,0x40,0x00,0x00,0x00,0x1f,0x4f,0x00,0x00,0x00,0xe6,0x40,
0x00,0x00,0x00,0x0f,0x2f,0x80,0x00,0x00,0x00,0xe6,0x00,0x00,0x00,0x3f,0x40,0x00,
0x00,0x22,0x23,0x42,0x00,0x00,0x59,0xbb,0x40,0x00,0x00,0x27,0x10,0x2f,0x02,0x2f,
0x2f,0x4b,0x00,0x00,0x00,0x02,0x4c,0x00,0x00,0x00,0x03,0x84,0x00,0x00,0x00,0x01,
0x00,0x00,0x00,0x01,0x27,0x40,0x00,0x00,0x22,0x59,0x40,0x00,0x00,0x00,0x00,0x4d,
0x00,0x00,0x00,0x5d,0x41,0x00,0x00,0x00,0x01,0x40,0x00,0x00,0x00,0x01,0x41,0x00,
0x00,0x00,0x5d,0x58,0x00,0x00,0x00,0x3b,0x40,0x00,0x00,0x40,0x00,0x0b,0x40,0x00,
0x00,0x00,0x00,0x26,0x0e,0x41,0x00,0x00,0x00,0x5d,0x58,0x00,0x00,0x00,0x3b,0x40,
0x00,0x00,0x00,0x04,0x0b,0x40,0x00,0x00,0x00,0x00,0x26,0x0e,0x0b,0x41,0x00,0x00,
0x00,0x5d,0x58,0x00,0x00,0x00,0x3b,0x40,0x00,0x00,0x00,0x08,0x0b,0x40,0x00,0x00,
0x00,0x00,0x26,0x0b,0x50,0x00,0x00,0x22,0xae,0x40,0x00,0x00,0x40,0x00,0x4d,0x00,
0x00,0x00,0x53,0x44,0x00,0x00,0x00,0x5d,0x41,0x00,0x00,0x00,0x53,0x40,0x00,0x00,
0x40,0x00,0x26,0x0e,0x50,0x00,0x00,0x22,0xc9,0x42,0x00,0x00,0x23,0xed,0x40,0x00,
0x00,0x40,0x00,0x4d,0x00,0x00,0x00,0x53,0x40,0x00,0x00,0x22,0xdd,0x42,0x00,0x00,
0x5f,0x0d,0x40,0x00,0x00,0x00,0x00,0x4d,0x00,0x00,0x00,0x66,0x40,0x00,0x00,0x22,
0xf1,0x42,0x00,0x00,0x55,0x3a,0x40,0x00,0x00,0x00,0x09,0x40,0x00,0x00,0x00,0x00,
0x40,0x00,0x00,0x02,0x05,0x2f,0x40,0x00,0x00,0x00,0x1f,0x4f,0x00,0x00,0x00,0xe7,
0x40,0x00,0x00,0x00,0x0f,0x2f,0x80,0x00,0x00,0x00,0xe7,0x00,0x00,0x00,0x3f,0x40,
0x00,0x00,0x23,0x24,0x42,0x00,0x00,0x59,0xbb,0x41,0x00,0x00,0x00,0x7d,0x41,0x00,
0x00,0x00,0x7d,0x40,0x00,0x00,0x00,0x01,0x04,0x40,0x00,0x00,0x00,0x00,0x51,0x00,
0x00,0x00,0x48,0x40,0x00,0x00,0x00,0x09,0x40,0x00,0x00,0x00,0x00,0x40,0x00,0x00,
0x02,0x01,0x2f,0x40,0x00,0x00,0x00,0x1f,0x4f,0x00,0x00,0x00,0xe8,0x40,0x00,0x00,
0x00,0x0f,0x2f,0x80,0x00,0x00,0x00,0xe8,0x00,0x00,0x00,0x3f,0x41,0x00,0x00,0x00,
0xcb,0x40,0x00,0x00,0x00,0x01,0x26,0x50,0x00,0x00,0x23,0xa0,0x40,0x00,0x00,0x00,
0x09,0x40,0x00,0x00,0x00,0x00,0x40,0x00,0x00,0x01,0x66,0x2f,0x40,0x00,0x00,0x00,
0x1f,0x4f,0x00,0x00,0x00,0xe9,0x40,0x00,0x00,0x00,0x0f,0x2f,0x80,0x00,0x00,0x00,
0xe9,0x00,0x00,0x00,0x3f,0x40,0x00,0x00,0x23,0xaa,0x42,0x00,0x00,0x59,0xbb,0x40,
0x00,0x00,0x27,0x10,0x2f,0x02,0x2f,0x2f,0x4b,0x00,0x00,0x00,0x02,0x4c,0x00,0x00,
0x00,0x03,0x84,0x00,0x00,0x00,0x01,0x00,0x00,0x00,0x01,0x27,0x41,0x00,0x00,0x00,
0x92,0x40,0x00,0x00,0x00,0x00,0x26,0x41,0x00,0x00,0x00,0xcb,0x0b,0x41,0x00,0x00,
0x00,0xcc,0x0b,0x50,0x00,0x00,0x23,0xed,0x40,0x00,0x00,0x23,0xed,0x42,0x00,0x00,
0x3e,0x21,0x41,0x00,0x00,0x00,0xa4,0x0e,0x41,0x00,0x00,0x00,0xba,0x0e,0x0b,0x41,
0x00,0x00,0x00,0xbb,0x0e,0x0b,0x41,0x00,0x00,0x00,0x92,0x40,0x00,0x00,0x00,0x00,
0x26,0x0e,0x0c,0x50,0x00,0x00,0x24,0x18,0x42,0x00,0x00,0x24,0xa5,0x40,0x00,0x00,
0x01,0x00,0x40,0x00,0x00,0x00,0x0a,0x2f,0x2f,0x4b,0x00,0x00,0x00,0x02,0x4c,0x00,
0x00,0x00,0x03,0x84,0x00,0x00,0x00,0x01,0x00,0x00,0x00,0x01,0x27,0x40,0x00,0x00,
0x00,0x00,0x4d,0x00,0x00,0x00,0xa5,0x40,0x00,0x00,0x24,0x4c,0x42,0x00,0x00,0x2b,
0x22,0x41,0x00,0x00,0x00,0x92,0x40,0x00,0x00,0x00,0x00,0x26,0x0e,0x41,0x00,0x00,
0x00,0xa4,0x0b,0x50,0x00,0x00,0x24,0x6d,0x40,0x00,0x00,0x00,0x0a,0x4d,0x00,0x00,
0x00,0x92,0x41,0x00,0x00,0x00,0x92,0x40,0x00,0x00,0x00,0x00,0x26,0x0e,0x41,0x00,
0x00,0x00,0xa4,0x0e,0x0b,0x50,0x00,0x00,0x24,0x8f,0x40,0x00,0x00,0x00,0x0a,0x4d,
0x00,0x00,0x00,0x92,0x41,0x00,0x00,0x00,0x92,0x40,0x00,0x00,0x00,0x00,0x26,0x0e,
0x50,0x00,0x00,0x24,0xa5,0x42,0x00,0x00,0x24,0xf8,0x40,0x00,0x00,0x00,0x09,0x40,
0x00,0x00,0x00,0x00,0x40,0x00,0x00,0x03,0xff,0x2f,0x40,0x00,0x00,0x00,0x1f,0x4f,
0x00,0x00,0x00,0xea,0x40,0x00,0x00,0x00,0x0f,0x2f,0x80,0x00,0x00,0x00,0xea,0x00,
0x00,0x00,0x3f,0x40,0x00,0x00,0x24,0xd8,0x42,0x00,0x00,0x59,0xbb,0x41,0x00,0x00,
0x00,0xb6,0x41,0x00,0x00,0x00,0x92,0x40,0x00,0x00,0x00,0x00,0x26,0x0b,0x50,0x00,
0x00,0x24,0xf8,0x40,0x00,0x00,0x24,0xf8,0x42,0x00,0x00,0x30,0xb8,0x41,0x00,0x00,
0x00,0x92,0x40,0x00,0x00,0x00,0x00,0x26,0x50,0x00,0x00,0x25,0x0e,0x45,0x00,0x00,
0x05,0x32,0x14,0x41,0x00,0x00,0x00,0x92,0x40,0x00,0x00,0x00,0x01,0x26,0x50,0x00,
0x00,0x25,0x24,0x45,0x00,0x00,0x05,0x37,0x14,0x41,0x00,0x00,0x00,0x92,0x40,0x00,
0x00,0x00,0x06,0x26,0x50,0x00,0x00,0x25,0x3a,0x45,0x00,0x00,0x05,0x5c,0x14,0x41,
0x00,0x00,0x00,0x92,0x40,0x00,0x00,0x00,0x07,0x26,0x50,0x00,0x00,0x25,0x50,0x45,
0x00,0x00,0x05,0x70,0x14,0x41,0x00,0x00,0x00,0x92,0x40,0x00,0x00,0x00,0x0a,0x26,
0x41,0x00,0x00,0x00,0xb3,0x0b,0x50,0x00,0x00,0x25,0x6c,0x45,0x00,0x00,0x05,0x91,
0x14,0x41,0x00,0x00,0x00,0x92,0x40,0x00,0x00,0x00,0x09,0x26,0x50,0x00,0x00,0x25,
0x82,0x45,0x00,0x00,0x05,0xac,0x14,0x41,0x00,0x00,0x00,0x92,0x40,0x00,0x00,0x00,
0x0b,0x26,0x50,0x00,0x00,0x25,0x98,0x45,0x00,0x00,0x05,0xc0,0x14,0x41,0x00,0x00,
0x00,0x92,0x40,0x00,0x00,0x00,0x0a,0x26,0x41,0x00,0x00,0x00,0xb9,0x0b,0x50,0x00,
0x00,0x25,0xb4,0x45,0x00,0x00,0x05,0xd6,0x14,0x41,0x00,0x00,0x00,0x92,0x40,0x00,
0x00,0x00,0x04,0x26,0x50,0x00,0x00,0x25,0xd6,0x45,0x00,0x00,0x05,0xf3,0x41,0x00,
0x00,0x00,0xa9,0x40,0x00,0x00,0x00,0x01,0x03,0x13,0x14,0x41,0x00,0x00,0x00,0x92,
0x40,0x00,0x00,0x00,0x0c,0x26,0x50,0x00,0x00,0x25,0xec,0x45,0x00,0x00,0x06,0x1d,
0x14,0x41,0x00,0x00,0x00,0x92,0x40,0x00,0x00,0x00,0x0e,0x26,0x50,0x00,0x00,0x26,
0x02,0x45,0x00,0x00,0x06,0x42,0x14,0x41,0x00,0x00,0x00,0x92,0x40,0x00,0x00,0x00,
0x0f,0x26,0x50,0x00,0x00,0x26,0x18,0x45,0x00,0x00,0x06,0x68,0x14,0x41,0x00,0x00,
0x00,0x92,0x40,0x00,0x00,0x00,0x12,0x26,0x50,0x00,0x00,0x26,0x2e,0x45,0x00,0x00,
0x06,0xa2,0x14,0x41,0x00,0x00,0x00,0x92,0x40,0x00,0x00,0x00,0x13,0x26,0x50,0x00,
0x00,0x26,0x44,0x45,0x00,0x00,0x06,0xdc,0x14,0x41,0x00,0x00,0x00,0x92,0x40,0x00,
0x00,0x00,0x14,0x26,0x50,0x00,0x00,0x26,0x5a,0x45,0x00,0x00,0x07,0x24,0x14,0x11,
0x40,0x00,0x00,0x00,0x00,0x4d,0x00,0x00,0x00,0x5e,0x40,0x00,0x00,0x26,0x7e,0x40,
0x00,0x00,0x00,0x00,0x4d,0x00,0x00,0x00,0x5d,0x41,0x00,0x00,0x00,0x01,0x40,0x00,
0x00,0x00,0x01,0x41,0x00,0x00,0x00,0x5e,0x41,0x00,0x00,0x00,0x52,0x0f,0x40,0x00,
0x00,0x00,0x01,0x0d,0x41,0x00,0x00,0x00,0x5d,0x58,0x00,0x00,0x00,0x09,0x41,0x00,
0x00,0x00,0x53,0x0b,0x40,0x00,0x00,0x00,0x00,0x26,0x0e,0x0b,0x41,0x00,0x00,0x00,
0x5d,0x58,0x00,0x00,0x00,0x09,0x40,0x00,0x00,0x00,0x04,0x0b,0x40,0x00,0x00,0x00,
0x00,0x26,0x0e,0x0b,0x50,0x00,0x00,0x26,0xd4,0x41,0x00,0x00,0x00,0x5d,0x40,0x00,
0x00,0x00,0x01,0x03,0x4d,0x00,0x00,0x00,0x5e,0x44,0x00,0x00,0x00,0x5d,0x41,0x00,
0x00,0x00,0x5e,0x41,0x00,0x00,0x00,0x52,0x0f,0x50,0x00,0x00,0x26,0xee,0x42,0x00,
0x00,0x27,0x07,0x40,0x00,0x00,0x00,0x00,0x4d,0x00,0x00,0x00,0x50,0x40,0x00,0x00,
0x00,0x00,0x4d,0x00,0x00,0x00,0x52,0x42,0x00,0x00,0x28,0x0e,0x41,0x00,0x00,0x00,
0x5e,0x40,0x00,0x00,0x00,0x01,0x04,0x58,0x00,0x00,0x00,0x04,0x4d,0x00,0x00,0x00,
0x50,0x41,0x00,0x00,0x00,0x5e,0x4d,0x00,0x00,0x00,0x52,0x41,0x00,0x00,0x00,0x51,
0x0e,0x50,0x00,0x00,0x27,0x36,0x42,0x00,0x00,0x27,0x4b,0x41,0x00,0x00,0x00,0x5e,
0x40,0x00,0x00,0x00,0x01,0x04,0x58,0x00,0x00,0x00,0x05,0x4d,0x00,0x00,0x00,0x50,
0x41,0x00,0x00,0x00,0x53,0x40,0x00,0x00,0x00,0x20,0x26,0x41,0x00,0x00,0x00,0x53,
0x40,0x00,0x00,0x01,0x00,0x26,0x0c,0x41,0x00,0x00,0x00,0x53,0x40,0x00,0x00,0x02,
0x00,0x26,0x0c,0x41,0x00,0x00,0x00,0x53,0x40,0x00,0x00,0x08,0x00,0x26,0x0c,0x41,
0x00,0x00,0x00,0x53,0x40,0x00,0x00,0x40,0x00,0x26,0x0c,0x41,0x00,0x00,0x00,0x53,
0x40,0x00,0x00,0x80,0x00,0x26,0x0c,0x41,0x00,0x00,0x00,0x53,0x40,0x00,0x00,0x04,
0x00,0x26,0x0c,0x50,0x00,0x00,0x27,0xa8,0x42,0x00,0x00,0x28,0x0e,0x41,0x00,0x00,
0x00,0xa0,0x50,0x00,0x00,0x27,0xb7,0x42,0x00,0x00,0x27,0xe5,0x40,0x00,0x00,0x00,
0x09,0x40,0x00,0x00,0x00,0x00,0x40,0x00,0x00,0x00,0x66,0x2f,0x40,0x00,0x00,0x00,
0x1f,0x4f,0x00,0x00,0x00,0xeb,0x40,0x00,0x00,0x00,0x0f,0x2f,0x80,0x00,0x00,0x00,
0xeb,0x00,0x00,0x00,0xa2,0x42,0x00,0x00,0x28,0x0e,0x40,0x00,0x00,0x00,0x09,0x40,
0x00,0x00,0x00,0x00,0x40,0x00,0x00,0x00,0x06,0x2f,0x40,0x00,0x00,0x00,0x1f,0x4f,
0x00,0x00,0x00,0xec,0x40,0x00,0x00,0x00,0x0f,0x2f,0x80,0x00,0x00,0x00,0xec,0x00,
0x00,0x00,0xa2,0x41,0x00,0x00,0x00,0x53,0x40,0x00,0x00,0x00,0x01,0x26,0x50,0x00,
0x00,0x28,0x47,0x40,0x00,0x00,0x00,0x09,0x40,0x00,0x00,0x00,0x00,0x40,0x00,0x00,
0x00,0x0e,0x2f,0x40,0x00,0x00,0x00,0x1f,0x4f,0x00,0x00,0x00,0xed,0x40,0x00,0x00,
0x00,0x0f,0x2f,0x80,0x00,0x00,0x00,0xed,0x00,0x00,0x00,0xa1,0x41,0x00,0x00,0x00,
0x53,0x40,0x00,0x00,0x00,0x01,0x26,0x50,0x00,0x00,0x28,0x80,0x40,0x00,0x00,0x00,
0x09,0x40,0x00,0x00,0x00,0x00,0x40,0x00,0x00,0x00,0x12,0x2f,0x40,0x00,0x00,0x00,
0x1f,0x4f,0x00,0x00,0x00,0xee,0x40,0x00,0x00,0x00,0x0f,0x2f,0x80,0x00,0x00,0x00,
0xee,0x00,0x00,0x00,0xa3,0x41,0x00,0x00,0x00,0x53,0x40,0x00,0x00,0x00,0x02,0x26,
0x50,0x00,0x00,0x28,0xb9,0x40,0x00,0x00,0x00,0x09,0x40,0x00,0x00,0x00,0x00,0x40,
0x00,0x00,0x03,0x8e,0x2f,0x40,0x00,0x00,0x00,0x1f,0x4f,0x00,0x00,0x00,0xef,0x40,
0x00,0x00,0x00,0x0f,0x2f,0x80,0x00,0x00,0x00,0xef,0x00,0x00,0x00,0xa1,0x41,0x00,
0x00,0x00,0x53,0x40,0x00,0x00,0x00,0x02,0x26,0x50,0x00,0x00,0x28,0xf2,0x40,0x00,
0x00,0x00,0x09,0x40,0x00,0x00,0x00,0x00,0x40,0x00,0x00,0x03,0x92,0x2f,0x40,0x00,
0x00,0x00,0x1f,0x4f,0x00,0x00,0x00,0xf0,0x40,0x00,0x00,0x00,0x0f,0x2f,0x80,0x00,
0x00,0x00,0xf0,0x00,0x00,0x00,0xa3,0x11,0x40,0x00,0x00,0x28,0xfd,0x42,0x00,0x00,
0x29,0x9c,0x40,0x00,0x00,0x00,0x00,0x4d,0x00,0x00,0x00,0x65,0x40,0x00,0x00,0x00,
0x00,0x4d,0x00,0x00,0x00,0x6b,0x40,0x00,0x00,0x00,0x00,0x4d,0x00,0x00,0x00,0x6c,
0x40,0x00,0x00,0x00,0x00,0x4d,0x00,0x00,0x00,0x6d,0x40,0x00,0x00,0x00,0x01,0x4d,
0x00,0x00,0x00,0x99,0x40,0x00,0x00,0x00,0x00,0x4d,0x00,0x00,0x00,0x88,0x40,0x00,
0x00,0x00,0x01,0x40,0xff,0xff,0xff,0xff,0x05,0x4d,0x00,0x00,0x00,0x9a,0x40,0x00,
0x00,0x00,0x01,0x40,0xff,0xff,0xff,0xff,0x05,0x4d,0x00,0x00,0x00,0x9b,0x40,0x00,
0x00,0x00,0x00,0x4d,0x00,0x00,0x00,0x95,0x40,0x00,0x00,0x00,0x01,0x4d,0x00,0x00,
0x00,0x82,0x41,0x00,0x00,0x00,0xb3,0x50,0x00,0x00,0x29,0x81,0x40,0x00,0x00,0x00,
0x00,0x4d,0x00,0x00,0x00,0x82,0x41,0x00,0x00,0x00,0xb0,0x41,0x00,0x00,0x00,0x9c,
0x0b,0x50,0x00,0x00,0x29,0x9b,0x40,0x00,0x00,0x00,0x02,0x4d,0x00,0x00,0x00,0x82,
0x11,0x40,0x00,0x00,0x29,0xb5,0x40,0x00,0x00,0x00,0x00,0x4d,0x00,0x00,0x00,0x5d,
0x41,0x00,0x00,0x00,0x01,0x40,0x00,0x00,0x00,0x01,0x41,0x00,0x00,0x00,0x5d,0x41,
0x00,0x00,0x00,0x5d,0x58,0x00,0x00,0x00,0x09,0x41,0x00,0x00,0x00,0x5d,0x58,0x00,
0x00,0x00,0x3c,0x0c,0x02,0x4e,0x00,0x00,0x00,0x3b,0x41,0x00,0x00,0x00,0x5d,0x58,
0x00,0x00,0x00,0x3b,0x40,0x00,0x00,0x00,0x04,0x0b,0x40,0x00,0x00,0x00,0x00,0x26,
0x0e,0x41,0x00,0x00,0x00,0x5d,0x58,0x00,0x00,0x00,0x3b,0x40,0x00,0x00,0x00,0x01,
0x40,0x00,0x00,0x01,0x00,0x0c,0x40,0x00,0x00,0x00,0x02,0x0c,0x40,0x00,0x00,0x02,
0x00,0x0c,0x40,0x00,0x00,0x08,0x00,0x0c,0x40,0x00,0x00,0x40,0x00,0x0c,0x0b,0x40,
0x00,0x00,0x00,0x00,0x26,0x0e,0x0b,0x41,0x00,0x00,0x00,0xb0,0x0e,0x0b,0x41,0x00,
0x00,0x00,0xb1,0x0e,0x0b,0x41,0x00,0x00,0x00,0xb3,0x0e,0x0b,0x41,0x00,0x00,0x00,
0xb4,0x0e,0x0b,0x41,0x00,0x00,0x00,0xb7,0x0e,0x0b,0x41,0x00,0x00,0x00,0xb8,0x0e,
0x0b,0x41,0x00,0x00,0x00,0xb9,0x0b,0x50,0x00,0x00,0x2a,0x73,0x41,0x00,0x00,0x00,
0x5d,0x41,0x00,0x00,0x00,0x5d,0x58,0x00,0x00,0x00,0x3b,0x40,0x00,0x00,0x00,0x04,
0x0a,0x0b,0x02,0x4e,0x00,0x00,0x00,0x3b,0x41,0x00,0x00,0x00,0x5d,0x58,0x00,0x00,
0x00,0x3b,0x40,0x00,0x00,0x00,0x04,0x0b,0x40,0x00,0x00,0x00,0x00,0x26,0x0e,0x41,
0x00,0x00,0x00,0x5d,0x58,0x00,0x00,0x00,0x3b,0x40,0x00,0x00,0x00,0x20,0x0b,0x40,
0x00,0x00,0x00,0x00,0x26,0x0e,0x0b,0x41,0x00,0x00,0x00,0x5d,0x58,0x00,0x00,0x00,
0x3b,0x40,0x00,0x00,0x80,0x00,0x0b,0x40,0x00,0x00,0x00,0x00,0x26,0x0b,0x41,0x00,
0x00,0x00,0x5d,0x58,0x00,0x00,0x00,0x3b,0x40,0x00,0x00,0x04,0x00,0x0b,0x40,0x00,
0x00,0x00,0x00,0x26,0x0b,0x41,0x00,0x00,0x00,0xb9,0x0e,0x0b,0x41,0x00,0x00,0x00,
0xb0,0x41,0x00,0x00,0x00,0xb1,0x0c,0x41,0x00,0x00,0x00,0xb3,0x0c,0x41,0x00,0x00,
0x00,0xb4,0x0c,0x41,0x00,0x00,0x00,0xb7,0x0c,0x41,0x00,0x00,0x00,0xb8,0x0c,0x0b,
0x50,0x00,0x00,0x2b,0x1c,0x41,0x00,0x00,0x00,0x5d,0x41,0x00,0x00,0x00,0x5d,0x58,
0x00,0x00,0x00,0x3b,0x40,0x00,0x00,0x00,0x04,0x0a,0x0b,0x02,0x4e,0x00,0x00,0x00,
0x3b,0x44,0x00,0x00,0x00,0x5d,0x11,0x40,0x00,0x00,0x00,0x20,0x41,0x00,0x00,0x00,
0x00,0x05,0x4d,0x00,0x00,0x00,0xf1,0x41,0x00,0x00,0x00,0xf1,0x5a,0x00,0x00,0x00,
0xf2,0x40,0x00,0x00,0x00,0x08,0x5a,0x00,0x00,0x00,0xf3,0x40,0x00,0x00,0x2b,0x50,
0x42,0x00,0x00,0x29,0x9c,0x48,0x00,0x00,0x00,0x01,0x40,0x00,0x00,0x00,0x00,0x4d,
0x00,0x00,0x00,0x80,0x40,0x00,0x00,0x2b,0x78,0x40,0x00,0x00,0x00,0x00,0x4d,0x00,
0x00,0x00,0x5d,0x41,0x00,0x00,0x00,0x01,0x40,0x00,0x00,0x00,0x01,0x41,0x00,0x00,
0x00,0x5d,0x58,0x00,0x00,0x00,0x0a,0x40,0x00,0x00,0x00,0x01,0x04,0x40,0x00,0x00,
0x00,0x00,0x41,0x00,0x00,0x00,0x5d,0x58,0x00,0x00,0x00,0x0a,0x40,0x00,0x00,0x00,
0x01,0x04,0x40,0x00,0x00,0x00,0x00,0x80,0x00,0x00,0x00,0x42,0x00,0x00,0x00,0x3f,
0x41,0x00,0x00,0x00,0x5d,0x58,0x00,0x00,0x00,0x3b,0x40,0x00,0x00,0x00,0x01,0x40,
0x00,0x00,0x00,0x02,0x0c,0x40,0x00,0x00,0x01,0x00,0x0c,0x40,0x00,0x00,0x02,0x00,
0x0c,0x40,0x00,0x00,0x08,0x00,0x0c,0x0b,0x40,0x00,0x00,0x00,0x00,0x26,0x0e,0x50,
0x00,0x00,0x2c,0x08,0x40,0x00,0x00,0x00,0x09,0x40,0x00,0x00,0x00,0x00,0x40,0x00,
0x00,0x00,0x59,0x2f,0x40,0x00,0x00,0x00,0x1f,0x4f,0x00,0x00,0x00,0xf5,0x40,0x00,
0x00,0x00,0x0f,0x2f,0x80,0x00,0x00,0x00,0xf5,0x00,0x00,0x00,0x3f,0x41,0x00,0x00,
0x00,0x5d,0x58,0x00,0x00,0x00,0x3b,0x40,0x00,0x00,0x00,0x20,0x40,0x00,0x00,0x40,
0x00,0x0c,0x0b,0x40,0x00,0x00,0x00,0x00,0x26,0x0e,0x50,0x00,0x00,0x2c,0x53,0x40,
0x00,0x00,0x00,0x09,0x40,0x00,0x00,0x00,0x00,0x40,0x00,0x00,0x00,0x06,0x2f,0x40,
0x00,0x00,0x00,0x1f,0x4f,0x00,0x00,0x00,0xf6,0x40,0x00,0x00,0x00,0x0f,0x2f,0x80,
0x00,0x00,0x00,0xf6,0x00,0x00,0x00,0x3f,0x41,0x00,0x00,0x00,0x80,0x41,0x00,0x00,
0x00,0x5d,0x58,0x00,0x00,0x00,0x0a,0x40,0x00,0x00,0x00,0x01,0x04,0x03,0x41,0x00,
0x00,0x00,0x80,0x41,0x00,0x00,0x00,0x5d,0x58,0x00,0x00,0x00,0x0a,0x40,0x00,0x00,
0x00,0x01,0x04,0x40,0x00,0x00,0x00,0x00,0x80,0x00,0x00,0x00,0x3f,0x00,0x00,0x00,
0x40,0x41,0x00,0x00,0x00,0x80,0x41,0x00,0x00,0x00,0x5d,0x58,0x00,0x00,0x00,0x0a,
0x03,0x4d,0x00,0x00,0x00,0x80,0x44,0x00,0x00,0x00,0x5d,0x41,0x00,0x00,0x00,0x80,
0x41,0x00,0x00,0x00,0x80,0x40,0x00,0x00,0x00,0x01,0x04,0x40,0x00,0x00,0x00,0x00,
0x52,0x00,0x00,0x00,0x40,0x40,0x00,0x00,0x00,0x05,0x2f,0x02,0x2f,0x2f,0x4b,0x00,
0x00,0x00,0x02,0x4c,0x00,0x00,0x00,0x03,0x84,0x00,0x00,0x00,0x0d,0x00,0x00,0x00,
0x01,0x27,0x40,0x00,0x00,0x00,0x03,0x2f,0x2f,0x2f,0x4b,0x00,0x00,0x00,0x02,0x4c,
0x00,0x00,0x00,0x03,0x84,0x00,0x00,0x00,0x01,0x00,0x00,0x00,0x01,0x27,0x41,0x00,
0x00,0x00,0xf1,0x41,0x00,0x00,0x00,0xf1,0x40,0x00,0x00,0x00,0x01,0x04,0x40,0x00,
0x00,0x00,0x00,0x41,0x00,0x00,0x00,0xf1,0x40,0x00,0x00,0x00,0x01,0x04,0x40,0x00,
0x00,0x00,0x00,0x82,0x00,0x00,0x00,0xf2,0x00,0x00,0x00,0xf2,0x40,0x00,0x00,0x00,
0x00,0x4d,0x00,0x00,0x00,0x80,0x40,0x00,0x00,0x2d,0x4a,0x40,0x00,0x00,0x00,0x00,
0x4d,0x00,0x00,0x00,0x5d,0x41,0x00,0x00,0x00,0x01,0x40,0x00,0x00,0x00,0x01,0x41,
0x00,0x00,0x00,0x80,0x01,0x59,0x00,0x00,0x00,0xf2,0x40,0x00,0x00,0x00,0x01,0x26,
0x50,0x00,0x00,0x2d,0x65,0x42,0x00,0x00,0x2d,0xcf,0x41,0x00,0x00,0x00,0xa5,0x50,
0x00,0x00,0x2d,0x86,0x45,0x00,0x00,0x07,0x4f,0x41,0x00,0x00,0x00,0x00,0x41,0x00,
0x00,0x00,0x5d,0x04,0x13,0x45,0x00,0x00,0x07,0x58,0x14,0x41,0x00,0x00,0x00,0xb9,
0x41,0x00,0x00,0x00,0x5d,0x58,0x00,0x00,0x00,0x3b,0x40,0x00,0x00,0x00,0x20,0x0b,
0x40,0x00,0x00,0x00,0x00,0x26,0x0e,0x0b,0x41,0x00,0x00,0x00,0x5d,0x58,0x00,0x00,
0x00,0x3b,0x40,0x00,0x00,0x00,0x04,0x0b,0x40,0x00,0x00,0x00,0x00,0x26,0x0e,0x0b,
0x50,0x00,0x00,0x2d,0xca,0x40,0x00,0x00,0x00,0x06,0x4d,0x00,0x00,0x00,0x92,0x42,
0x00,0x00,0x2f,0xa0,0x40,0x00,0x00,0x2d,0xe8,0x40,0x00,0x00,0x00,0x00,0x4d,0x00,
0x00,0x00,0x5e,0x40,0x00,0x00,0x00,0x07,0x40,0x00,0x00,0x00,0x01,0x41,0x00,0x00,
0x00,0x5e,0x40,0x00,0x00,0x00,0x00,0x02,0x4e,0x00,0x00,0x00,0xf3,0x40,0x00,0x00,
0x2e,0x11,0x40,0x00,0x00,0x00,0x00,0x4d,0x00,0x00,0x00,0x5f,0x40,0x00,0x00,0x00,
0x03,0x40,0x00,0x00,0x00,0x01,0x41,0x00,0x00,0x00,0x80,0x40,0x00,0x00,0x00,0x04,
0x41,0x00,0x00,0x00,0x5e,0x05,0x03,0x41,0x00,0x00,0x00,0x5f,0x03,0x01,0x59,0x00,
0x00,0x00,0xf2,0x50,0x00,0x00,0x2e,0x54,0x41,0x00,0x00,0x00,0x5e,0x41,0x00,0x00,
0x00,0x5e,0x58,0x00,0x00,0x00,0xf3,0x40,0x00,0x00,0x00,0x01,0x41,0x00,0x00,0x00,
0x5f,0x08,0x0c,0x02,0x4e,0x00,0x00,0x00,0xf3,0x44,0x00,0x00,0x00,0x5f,0x41,0x00,
0x00,0x00,0x5e,0x41,0x00,0x00,0x00,0x5e,0x58,0x00,0x00,0x00,0xf3,0x40,0x00,0x00,
0x00,0x30,0x03,0x02,0x4e,0x00,0x00,0x00,0xf3,0x41,0x00,0x00,0x00,0x5e,0x58,0x00,
0x00,0x00,0xf3,0x40,0x00,0x00,0x00,0x3a,0x10,0x40,0x00,0x00,0x00,0x01,0x0d,0x50,
0x00,0x00,0x2e,0xaa,0x41,0x00,0x00,0x00,0x5e,0x41,0x00,0x00,0x00,0x5e,0x58,0x00,
0x00,0x00,0xf3,0x40,0x00,0x00,0x00,0x07,0x03,0x02,0x4e,0x00,0x00,0x00,0xf3,0x44,
0x00,0x00,0x00,0x5e,0x41,0x00,0x00,0x00,0xa5,0x50,0x00,0x00,0x2f,0x28,0x45,0x00,
0x00,0x07,0x4f,0x41,0x00,0x00,0x00,0x00,0x41,0x00,0x00,0x00,0x5d,0x04,0x13,0x45,
0x00,0x00,0x07,0x6f,0x40,0x00,0x00,0x00,0x07,0x58,0x00,0x00,0x00,0xf3,0x24,0x40,
0x00,0x00,0x00,0x06,0x58,0x00,0x00,0x00,0xf3,0x24,0x40,0x00,0x00,0x00,0x05,0x58,
0x00,0x00,0x00,0xf3,0x24,0x40,0x00,0x00,0x00,0x04,0x58,0x00,0x00,0x00,0xf3,0x24,
0x40,0x00,0x00,0x00,0x03,0x58,0x00,0x00,0x00,0xf3,0x24,0x40,0x00,0x00,0x00,0x02,
0x58,0x00,0x00,0x00,0xf3,0x24,0x40,0x00,0x00,0x00,0x01,0x58,0x00,0x00,0x00,0xf3,
0x24,0x40,0x00,0x00,0x00,0x00,0x58,0x00,0x00,0x00,0xf3,0x24,0x14,0x41,0x00,0x00,
0x00,0xb9,0x41,0x00,0x00,0x00,0x5d,0x58,0x00,0x00,0x00,0x3b,0x40,0x00,0x00,0x00,
0x20,0x0b,0x40,0x00,0x00,0x00,0x00,0x26,0x0e,0x0b,0x41,0x00,0x00,0x00,0x5d,0x58,
0x00,0x00,0x00,0x3b,0x40,0x00,0x00,0x00,0x04,0x0b,0x40,0x00,0x00,0x00,0x00,0x26,
0x0e,0x0b,0x40,0x00,0x00,0x00,0x00,0x58,0x00,0x00,0x00,0xf3,0x40,0x00,0x00,0x00,
0x44,0x26,0x0e,0x0b,0x40,0x00,0x00,0x00,0x01,0x58,0x00,0x00,0x00,0xf3,0x40,0x00,
0x00,0x00,0x44,0x26,0x0e,0x0b,0x50,0x00,0x00,0x2f,0x90,0x40,0x00,0x00,0x00,0x06,
0x4d,0x00,0x00,0x00,0x92,0x41,0x00,0x00,0x00,0x80,0x40,0x00,0x00,0x00,0x1f,0x03,
0x4d,0x00,0x00,0x00,0x80,0x41,0x00,0x00,0x00,0x80,0x40,0x00,0x00,0x00,0x01,0x03,
0x4d,0x00,0x00,0x00,0x80,0x44,0x00,0x00,0x00,0x5d,0x40,0x00,0x00,0x00,0x00,0x4d,
0x00,0x00,0x00,0x80,0x40,0x00,0x00,0x2f,0xd8,0x40,0x00,0x00,0x00,0x00,0x4d,0x00,
0x00,0x00,0x5d,0x41,0x00,0x00,0x00,0x01,0x40,0x00,0x00,0x00,0x01,0x41,0x00,0x00,
0x00,0x5d,0x58,0x00,0x00,0x00,0x08,0x40,0x00,0x00,0x00,0x00,0x26,0x0e,0x50,0x00,
0x00,0x2f,0xf3,0x42,0x00,0x00,0x30,0x2e,0x41,0x00,0x00,0x00,0x80,0x01,0x59,0x00,
0x00,0x00,0xf2,0x40,0x00,0x00,0x00,0x00,0x26,0x0e,0x50,0x00,0x00,0x30,0x14,0x40,
0x00,0x00,0x00,0x06,0x4d,0x00,0x00,0x00,0x92,0x41,0x00,0x00,0x00,0x80,0x40,0x00,
0x00,0x00,0x01,0x03,0x4d,0x00,0x00,0x00,0x80,0x44,0x00,0x00,0x00,0x5d,0x42,0x00,
0x00,0x30,0xb7,0x40,0x00,0x00,0x00,0x00,0x4d,0x00,0x00,0x00,0xf4,0x40,0x00,0x00,
0x30,0x51,0x40,0x00,0x00,0x00,0x00,0x4d,0x00,0x00,0x00,0x5e,0x40,0x00,0x00,0x00,
0x1f,0x40,0x00,0x00,0x00,0x01,0x41,0x00,0x00,0x00,0x80,0x41,0x00,0x00,0x00,0x5e,
0x03,0x01,0x59,0x00,0x00,0x00,0xf2,0x50,0x00,0x00,0x30,0x7d,0x41,0x00,0x00,0x00,
0xf4,0x40,0x00,0x00,0x00,0x01,0x41,0x00,0x00,0x00,0x5e,0x08,0x03,0x4d,0x00,0x00,
0x00,0xf4,0x44,0x00,0x00,0x00,0x5e,0x41,0x00,0x00,0x00,0x80,0x40,0x00,0x00,0x00,
0x20,0x03,0x4d,0x00,0x00,0x00,0x80,0x41,0x00,0x00,0x00,0x5d,0x58,0x00,0x00,0x00,
0x08,0x41,0x00,0x00,0x00,0xf4,0x26,0x0e,0x50,0x00,0x00,0x30,0xb2,0x40,0x00,0x00,
0x00,0x06,0x4d,0x00,0x00,0x00,0x92,0x44,0x00,0x00,0x00,0x5d,0x11,0x40,0x00,0x00,
0x00,0x00,0x4d,0x00,0x00,0x00,0x5e,0x41,0x00,0x00,0x00,0x01,0x4d,0x00,0x00,0x00,
0x5f,0x41,0x00,0x00,0x00,0xa9,0x40,0x00,0x00,0x00,0x01,0x04,0x4d,0x00,0x00,0x00,
0xa9,0x41,0x00,0x00,0x00,0xa9,0x40,0x00,0x00,0x00,0x01,0x40,0xff,0xff,0xff,0xff,
0x05,0x26,0x50,0x00,0x00,0x30,0xf7,0x42,0x00,0x00,0x31,0xd8,0x41,0x00,0x00,0x00,
0xa9,0x40,0x00,0x00,0x00,0x00,0x10,0x41,0x00,0x00,0x00,0xa9,0x41,0x00,0x00,0x00,
0x01,0x0f,0x0c,0x41,0x00,0x00,0x00,0x01,0x41,0x00,0x00,0x00,0xa9,0x04,0x58,0x00,
0x00,0x00,0x3b,0x40,0x00,0x00,0x01,0x00,0x0b,0x40,0x00,0x00,0x00,0x00,0x26,0x41,
0x00,0x00,0x00,0x01,0x41,0x00,0x00,0x00,0xa9,0x04,0x58,0x00,0x00,0x00,0x3b,0x40,
0x00,0x00,0x00,0x20,0x0b,0x40,0x00,0x00,0x00,0x00,0x26,0x0b,0x41,0x00,0x00,0x00,
0x01,0x41,0x00,0x00,0x00,0xa9,0x04,0x58,0x00,0x00,0x00,0x3b,0x40,0x00,0x00,0x02,
0x00,0x0b,0x40,0x00,0x00,0x00,0x00,0x26,0x0b,0x41,0x00,0x00,0x00,0x01,0x41,0x00,
0x00,0x00,0xa9,0x04,0x58,0x00,0x00,0x00,0x3b,0x40,0x00,0x00,0x40,0x00,0x0b,0x40,
0x00,0x00,0x00,0x00,0x26,0x0b,0x41,0x00,0x00,0x00,0x01,0x41,0x00,0x00,0x00,0xa9,
0x04,0x58,0x00,0x00,0x00,0x3b,0x40,0x00,0x00,0x08,0x00,0x0b,0x40,0x00,0x00,0x00,
0x00,0x26,0x0b,0x0c,0x50,0x00,0x00,0x31,0xae,0x40,0x00,0x00,0x00,0x04,0x4d,0x00,
0x00,0x00,0x92,0x41,0x00,0x00,0x00,0x92,0x40,0x00,0x00,0x00,0x00,0x26,0x0e,0x50,
0x00,0x00,0x31,0xc4,0x42,0x00,0x00,0x36,0xd3,0x41,0x00,0x00,0x00,0xa9,0x4d,0x00,
0x00,0x00,0x5e,0x41,0x00,0x00,0x00,0xa9,0x4d,0x00,0x00,0x00,0x5f,0x40,0x00,0x00,
0x31,0xe2,0x42,0x00,0x00,0x29,0x9c,0x40,0x00,0x00,0x31,0xfb,0x40,0x00,0x00,0x00,
0x00,0x4d,0x00,0x00,0x00,0x5d,0x41,0x00,0x00,0x00,0x01,0x40,0x00,0x00,0x00,0x01,
0x41,0x00,0x00,0x00,0x5d,0x58,0x00,0x00,0x00,0x3b,0x40,0x00,0x00,0x01,0x00,0x0b,
0x40,0x00,0x00,0x00,0x00,0x26,0x0e,0x41,0x00,0x00,0x00,0x5d,0x58,0x00,0x00,0x00,
0x3b,0x40,0x00,0x00,0x00,0x04,0x0b,0x40,0x00,0x00,0x00,0x00,0x26,0x0e,0x0b,0x41,
0x00,0x00,0x00,0x5d,0x58,0x00,0x00,0x00,0x3b,0x40,0x00,0x00,0x00,0x08,0x0b,0x40,
0x00,0x00,0x00,0x00,0x26,0x0b,0x50,0x00,0x00,0x32,0x50,0x40,0x00,0x00,0x01,0x00,
0x4d,0x00,0x00,0x00,0x53,0x44,0x00,0x00,0x00,0x5d,0x41,0x00,0x00,0x00,0x53,0x40,
0x00,0x00,0x01,0x00,0x26,0x0e,0x50,0x00,0x00,0x32,0x6b,0x42,0x00,0x00,0x32,0xbb,
0x40,0x00,0x00,0x00,0x09,0x40,0x00,0x00,0x00,0x00,0x40,0x00,0x00,0x00,0x06,0x2f,
0x40,0x00,0x00,0x00,0x1f,0x4f,0x00,0x00,0x00,0xf7,0x40,0x00,0x00,0x00,0x0f,0x2f,
0x80,0x00,0x00,0x00,0xf7,0x00,0x00,0x00,0x3f,0x40,0x00,0x00,0x32,0x9e,0x42,0x00,
0x00,0x59,0xbb,0x40,0x00,0x00,0x27,0x10,0x2f,0x02,0x2f,0x2f,0x4b,0x00,0x00,0x00,
0x02,0x4c,0x00,0x00,0x00,0x03,0x84,0x00,0x00,0x00,0x01,0x00,0x00,0x00,0x01,0x27,
0x40,0x00,0x00,0x32,0xd4,0x40,0x00,0x00,0x00,0x00,0x4d,0x00,0x00,0x00,0x5d,0x41,
0x00,0x00,0x00,0x01,0x40,0x00,0x00,0x00,0x01,0x41,0x00,0x00,0x00,0x5d,0x58,0x00,
0x00,0x00,0x3b,0x40,0x00,0x00,0x02,0x00,0x40,0x00,0x00,0x08,0x00,0x0c,0x0b,0x40,
0x00,0x00,0x00,0x00,0x26,0x0e,0x41,0x00,0x00,0x00,0x5d,0x58,0x00,0x00,0x00,0x3b,
0x40,0x00,0x00,0x00,0x04,0x0b,0x40,0x00,0x00,0x00,0x00,0x26,0x0e,0x0b,0x41,0x00,
0x00,0x00,0x5d,0x58,0x00,0x00,0x00,0x3b,0x40,0x00,0x00,0x00,0x08,0x0b,0x40,0x00,
0x00,0x00,0x00,0x26,0x0b,0x50,0x00,0x00,0x33,0x35,0x40,0x00,0x00,0x02,0x00,0x40,
0x00,0x00,0x08,0x00,0x0c,0x4d,0x00,0x00,0x00,0x53,0x44,0x00,0x00,0x00,0x5d,0x41,
0x00,0x00,0x00,0x53,0x40,0x00,0x00,0x02,0x00,0x40,0x00,0x00,0x08,0x00,0x0c,0x26,
0x0e,0x50,0x00,0x00,0x33,0x56,0x42,0x00,0x00,0x33,0xa6,0x40,0x00,0x00,0x00,0x09,
0x40,0x00,0x00,0x00,0x00,0x40,0x00,0x00,0x00,0x4a,0x2f,0x40,0x00,0x00,0x00,0x1f,
0x4f,0x00,0x00,0x00,0xf8,0x40,0x00,0x00,0x00,0x0f,0x2f,0x80,0x00,0x00,0x00,0xf8,
0x00,0x00,0x00,0x3f,0x40,0x00,0x00,0x33,0x89,0x42,0x00,0x00,0x59,0xbb,0x40,0x00,
0x00,0x27,0x10,0x2f,0x02,0x2f,0x2f,0x4b,0x00,0x00,0x00,0x02,0x4c,0x00,0x00,0x00,
0x03,0x84,0x00,0x00,0x00,0x01,0x00,0x00,0x00,0x01,0x27,0x40,0x00,0x00,0x33,0xbf,
0x40,0x00,0x00,0x00,0x00,0x4d,0x00,0x00,0x00,0x5d,0x41,0x00,0x00,0x00,0x01,0x40,
0x00,0x00,0x00,0x01,0x41,0x00,0x00,0x00,0x5d,0x58,0x00,0x00,0x00,0x3b,0x40,0x00,
0x00,0x40,0x00,0x0b,0x40,0x00,0x00,0x00,0x00,0x26,0x0e,0x41,0x00,0x00,0x00,0x5d,
0x58,0x00,0x00,0x00,0x3b,0x40,0x00,0x00,0x00,0x04,0x0b,0x40,0x00,0x00,0x00,0x00,
0x26,0x0e,0x0b,0x41,0x00,0x00,0x00,0x5d,0x58,0x00,0x00,0x00,0x3b,0x40,0x00,0x00,
0x00,0x08,0x0b,0x40,0x00,0x00,0x00,0x00,0x26,0x0b,0x50,0x00,0x00,0x34,0x14,0x40,
0x00,0x00,0x40,0x00,0x4d,0x00,0x00,0x00,0x53,0x44,0x00,0x00,0x00,0x5d,0x41,0x00,
0x00,0x00,0x53,0x40,0x00,0x00,0x40,0x00,0x26,0x0e,0x50,0x00,0x00,0x34,0x2f,0x42,
0x00,0x00,0x34,0x7f,0x40,0x00,0x00,0x00,0x09,0x40,0x00,0x00,0x00,0x00,0x40,0x00,
0x00,0x02,0x01,0x2f,0x40,0x00,0x00,0x00,0x1f,0x4f,0x00,0x00,0x00,0xf9,0x40,0x00,
0x00,0x00,0x0f,0x2f,0x80,0x00,0x00,0x00,0xf9,0x00,0x00,0x00,0x3f,0x40,0x00,0x00,
0x34,0x62,0x42,0x00,0x00,0x59,0xbb,0x40,0x00,0x00,0x27,0x10,0x2f,0x02,0x2f,0x2f,
0x4b,0x00,0x00,0x00,0x02,0x4c,0x00,0x00,0x00,0x03,0x84,0x00,0x00,0x00,0x01,0x00,
0x00,0x00,0x01,0x27,0x40,0x00,0x00,0x00,0x09,0x40,0x00,0x00,0x00,0x00,0x40,0x00,
0x00,0x03,0xff,0x2f,0x40,0x00,0x00,0x00,0x1f,0x4f,0x00,0x00,0x00,0xfa,0x40,0x00,
0x00,0x00,0x0f,0x2f,0x80,0x00,0x00,0x00,0xfa,0x00,0x00,0x00,0x3f,0x40,0x00,0x00,
0x34,0xb2,0x42,0x00,0x00,0x59,0xbb,0x48,0x00,0x00,0x00,0x01,0x40,0x00,0x00,0x34,
0xd6,0x40,0x00,0x00,0x00,0x00,0x4d,0x00,0x00,0x00,0x5d,0x41,0x00,0x00,0x00,0x73,
0x40,0x00,0x00,0x00,0x01,0x04,0x40,0x00,0x00,0x00,0x01,0x41,0x00,0x00,0x00,0x5d,
0x40,0x00,0x00,0x00,0x01,0x02,0x01,0x4f,0x00,0x00,0x00,0x4a,0x44,0x00,0x00,0x00,
0x5d,0x40,0x00,0x00,0x35,0x05,0x41,0x00,0x00,0x00,0x5e,0x4d,0x00,0x00,0x00,0x5d,
0x41,0x00,0x00,0x00,0x5f,0x40,0x00,0x00,0x00,0x01,0x41,0x00,0x00,0x00,0x5d,0x4d,
0x00,0x00,0x00,0xa9,0x41,0x00,0x00,0x00,0x5d,0x41,0x00,0x00,0x00,0x5e,0x41,0x00,
0x00,0x00,0x5f,0x40,0x00,0x00,0x35,0x28,0x42,0x00,0x00,0x29,0x9c,0x40,0x00,0x00,
0x00,0x00,0x4d,0x00,0x00,0x00,0x53,0x41,0x00,0x00,0x00,0x01,0x41,0x00,0x00,0x00,
0xa9,0x04,0x58,0x00,0x00,0x00,0x3b,0x40,0x00,0x00,0x01,0x00,0x0b,0x40,0x00,0x00,
0x00,0x00,0x26,0x0e,0x41,0x00,0x00,0x00,0x01,0x41,0x00,0x00,0x00,0xa9,0x04,0x58,
0x00,0x00,0x00,0x3b,0x40,0x00,0x00,0x00,0x04,0x0b,0x40,0x00,0x00,0x00,0x00,0x26,
0x0e,0x0b,0x50,0x00,0x00,0x35,0x7c,0x40,0x00,0x00,0x01,0x00,0x4d,0x00,0x00,0x00,
0x53,0x41,0x00,0x00,0x00,0x01,0x41,0x00,0x00,0x00,0xa9,0x04,0x58,0x00,0x00,0x00,
0x3b,0x40,0x00,0x00,0x40,0x00,0x0b,0x40,0x00,0x00,0x00,0x00,0x26,0x0e,0x41,0x00,
0x00,0x00,0x01,0x41,0x00,0x00,0x00,0xa9,0x04,0x58,0x00,0x00,0x00,0x3b,0x40,0x00,
0x00,0x00,0x04,0x0b,0x40,0x00,0x00,0x00,0x00,0x26,0x0e,0x0b,0x50,0x00,0x00,0x35,
0xc6,0x40,0x00,0x00,0x40,0x00,0x4d,0x00,0x00,0x00,0x53,0x41,0x00,0x00,0x00,0x01,
0x41,0x00,0x00,0x00,0xa9,0x04,0x58,0x00,0x00,0x00,0x3b,0x40,0x00,0x00,0x00,0x20,
0x0b,0x40,0x00,0x00,0x00,0x00,0x26,0x0e,0x41,0x00,0x00,0x00,0x01,0x41,0x00,0x00,
0x00,0xa9,0x04,0x58,0x00,0x00,0x00,0x3b,0x40,0x00,0x00,0x00,0x04,0x0b,0x40,0x00,
0x00,0x00,0x00,0x26,0x0e,0x0b,0x50,0x00,0x00,0x36,0x10,0x40,0x00,0x00,0x00,0x20,
0x4d,0x00,0x00,0x00,0x53,0x41,0x00,0x00,0x00,0x01,0x41,0x00,0x00,0x00,0xa9,0x04,
0x58,0x00,0x00,0x00,0x3b,0x40,0x00,0x00,0x02,0x00,0x0b,0x40,0x00,0x00,0x00,0x00,
0x26,0x0e,0x41,0x00,0x00,0x00,0x01,0x41,0x00,0x00,0x00,0xa9,0x04,0x58,0x00,0x00,
0x00,0x3b,0x40,0x00,0x00,0x00,0x04,0x0b,0x40,0x00,0x00,0x00,0x00,0x26,0x0e,0x0b,
0x50,0x00,0x00,0x36,0x5a,0x40,0x00,0x00,0x02,0x00,0x4d,0x00,0x00,0x00,0x53,0x41,
0x00,0x00,0x00,0x01,0x41,0x00,0x00,0x00,0xa9,0x04,0x58,0x00,0x00,0x00,0x3b,0x40,
0x00,0x00,0x08,0x00,0x0b,0x40,0x00,0x00,0x00,0x00,0x26,0x0e,0x41,0x00,0x00,0x00,
0x01,0x41,0x00,0x00,0x00,0xa9,0x04,0x58,0x00,0x00,0x00,0x3b,0x40,0x00,0x00,0x00,
0x04,0x0b,0x40,0x00,0x00,0x00,0x00,0x26,0x0e,0x0b,0x50,0x00,0x00,0x36,0xa4,0x40,
0x00,0x00,0x08,0x00,0x4d,0x00,0x00,0x00,0x53,0x41,0x00,0x00,0x00,0x53,0x40,0x00,
0x00,0x00,0x00,0x26,0x0e,0x50,0x00,0x00,0x36,0xbf,0x40,0x00,0x00,0x36,0xbf,0x42,
0x00,0x00,0x36,0xde,0x4d,0x00,0x00,0x00,0x5f,0x4d,0x00,0x00,0x00,0x5e,0x4d,0x00,
0x00,0x00,0x5d,0x44,0x00,0x00,0x00,0x5d,0x40,0x00,0x00,0x00,0x00,0x4d,0x00,0x00,
0x00,0xa9,0x11,0x41,0x00,0x00,0x00,0x01,0x41,0x00,0x00,0x00,0xa9,0x04,0x4d,0x00,
0x00,0x00,0x5e,0x40,0x00,0x00,0x37,0x07,0x40,0x00,0x00,0x00,0x00,0x4d,0x00,0x00,
0x00,0x5d,0x41,0x00,0x00,0x00,0x01,0x40,0x00,0x00,0x00,0x01,0x41,0x00,0x00,0x00,
0x5d,0x58,0x00,0x00,0x00,0x3b,0x41,0x00,0x00,0x00,0x53,0x0b,0x40,0x00,0x00,0x00,
0x00,0x26,0x0e,0x41,0x00,0x00,0x00,0x5d,0x58,0x00,0x00,0x00,0x3b,0x40,0x00,0x00,
0x00,0x04,0x0b,0x40,0x00,0x00,0x00,0x00,0x26,0x0e,0x0b,0x41,0x00,0x00,0x00,0x5d,
0x41,0x00,0x00,0x00,0x5e,0x26,0x0e,0x0b,0x50,0x00,0x00,0x37,0x63,0x41,0x00,0x00,
0x00,0x5d,0x41,0x00,0x00,0x00,0x5d,0x58,0x00,0x00,0x00,0x3b,0x40,0x00,0x00,0x00,
0x08,0x0c,0x02,0x4e,0x00,0x00,0x00,0x3b,0x44,0x00,0x00,0x00,0x5d,0x41,0x00,0x00,
0x00,0x53,0x40,0x00,0x00,0x01,0x00,0x26,0x50,0x00,0x00,0x37,0xa1,0x40,0x00,0x00,
0x00,0x09,0x40,0x00,0x00,0x00,0x00,0x40,0x00,0x00,0x00,0x07,0x2f,0x40,0x00,0x00,
0x00,0x1f,0x4f,0x00,0x00,0x00,0xfb,0x40,0x00,0x00,0x00,0x0f,0x2f,0x80,0x00,0x00,
0x00,0xfb,0x00,0x00,0x00,0x3f,0x41,0x00,0x00,0x00,0x53,0x40,0x00,0x00,0x40,0x00,
0x26,0x50,0x00,0x00,0x37,0xda,0x40,0x00,0x00,0x00,0x09,0x40,0x00,0x00,0x00,0x00,
0x40,0x00,0x00,0x00,0x07,0x2f,0x40,0x00,0x00,0x00,0x1f,0x4f,0x00,0x00,0x00,0xfc,
0x40,0x00,0x00,0x00,0x0f,0x2f,0x80,0x00,0x00,0x00,0xfc,0x00,0x00,0x00,0x3f,0x41,
0x00,0x00,0x00,0x53,0x40,0x00,0x00,0x02,0x00,0x26,0x41,0x00,0x00,0x00,0x53,0x40,
0x00,0x00,0x08,0x00,0x26,0x0c,0x50,0x00,0x00,0x38,0x1f,0x40,0x00,0x00,0x00,0x09,
0x40,0x00,0x00,0x00,0x00,0x40,0x00,0x00,0x00,0x79,0x2f,0x40,0x00,0x00,0x00,0x1f,
0x4f,0x00,0x00,0x00,0xfd,0x40,0x00,0x00,0x00,0x0f,0x2f,0x80,0x00,0x00,0x00,0xfd,
0x00,0x00,0x00,0x3f,0x41,0x00,0x00,0x00,0x53,0x40,0x00,0x00,0x00,0x20,0x26,0x50,
0x00,0x00,0x38,0x58,0x40,0x00,0x00,0x00,0x09,0x40,0x00,0x00,0x00,0x00,0x40,0x00,
0x00,0x00,0x07,0x2f,0x40,0x00,0x00,0x00,0x1f,0x4f,0x00,0x00,0x00,0xfe,0x40,0x00,
0x00,0x00,0x0f,0x2f,0x80,0x00,0x00,0x00,0xfe,0x00,0x00,0x00,0x3f,0x40,0x00,0x00,
0x38,0x62,0x42,0x00,0x00,0x59,0xbb,0x40,0x00,0x00,0x00,0x20,0x41,0x00,0x00,0x00,
0x5e,0x03,0x40,0x00,0x00,0x00,0x20,0x41,0x00,0x00,0x00,0x5e,0x03,0x40,0x00,0x00,
0x00,0x01,0x04,0x40,0x00,0x00,0x00,0x00,0x40,0x00,0x00,0x00,0x20,0x41,0x00,0x00,
0x00,0x5e,0x03,0x40,0x00,0x00,0x00,0x01,0x04,0x40,0x00,0x00,0x00,0x00,0x82,0x00,
0x00,0x00,0x4a,0x00,0x00,0x00,0x46,0x40,0x00,0x00,0x00,0x00,0x4d,0x00,0x00,0x00,
0xaa,0x40,0x00,0x00,0x38,0xc5,0x40,0x00,0x00,0x00,0x00,0x4d,0x00,0x00,0x00,0x5d,
0x40,0x00,0x00,0x00,0x1f,0x40,0x00,0x00,0x00,0x01,0x41,0x00,0x00,0x00,0x5d,0x41,
0x00,0x00,0x00,0x5e,0x03,0x01,0x59,0x00,0x00,0x00,0x46,0x50,0x00,0x00,0x38,0xf1,
0x41,0x00,0x00,0x00,0xaa,0x40,0x00,0x00,0x00,0x01,0x41,0x00,0x00,0x00,0x5d,0x08,
0x0c,0x4d,0x00,0x00,0x00,0xaa,0x44,0x00,0x00,0x00,0x5d,0x40,0x00,0x00,0x39,0x00,
0x42,0x00,0x00,0x3b,0xbd,0x11,0x40,0x00,0x00,0x39,0x0b,0x42,0x00,0x00,0x29,0x9c,
0x40,0x00,0x00,0x02,0x00,0x40,0x00,0x00,0x08,0x00,0x0c,0x4d,0x00,0x00,0x00,0x53,
0x40,0x00,0x00,0x00,0x00,0x4d,0x00,0x00,0x00,0x5e,0x40,0x00,0x00,0x39,0x3e,0x40,
0x00,0x00,0x00,0x00,0x4d,0x00,0x00,0x00,0x5d,0x41,0x00,0x00,0x00,0x01,0x40,0x00,
0x00,0x00,0x01,0x41,0x00,0x00,0x00,0x5e,0x40,0x00,0x00,0x00,0x01,0x02,0x01,0x4f,
0x00,0x00,0x00,0x4a,0x40,0x00,0x00,0x00,0x01,0x4d,0x00,0x00,0x00,0x60,0x41,0x00,
0x00,0x00,0x5d,0x58,0x00,0x00,0x00,0x3b,0x40,0x00,0x00,0x02,0x00,0x40,0x00,0x00,
0x08,0x00,0x0c,0x0b,0x40,0x00,0x00,0x00,0x00,0x26,0x41,0x00,0x00,0x00,0x5d,0x58,
0x00,0x00,0x00,0x3b,0x40,0x00,0x00,0x00,0x04,0x0b,0x40,0x00,0x00,0x00,0x00,0x26,
0x0c,0x50,0x00,0x00,0x39,0x96,0x42,0x00,0x00,0x3a,0x3f,0x40,0x00,0x00,0x00,0x08,
0x40,0x00,0x00,0x00,0x03,0x05,0x4d,0x00,0x00,0x00,0x60,0x41,0x00,0x00,0x00,0x5d,
0x58,0x00,0x00,0x00,0x3b,0x40,0x00,0x00,0x02,0x00,0x0b,0x40,0x00,0x00,0x00,0x00,
0x26,0x0e,0x50,0x00,0x00,0x39,0xc7,0x42,0x00,0x00,0x39,0xd7,0x40,0x00,0x00,0x00,
0x3a,0x40,0x00,0x00,0x00,0x03,0x05,0x4d,0x00,0x00,0x00,0x60,0x40,0x00,0x00,0x39,
0xf6,0x40,0x00,0x00,0x00,0x00,0x4d,0x00,0x00,0x00,0x80,0x41,0x00,0x00,0x00,0x60,
0x40,0x00,0x00,0x00,0x01,0x04,0x40,0x00,0x00,0x00,0x01,0x41,0x00,0x00,0x00,0x5e,
0x41,0x00,0x00,0x00,0x80,0x03,0x40,0x00,0x00,0x00,0x01,0x02,0x01,0x4f,0x00,0x00,
0x00,0x4a,0x41,0x00,0x00,0x00,0x80,0x40,0x00,0x00,0x00,0x03,0x07,0x40,0x00,0x00,
0x00,0x00,0x26,0x50,0x00,0x00,0x3a,0x3a,0x41,0x00,0x00,0x00,0x5e,0x41,0x00,0x00,
0x00,0x80,0x03,0x40,0x00,0x00,0x00,0x00,0x02,0x01,0x4f,0x00,0x00,0x00,0x4a,0x44,
0x00,0x00,0x00,0x80,0x41,0x00,0x00,0x00,0x5e,0x41,0x00,0x00,0x00,0x60,0x03,0x4d,
0x00,0x00,0x00,0x5e,0x44,0x00,0x00,0x00,0x5d,0x40,0x00,0x00,0x00,0x09,0x40,0x00,
0x00,0x00,0x00,0x40,0x00,0x00,0x00,0x55,0x2f,0x40,0x00,0x00,0x00,0x1f,0x4f,0x00,
0x00,0x00,0xff,0x40,0x00,0x00,0x00,0x0f,0x2f,0x80,0x00,0x00,0x00,0xff,0x00,0x00,
0x00,0x3f,0x40,0x00,0x00,0x3a,0x87,0x42,0x00,0x00,0x59,0xbb,0x40,0x00,0x00,0x00,
0x0a,0x40,0x00,0x00,0x03,0xe8,0x2f,0x2f,0x4b,0x00,0x00,0x00,0x02,0x4c,0x00,0x00,
0x00,0x03,0x84,0x00,0x00,0x00,0x01,0x00,0x00,0x00,0x01,0x27,0x41,0x00,0x00,0x00,
0x5e,0x41,0x00,0x00,0x00,0x5e,0x40,0x00,0x00,0x00,0x01,0x04,0x40,0x00,0x00,0x00,
0x00,0x51,0x00,0x00,0x00,0x4a,0x40,0x00,0x00,0x00,0x0a,0x40,0x00,0x00,0x03,0xe8,
0x2f,0x2f,0x4b,0x00,0x00,0x00,0x02,0x4c,0x00,0x00,0x00,0x03,0x84,0x00,0x00,0x00,
0x01,0x00,0x00,0x00,0x01,0x27,0x40,0x00,0x00,0x00,0x09,0x40,0x00,0x00,0x00,0x00,
0x40,0x00,0x00,0x00,0x00,0x2f,0x40,0x00,0x00,0x00,0x1f,0x4f,0x00,0x00,0x01,0x00,
0x40,0x00,0x00,0x00,0x0f,0x2f,0x80,0x00,0x00,0x01,0x00,0x00,0x00,0x00,0x3f,0x40,
0x00,0x00,0x3b,0x14,0x42,0x00,0x00,0x59,0xbb,0x40,0x00,0x00,0x00,0x0a,0x40,0x00,
0x00,0x03,0xe8,0x2f,0x2f,0x4b,0x00,0x00,0x00,0x02,0x4c,0x00,0x00,0x00,0x03,0x84,
0x00,0x00,0x00,0x01,0x00,0x00,0x00,0x01,0x27,0x40,0x00,0x00,0x00,0x09,0x40,0x00,
0x00,0x00,0x00,0x40,0x00,0x00,0x03,0xff,0x2f,0x40,0x00,0x00,0x00,0x1f,0x4f,0x00,
0x00,0x01,0x01,0x40,0x00,0x00,0x00,0x0f,0x2f,0x80,0x00,0x00,0x01,0x01,0x00,0x00,
0x00,0x3f,0x40,0x00,0x00,0x3b,0x67,0x42,0x00,0x00,0x59,0xbb,0x40,0x00,0x00,0x00,
0x0a,0x40,0x00,0x00,0x03,0xe8,0x2f,0x2f,0x4b,0x00,0x00,0x00,0x02,0x4c,0x00,0x00,
0x00,0x03,0x84,0x00,0x00,0x00,0x01,0x00,0x00,0x00,0x01,0x27,0x40,0x00,0x00,0x3b,
0xa6,0x40,0x00,0x00,0x00,0x00,0x4d,0x00,0x00,0x00,0x5d,0x41,0x00,0x00,0x00,0x5e,
0x40,0x00,0x00,0x00,0x01,0x04,0x40,0x00,0x00,0x00,0x01,0x41,0x00,0x00,0x00,0x5d,
0x40,0x00,0x00,0x00,0x01,0x02,0x01,0x4f,0x00,0x00,0x00,0x4a,0x44,0x00,0x00,0x00,
0x5d,0x11,0x40,0x00,0x00,0x00,0x08,0x5a,0x00,0x00,0x01,0x02,0x41,0x00,0x00,0x00,
0xa9,0x40,0x00,0x00,0x00,0x01,0x03,0x57,0x00,0x00,0x07,0x8e,0x41,0x00,0x00,0x00,
0xaa,0x57,0x00,0x00,0x07,0x95,0x40,0x00,0x00,0x3b,0xfa,0x40,0x00,0x00,0x00,0x00,
0x4d,0x00,0x00,0x00,0x5d,0x40,0x00,0x00,0x00,0x07,0x40,0x00,0x00,0x00,0x01,0x40,
0x00,0x00,0x00,0x00,0x4d,0x00,0x00,0x00,0x80,0x41,0x00,0x00,0x00,0x5d,0x41,0x00,
0x00,0x00,0xaa,0x40,0x00,0x00,0x00,0x0f,0x0b,0x02,0x4e,0x00,0x00,0x01,0x02,0x41,
0x00,0x00,0x00,0x5d,0x58,0x00,0x00,0x01,0x02,0x40,0x00,0x00,0x00,0x09,0x0f,0x50,
0x00,0x00,0x3c,0x39,0x40,0x00,0x00,0x00,0x07,0x4d,0x00,0x00,0x00,0x80,0x41,0x00,
0x00,0x00,0x5d,0x41,0x00,0x00,0x00,0x5d,0x58,0x00,0x00,0x01,0x02,0x40,0x00,0x00,
0x00,0x30,0x03,0x41,0x00,0x00,0x00,0x80,0x03,0x02,0x4e,0x00,0x00,0x01,0x02,0x41,
0x00,0x00,0x00,0xaa,0x40,0x00,0x00,0x00,0x04,0x09,0x4d,0x00,0x00,0x00,0xaa,0x44,
0x00,0x00,0x00,0x5d,0x45,0x00,0x00,0x07,0x4f,0x41,0x00,0x00,0x00,0xa9,0x40,0x00,
0x00,0x00,0x01,0x03,0x13,0x45,0x00,0x00,0x07,0x9e,0x40,0x00,0x00,0x00,0x07,0x58,
0x00,0x00,0x01,0x02,0x24,0x40,0x00,0x00,0x00,0x06,0x58,0x00,0x00,0x01,0x02,0x24,
0x40,0x00,0x00,0x00,0x05,0x58,0x00,0x00,0x01,0x02,0x24,0x40,0x00,0x00,0x00,0x04,
0x58,0x00,0x00,0x01,0x02,0x24,0x40,0x00,0x00,0x00,0x03,0x58,0x00,0x00,0x01,0x02,
0x24,0x40,0x00,0x00,0x00,0x02,0x58,0x00,0x00,0x01,0x02,0x24,0x40,0x00,0x00,0x00,
0x01,0x58,0x00,0x00,0x01,0x02,0x24,0x40,0x00,0x00,0x00,0x00,0x58,0x00,0x00,0x01,
0x02,0x24,0x14,0x11,0x40,0x00,0x00,0x00,0x00,0x4d,0x00,0x00,0x00,0x5e,0x41,0x00,
0x00,0x00,0x01,0x4d,0x00,0x00,0x00,0x5f,0x40,0x00,0x00,0x00,0x01,0x4d,0x00,0x00,
0x00,0x88,0x40,0x00,0x00,0x00,0x01,0x4d,0x00,0x00,0x00,0x82,0x41,0x00,0x00,0x00,
0xa9,0x40,0x00,0x00,0x00,0x01,0x04,0x4d,0x00,0x00,0x00,0xa9,0x41,0x00,0x00,0x00,
0xa9,0x40,0x00,0x00,0x00,0x01,0x40,0xff,0xff,0xff,0xff,0x05,0x26,0x50,0x00,0x00,
0x3d,0x32,0x42,0x00,0x00,0x3d,0xbc,0x41,0x00,0x00,0x00,0xa9,0x40,0x00,0x00,0x00,
0x00,0x10,0x41,0x00,0x00,0x00,0xa9,0x41,0x00,0x00,0x00,0x01,0x0f,0x0c,0x41,0x00,
0x00,0x00,0x01,0x41,0x00,0x00,0x00,0xa9,0x04,0x58,0x00,0x00,0x00,0x3b,0x40,0x00,
0x00,0x00,0x01,0x0b,0x40,0x00,0x00,0x00,0x00,0x26,0x41,0x00,0x00,0x00,0x01,0x41,
0x00,0x00,0x00,0xa9,0x04,0x58,0x00,0x00,0x00,0x3b,0x40,0x00,0x00,0x00,0x02,0x0b,
0x40,0x00,0x00,0x00,0x00,0x26,0x0b,0x0c,0x50,0x00,0x00,0x3d,0x92,0x40,0x00,0x00,
0x00,0x04,0x4d,0x00,0x00,0x00,0x92,0x41,0x00,0x00,0x00,0x92,0x40,0x00,0x00,0x00,
0x00,0x26,0x0e,0x50,0x00,0x00,0x3d,0xa8,0x42,0x00,0x00,0x3e,0x16,0x41,0x00,0x00,
0x00,0xa9,0x4d,0x00,0x00,0x00,0x5e,0x41,0x00,0x00,0x00,0xa9,0x4d,0x00,0x00,0x00,
0x5f,0x40,0x00,0x00,0x3d,0xd5,0x41,0x00,0x00,0x00,0x5e,0x4d,0x00,0x00,0x00,0x5d,
0x41,0x00,0x00,0x00,0x5f,0x40,0x00,0x00,0x00,0x01,0x41,0x00,0x00,0x00,0x5d,0x4d,
0x00,0x00,0x00,0xa9,0x41,0x00,0x00,0x00,0x5d,0x41,0x00,0x00,0x00,0x5e,0x41,0x00,
0x00,0x00,0x5f,0x40,0x00,0x00,0x3d,0xf8,0x42,0x00,0x00,0x29,0x9c,0x40,0x00,0x00,
0x00,0x00,0x4d,0x00,0x00,0x00,0xaa,0x4d,0x00,0x00,0x00,0x5f,0x4d,0x00,0x00,0x00,
0x5e,0x4d,0x00,0x00,0x00,0x5d,0x44,0x00,0x00,0x00,0x5d,0x40,0x00,0x00,0x00,0x00,
0x4d,0x00,0x00,0x00,0xa9,0x11,0x40,0x00,0x00,0x00,0x09,0x40,0x00,0x00,0x00,0x00,
0x40,0x00,0x00,0x02,0xcc,0x2f,0x40,0x00,0x00,0x00,0x1f,0x4f,0x00,0x00,0x01,0x03,
0x40,0x00,0x00,0x00,0x0f,0x2f,0x80,0x00,0x00,0x01,0x03,0x00,0x00,0x00,0x3f,0x40,
0x00,0x00,0x3e,0x54,0x42,0x00,0x00,0x59,0xbb,0x40,0x00,0x00,0x00,0x02,0x2f,0x02,
0x2f,0x2f,0x4b,0x00,0x00,0x00,0x02,0x4c,0x00,0x00,0x00,0x03,0x84,0x00,0x00,0x00,
0x01,0x00,0x00,0x00,0x01,0x27,0x40,0x00,0x00,0x00,0x09,0x40,0x00,0x00,0x00,0x00,
0x40,0x00,0x00,0x02,0x01,0x2f,0x40,0x00,0x00,0x00,0x1f,0x4f,0x00,0x00,0x01,0x04,
0x40,0x00,0x00,0x00,0x0f,0x2f,0x80,0x00,0x00,0x01,0x04,0x00,0x00,0x00,0x3f,0x40,
0x00,0x00,0x3e,0xa4,0x42,0x00,0x00,0x59,0xbb,0x40,0x00,0x00,0x00,0x09,0x40,0x00,
0x00,0x00,0x00,0x40,0x00,0x00,0x03,0xff,0x2f,0x40,0x00,0x00,0x00,0x1f,0x4f,0x00,
0x00,0x01,0x05,0x40,0x00,0x00,0x00,0x0f,0x2f,0x80,0x00,0x00,0x01,0x05,0x00,0x00,
0x00,0x3f,0x40,0x00,0x00,0x3e,0xd7,0x42,0x00,0x00,0x59,0xbb,0x48,0x00,0x00,0x00,
0x00,0x11,0x40,0x00,0x00,0x00,0x08,0x5a,0x00,0x00,0x01,0x06,0x41,0x00,0x00,0x00,
0xa9,0x40,0x00,0x00,0x00,0x01,0x03,0x57,0x00,0x00,0x07,0x8e,0x41,0x00,0x00,0x00,
0xaa,0x57,0x00,0x00,0x07,0xba,0x40,0x00,0x00,0x3f,0x1a,0x40,0x00,0x00,0x00,0x00,
0x4d,0x00,0x00,0x00,0x5d,0x40,0x00,0x00,0x00,0x03,0x40,0x00,0x00,0x00,0x01,0x40,
0x00,0x00,0x00,0x00,0x4d,0x00,0x00,0x00,0x80,0x41,0x00,0x00,0x00,0x5d,0x41,0x00,
0x00,0x00,0xaa,0x40,0x00,0x00,0x00,0x0f,0x0b,0x02,0x4e,0x00,0x00,0x01,0x06,0x41,
0x00,0x00,0x00,0x5d,0x58,0x00,0x00,0x01,0x06,0x40,0x00,0x00,0x00,0x09,0x0f,0x50,
0x00,0x00,0x3f,0x59,0x40,0x00,0x00,0x00,0x07,0x4d,0x00,0x00,0x00,0x80,0x41,0x00,
0x00,0x00,0x5d,0x41,0x00,0x00,0x00,0x5d,0x58,0x00,0x00,0x01,0x06,0x40,0x00,0x00,
0x00,0x30,0x03,0x41,0x00,0x00,0x00,0x80,0x03,0x02,0x4e,0x00,0x00,0x01,0x06,0x41,
0x00,0x00,0x00,0xaa,0x40,0x00,0x00,0x00,0x04,0x09,0x4d,0x00,0x00,0x00,0xaa,0x44,
0x00,0x00,0x00,0x5d,0x45,0x00,0x00,0x07,0x4f,0x41,0x00,0x00,0x00,0xa9,0x40,0x00,
0x00,0x00,0x01,0x03,0x13,0x45,0x00,0x00,0x07,0xbe,0x40,0x00,0x00,0x00,0x03,0x58,
0x00,0x00,0x01,0x06,0x24,0x40,0x00,0x00,0x00,0x02,0x58,0x00,0x00,0x01,0x06,0x24,
0x40,0x00,0x00,0x00,0x01,0x58,0x00,0x00,0x01,0x06,0x24,0x40,0x00,0x00,0x00,0x00,
0x58,0x00,0x00,0x01,0x06,0x24,0x14,0x11,0x45,0x00,0x00,0x07,0xd1,0x14,0x40,0x00,
0x00,0x3f,0xe3,0x42,0x00,0x00,0x28,0xf3,0x40,0x00,0x00,0x00,0x64,0x4d,0x00,0x00,
0x00,0x8b,0x40,0x00,0x00,0x00,0x00,0x4d,0x00,0x00,0x00,0x6d,0x40,0x00,0x00,0x00,
0x00,0x4d,0x00,0x00,0x00,0x66,0x40,0x00,0x00,0x40,0x0b,0x42,0x00,0x00,0x62,0xb7,
0x41,0x00,0x00,0x00,0x55,0x0e,0x50,0x00,0x00,0x40,0x1b,0x42,0x00,0x00,0x41,0xa6,
0x40,0x00,0x00,0x00,0x00,0x4d,0x00,0x00,0x00,0x54,0x40,0x00,0x00,0x40,0x2f,0x42,
0x00,0x00,0x5f,0x0d,0x40,0x00,0x00,0x40,0x39,0x42,0x00,0x00,0x55,0x3a,0x40,0x00,
0x00,0x00,0x09,0x40,0x00,0x00,0x00,0x00,0x40,0x00,0x00,0x02,0xf4,0x2f,0x40,0x00,
0x00,0x00,0x1f,0x4f,0x00,0x00,0x01,0x07,0x40,0x00,0x00,0x00,0x0f,0x2f,0x80,0x00,
0x00,0x01,0x07,0x00,0x00,0x00,0x3f,0x40,0x00,0x00,0x40,0x6c,0x42,0x00,0x00,0x59,
0xbb,0x40,0x00,0x00,0x40,0x90,0x41,0x00,0x00,0x00,0x66,0x4d,0x00,0x00,0x00,0x65,
0x40,0x00,0x00,0x00,0x23,0x58,0x00,0x00,0x00,0x1d,0x40,0x00,0x00,0x00,0x01,0x04,
0x40,0x00,0x00,0x00,0x01,0x41,0x00,0x00,0x00,0x6d,0x4d,0x00,0x00,0x00,0x84,0x41,
0x00,0x00,0x00,0x84,0x41,0x00,0x00,0x00,0x7c,0x40,0x00,0x00,0x00,0x01,0x04,0x03,
0x4d,0x00,0x00,0x00,0x85,0x41,0x00,0x00,0x00,0x6d,0x41,0x00,0x00,0x00,0x7c,0x03,
0x4d,0x00,0x00,0x00,0x6d,0x41,0x00,0x00,0x00,0x7c,0x41,0x00,0x00,0x00,0x85,0x41,
0x00,0x00,0x00,0x84,0x51,0x00,0x00,0x00,0x14,0x40,0x00,0x00,0x00,0x03,0x41,0x00,
0x00,0x00,0x8b,0x2f,0x2f,0x4b,0x00,0x00,0x00,0x02,0x4c,0x00,0x00,0x00,0x03,0x84,
0x00,0x00,0x00,0x01,0x00,0x00,0x00,0x01,0x27,0x41,0x00,0x00,0x00,0x65,0x40,0x00,
0x00,0x00,0x20,0x58,0x00,0x00,0x00,0x1d,0x40,0x00,0x00,0x00,0x01,0x04,0x26,0x50,
0x00,0x00,0x41,0x14,0x42,0x00,0x00,0x41,0x59,0x41,0x00,0x00,0x00,0x65,0x40,0x00,
0x00,0x00,0x21,0x58,0x00,0x00,0x00,0x1d,0x40,0x00,0x00,0x00,0x01,0x04,0x26,0x50,
0x00,0x00,0x41,0x34,0x42,0x00,0x00,0x41,0x59,0x41,0x00,0x00,0x00,0x65,0x40,0x00,
0x00,0x00,0x22,0x58,0x00,0x00,0x00,0x1d,0x40,0x00,0x00,0x00,0x01,0x04,0x26,0x50,
0x00,0x00,0x41,0x54,0x42,0x00,0x00,0x41,0x59,0x42,0x00,0x00,0x41,0x88,0x41,0x00,
0x00,0x00,0x65,0x40,0x00,0x00,0x00,0x01,0x03,0x4d,0x00,0x00,0x00,0x66,0x40,0x00,
0x00,0x00,0x23,0x58,0x00,0x00,0x00,0x1d,0x40,0x00,0x00,0x00,0x01,0x04,0x4d,0x00,
0x00,0x00,0x65,0x40,0x00,0x00,0x00,0x01,0x4d,0x00,0x00,0x00,0x54,0x44,0x00,0x00,
0x00,0x65,0x41,0x00,0x00,0x00,0x54,0x50,0x00,0x00,0x41,0x9c,0x42,0x00,0x00,0x40,
0x01,0x40,0x00,0x00,0x00,0x00,0x4d,0x00,0x00,0x00,0x54,0x11,0x40,0x00,0x00,0x00,
0x64,0x4d,0x00,0x00,0x00,0x8b,0x40,0x00,0x00,0x41,0xbb,0x42,0x00,0x00,0x28,0xf3,
0x40,0x00,0x00,0x41,0xc5,0x42,0x00,0x00,0x5f,0x0d,0x40,0x00,0x00,0x00,0x00,0x4d,
0x00,0x00,0x00,0x66,0x40,0x00,0x00,0x41,0xd9,0x42,0x00,0x00,0x55,0x3a,0x40,0x00,
0x00,0x00,0x09,0x40,0x00,0x00,0x00,0x00,0x40,0x00,0x00,0x02,0xf4,0x2f,0x40,0x00,
0x00,0x00,0x1f,0x4f,0x00,0x00,0x01,0x08,0x40,0x00,0x00,0x00,0x0f,0x2f,0x80,0x00,
0x00,0x01,0x08,0x00,0x00,0x00,0x3f,0x40,0x00,0x00,0x42,0x0c,0x42,0x00,0x00,0x59,
0xbb,0x40,0x00,0x00,0x00,0x00,0x4d,0x00,0x00,0x00,0x59,0x40,0x00,0x00,0x00,0x01,
0x4d,0x00,0x00,0x00,0x5a,0x40,0x00,0x00,0x42,0x2a,0x42,0x00,0x00,0x60,0x97,0x40,
0x00,0x00,0x00,0x00,0x4d,0x00,0x00,0x00,0x6d,0x40,0x00,0x00,0x42,0x4d,0x40,0x00,
0x00,0x00,0x00,0x4d,0x00,0x00,0x00,0x5d,0x40,0x00,0x00,0x00,0x03,0x40,0x00,0x00,
0x00,0x01,0x41,0x00,0x00,0x00,0x6d,0x4d,0x00,0x00,0x00,0x84,0x41,0x00,0x00,0x00,
0x84,0x41,0x00,0x00,0x00,0x7c,0x40,0x00,0x00,0x00,0x01,0x04,0x03,0x4d,0x00,0x00,
0x00,0x85,0x41,0x00,0x00,0x00,0x6d,0x41,0x00,0x00,0x00,0x7c,0x03,0x4d,0x00,0x00,
0x00,0x6d,0x41,0x00,0x00,0x00,0x7c,0x41,0x00,0x00,0x00,0x85,0x41,0x00,0x00,0x00,
0x84,0x51,0x00,0x00,0x00,0x46,0x40,0x00,0x00,0x00,0x03,0x41,0x00,0x00,0x00,0x8b,
0x2f,0x2f,0x4b,0x00,0x00,0x00,0x02,0x4c,0x00,0x00,0x00,0x03,0x84,0x00,0x00,0x00,
0x01,0x00,0x00,0x00,0x01,0x27,0x44,0x00,0x00,0x00,0x5d,0x41,0x00,0x00,0x00,0xb7,
0x50,0x00,0x00,0x42,0xca,0x40,0x00,0x00,0x00,0x00,0x4d,0x00,0x00,0x00,0x5a,0x40,
0x00,0x00,0x42,0xd4,0x42,0x00,0x00,0x57,0xa9,0x40,0x00,0x00,0x00,0x01,0x4d,0x00,
0x00,0x00,0x59,0x40,0x00,0x00,0x00,0x01,0x4d,0x00,0x00,0x00,0x5a,0x11,0x45,0x00,
0x00,0x07,0xf4,0x14,0x40,0x00,0x00,0x42,0xf9,0x42,0x00,0x00,0x28,0xf3,0x40,0x00,
0x00,0x00,0x64,0x4d,0x00,0x00,0x00,0x8b,0x40,0x00,0x00,0x00,0x00,0x4d,0x00,0x00,
0x00,0x6d,0x40,0x00,0x00,0x00,0x00,0x4d,0x00,0x00,0x00,0x66,0x40,0x00,0x00,0x00,
0x01,0x4d,0x00,0x00,0x00,0x58,0x40,0x00,0x00,0x43,0x2b,0x42,0x00,0x00,0x62,0xb7,
0x40,0x00,0x00,0x43,0x35,0x42,0x00,0x00,0x5f,0x0d,0x40,0x00,0x00,0x43,0x3f,0x42,
0x00,0x00,0x55,0x3a,0x40,0x00,0x00,0x00,0x09,0x40,0x00,0x00,0x00,0x00,0x40,0x00,
0x00,0x02,0xf4,0x2f,0x40,0x00,0x00,0x00,0x1f,0x4f,0x00,0x00,0x01,0x09,0x40,0x00,
0x00,0x00,0x0f,0x2f,0x80,0x00,0x00,0x01,0x09,0x00,0x00,0x00,0x3f,0x40,0x00,0x00,
0x43,0x72,0x42,0x00,0x00,0x59,0xbb,0x40,0x00,0x00,0x43,0x8b,0x40,0x00,0x00,0x00,
0x00,0x4d,0x00,0x00,0x00,0x65,0x40,0x00,0x00,0x01,0xff,0x40,0x00,0x00,0x00,0x01,
0x41,0x00,0x00,0x00,0x6d,0x4d,0x00,0x00,0x00,0x84,0x41,0x00,0x00,0x00,0x84,0x41,
0x00,0x00,0x00,0x7c,0x40,0x00,0x00,0x00,0x01,0x04,0x03,0x4d,0x00,0x00,0x00,0x85,
0x41,0x00,0x00,0x00,0x6d,0x41,0x00,0x00,0x00,0x7c,0x03,0x4d,0x00,0x00,0x00,0x6d,
0x41,0x00,0x00,0x00,0x7c,0x41,0x00,0x00,0x00,0x85,0x41,0x00,0x00,0x00,0x84,0x51,
0x00,0x00,0x00,0x15,0x40,0x00,0x00,0x00,0x03,0x41,0x00,0x00,0x00,0x8b,0x2f,0x2f,
0x4b,0x00,0x00,0x00,0x02,0x4c,0x00,0x00,0x00,0x03,0x84,0x00,0x00,0x00,0x01,0x00,
0x00,0x00,0x01,0x27,0x44,0x00,0x00,0x00,0x65,0x40,0x00,0x00,0x00,0x00,0x4d,0x00,
0x00,0x00,0x58,0x11,0x45,0x00,0x00,0x08,0x0d,0x14,0x40,0x00,0x00,0x00,0x00,0x4d,
0x00,0x00,0x00,0x66,0x41,0x00,0x00,0x00,0x56,0x50,0x00,0x00,0x44,0x1e,0x42,0x00,
0x00,0x45,0x5e,0x45,0x00,0x00,0x08,0x28,0x14,0x40,0x00,0x07,0xa1,0x20,0x41,0x00,
0x00,0x00,0x2d,0x06,0x4d,0x00,0x00,0x00,0x8c,0x40,0x00,0x00,0x00,0x01,0x4d,0x00,
0x00,0x00,0x58,0x40,0x00,0x00,0x44,0x5d,0x40,0x00,0x00,0x00,0x00,0x4d,0x00,0x00,
0x00,0x5d,0x41,0x00,0x00,0x00,0x2d,0x40,0x00,0x00,0x00,0x01,0x04,0x40,0x00,0x00,
0x00,0x01,0x41,0x00,0x00,0x00,0x5d,0x40,0x00,0x00,0x44,0x6c,0x42,0x00,0x00,0x55,
0x3a,0x40,0x00,0x00,0x00,0x09,0x40,0x00,0x00,0x00,0x00,0x40,0x00,0x00,0x02,0xf2,
0x2f,0x40,0x00,0x00,0x00,0x1f,0x4f,0x00,0x00,0x01,0x0a,0x40,0x00,0x00,0x00,0x0f,
0x2f,0x80,0x00,0x00,0x01,0x0a,0x00,0x00,0x00,0x3f,0x40,0x00,0x00,0x44,0x9f,0x42,
0x00,0x00,0x59,0xbb,0x40,0x00,0x00,0x00,0x03,0x41,0x00,0x00,0x00,0x8c,0x2f,0x2f,
0x4b,0x00,0x00,0x00,0x02,0x4c,0x00,0x00,0x00,0x03,0x84,0x00,0x00,0x00,0x01,0x00,
0x00,0x00,0x01,0x27,0x4d,0x00,0x00,0x00,0x5d,0x44,0x00,0x00,0x00,0x5d,0x40,0x00,
0x00,0x00,0x02,0x4d,0x00,0x00,0x00,0x58,0x40,0x00,0x00,0x44,0xf2,0x40,0x00,0x00,
0x00,0x00,0x4d,0x00,0x00,0x00,0x5d,0x41,0x00,0x00,0x00,0x2d,0x40,0x00,0x00,0x00,
0x01,0x04,0x40,0x00,0x00,0x00,0x01,0x41,0x00,0x00,0x00,0x5d,0x40,0x00,0x00,0x45,
0x01,0x42,0x00,0x00,0x55,0x3a,0x40,0x00,0x00,0x00,0x09,0x40,0x00,0x00,0x00,0x00,
0x40,0x00,0x00,0x02,0xf2,0x2f,0x40,0x00,0x00,0x00,0x1f,0x4f,0x00,0x00,0x01,0x0b,
0x40,0x00,0x00,0x00,0x0f,0x2f,0x80,0x00,0x00,0x01,0x0b,0x00,0x00,0x00,0x3f,0x40,
0x00,0x00,0x45,0x34,0x42,0x00,0x00,0x59,0xbb,0x40,0x00,0x00,0x00,0x03,0x41,0x00,
0x00,0x00,0x8c,0x2f,0x2f,0x4b,0x00,0x00,0x00,0x02,0x4c,0x00,0x00,0x00,0x03,0x84,
0x00,0x00,0x00,0x01,0x00,0x00,0x00,0x01,0x27,0x4d,0x00,0x00,0x00,0x5d,0x44,0x00,
0x00,0x00,0x5d,0x41,0x00,0x00,0x00,0x57,0x50,0x00,0x00,0x45,0x6d,0x42,0x00,0x00,
0x45,0xee,0x45,0x00,0x00,0x08,0x43,0x14,0x40,0x00,0x07,0xa1,0x20,0x4d,0x00,0x00,
0x00,0x8c,0x40,0x00,0x00,0x00,0x00,0x4d,0x00,0x00,0x00,0x58,0x40,0x00,0x00,0x00,
0x00,0x4d,0x00,0x00,0x00,0x66,0x40,0x00,0x00,0x45,0x9b,0x42,0x00,0x00,0x55,0x3a,
0x40,0x00,0x00,0x00,0x09,0x40,0x00,0x00,0x00,0x00,0x40,0x00,0x00,0x02,0xf2,0x2f,
0x40,0x00,0x00,0x00,0x1f,0x4f,0x00,0x00,0x01,0x0c,0x40,0x00,0x00,0x00,0x0f,0x2f,
0x80,0x00,0x00,0x01,0x0c,0x00,0x00,0x00,0x3f,0x40,0x00,0x00,0x45,0xce,0x42,0x00,
0x00,0x59,0xbb,0x40,0x00,0x00,0x00,0x03,0x41,0x00,0x00,0x00,0x8c,0x2f,0x2f,0x4b,
0x00,0x00,0x00,0x02,0x4c,0x00,0x00,0x00,0x03,0x84,0x00,0x00,0x00,0x01,0x00,0x00,
0x00,0x01,0x27,0x40,0x00,0x00,0x00,0x00,0x4d,0x00,0x00,0x00,0x58,0x11,0x41,0x00,
0x00,0x00,0x9c,0x50,0x00,0x00,0x46,0x09,0x45,0x00,0x00,0x08,0x63,0x14,0x41,0x00,
0x00,0x00,0x9c,0x0e,0x50,0x00,0x00,0x46,0x1a,0x45,0x00,0x00,0x08,0x7f,0x14,0x40,
0x00,0x00,0x46,0x24,0x42,0x00,0x00,0x28,0xf3,0x40,0x00,0x00,0x00,0x00,0x4d,0x00,
0x00,0x00,0x66,0x40,0x00,0x00,0x00,0x00,0x4d,0x00,0x00,0x00,0x6d,0x40,0x00,0x00,
0x00,0x01,0x4d,0x00,0x00,0x00,0x58,0x40,0x00,0x00,0x46,0x4c,0x42,0x00,0x00,0x62,
0xb7,0x40,0x00,0x00,0x46,0x56,0x42,0x00,0x00,0x5f,0x0d,0x40,0x00,0x00,0x00,0x01,
0x4d,0x00,0x00,0x00,0x82,0x40,0x00,0x00,0x46,0x6a,0x42,0x00,0x00,0x55,0x3a,0x40,
0x00,0x00,0x00,0x09,0x40,0x00,0x00,0x00,0x00,0x40,0x00,0x00,0x02,0x05,0x2f,0x40,
0x00,0x00,0x00,0x1f,0x4f,0x00,0x00,0x01,0x0d,0x40,0x00,0x00,0x00,0x0f,0x2f,0x80,
0x00,0x00,0x01,0x0d,0x00,0x00,0x00,0x3f,0x40,0x00,0x00,0x46,0x9d,0x42,0x00,0x00,
0x59,0xbb,0x40,0x00,0x00,0x00,0x14,0x2f,0x02,0x2f,0x2f,0x4b,0x00,0x00,0x00,0x02,
0x4c,0x00,0x00,0x00,0x03,0x84,0x00,0x00,0x00,0x01,0x00,0x00,0x00,0x01,0x27,0x40,
0x00,0x00,0x46,0xd3,0x40,0x00,0x00,0x00,0x00,0x4d,0x00,0x00,0x00,0x65,0x40,0x00,
0x00,0x01,0xff,0x40,0x00,0x00,0x00,0x01,0x40,0x00,0x00,0x46,0xdd,0x42,0x00,0x00,
0x54,0x72,0x41,0x00,0x00,0x00,0x92,0x40,0x00,0x00,0x00,0x00,0x26,0x0e,0x50,0x00,
0x00,0x46,0xf8,0x40,0x00,0x00,0x01,0xff,0x4d,0x00,0x00,0x00,0x65,0x44,0x00,0x00,
0x00,0x65,0x40,0x00,0x00,0x00,0x00,0x4d,0x00,0x00,0x00,0x58,0x11,0x41,0x00,0x00,
0x00,0x9c,0x50,0x00,0x00,0x47,0x18,0x45,0x00,0x00,0x08,0x96,0x14,0x41,0x00,0x00,
0x00,0x9c,0x0e,0x50,0x00,0x00,0x47,0x29,0x45,0x00,0x00,0x08,0xb2,0x14,0x40,0x00,
0x00,0x00,0x00,0x4d,0x00,0x00,0x00,0x58,0x40,0x00,0x00,0x47,0x3d,0x42,0x00,0x00,
0x28,0xf3,0x40,0x00,0x00,0x00,0x00,0x4d,0x00,0x00,0x00,0x66,0x40,0x00,0x00,0x00,
0x00,0x4d,0x00,0x00,0x00,0x6d,0x41,0x00,0x00,0x00,0x92,0x40,0x00,0x00,0x00,0x00,
0x26,0x0e,0x50,0x00,0x00,0x47,0x67,0x42,0x00,0x00,0x49,0x70,0x40,0x00,0x00,0x47,
0x71,0x42,0x00,0x00,0x62,0xb7,0x41,0x00,0x00,0x00,0x55,0x0e,0x50,0x00,0x00,0x47,
0x81,0x42,0x00,0x00,0x49,0x70,0x40,0x00,0x00,0x47,0x8b,0x42,0x00,0x00,0x5f,0x0d,
0x40,0x00,0x00,0x00,0x00,0x4d,0x00,0x00,0x00,0x54,0x40,0x00,0x00,0x00,0x01,0x4d,
0x00,0x00,0x00,0x82,0x40,0x00,0x00,0x47,0xa9,0x42,0x00,0x00,0x55,0x3a,0x40,0x00,
0x00,0x00,0x09,0x40,0x00,0x00,0x00,0x00,0x40,0x00,0x00,0x02,0x05,0x2f,0x40,0x00,
0x00,0x00,0x1f,0x4f,0x00,0x00,0x01,0x0e,0x40,0x00,0x00,0x00,0x0f,0x2f,0x80,0x00,
0x00,0x01,0x0e,0x00,0x00,0x00,0x3f,0x40,0x00,0x00,0x47,0xdc,0x42,0x00,0x00,0x59,
0xbb,0x40,0x00,0x00,0x00,0x14,0x2f,0x02,0x2f,0x2f,0x4b,0x00,0x00,0x00,0x02,0x4c,
0x00,0x00,0x00,0x03,0x84,0x00,0x00,0x00,0x01,0x00,0x00,0x00,0x01,0x27,0x40,0x00,
0x00,0x00,0x00,0x4d,0x00,0x00,0x00,0x59,0x40,0x00,0x00,0x00,0x00,0x4d,0x00,0x00,
0x00,0x5a,0x41,0x00,0x00,0x00,0xb0,0x50,0x00,0x00,0x48,0x21,0x40,0x00,0x00,0x00,
0x01,0x4d,0x00,0x00,0x00,0x59,0x41,0x00,0x00,0x00,0xb0,0x41,0x00,0x00,0x00,0xb7,
0x0e,0x0c,0x50,0x00,0x00,0x48,0x3c,0x40,0x00,0x00,0x00,0x01,0x4d,0x00,0x00,0x00,
0x5a,0x41,0x00,0x00,0x00,0x66,0x40,0x00,0x00,0x00,0x04,0x10,0x50,0x00,0x00,0x48,
0x56,0x40,0x00,0x00,0x48,0x56,0x42,0x00,0x00,0x60,0x97,0x40,0x00,0x00,0x00,0x01,
0x4d,0x00,0x00,0x00,0x59,0x40,0x00,0x00,0x00,0x01,0x4d,0x00,0x00,0x00,0x5a,0x40,
0x00,0x00,0x00,0x00,0x4d,0x00,0x00,0x00,0x65,0x40,0x00,0x00,0x48,0x98,0x41,0x00,
0x00,0x00,0x66,0x4d,0x00,0x00,0x00,0x65,0x40,0x00,0x00,0x00,0x23,0x58,0x00,0x00,
0x00,0x1d,0x40,0x00,0x00,0x00,0x01,0x04,0x40,0x00,0x00,0x00,0x01,0x40,0x00,0x00,
0x48,0xa2,0x42,0x00,0x00,0x54,0x72,0x41,0x00,0x00,0x00,0x92,0x40,0x00,0x00,0x00,
0x00,0x26,0x0e,0x50,0x00,0x00,0x48,0xc8,0x40,0x00,0x00,0x00,0x23,0x58,0x00,0x00,
0x00,0x1d,0x40,0x00,0x00,0x00,0x01,0x04,0x4d,0x00,0x00,0x00,0x65,0x41,0x00,0x00,
0x00,0x65,0x40,0x00,0x00,0x00,0x20,0x58,0x00,0x00,0x00,0x1d,0x40,0x00,0x00,0x00,
0x01,0x04,0x26,0x50,0x00,0x00,0x48,0xe8,0x42,0x00,0x00,0x49,0x2d,0x41,0x00,0x00,
0x00,0x65,0x40,0x00,0x00,0x00,0x21,0x58,0x00,0x00,0x00,0x1d,0x40,0x00,0x00,0x00,
0x01,0x04,0x26,0x50,0x00,0x00,0x49,0x08,0x42,0x00,0x00,0x49,0x2d,0x41,0x00,0x00,
0x00,0x65,0x40,0x00,0x00,0x00,0x22,0x58,0x00,0x00,0x00,0x1d,0x40,0x00,0x00,0x00,
0x01,0x04,0x26,0x50,0x00,0x00,0x49,0x28,0x42,0x00,0x00,0x49,0x2d,0x42,0x00,0x00,
0x49,0x5c,0x41,0x00,0x00,0x00,0x65,0x40,0x00,0x00,0x00,0x01,0x03,0x4d,0x00,0x00,
0x00,0x66,0x40,0x00,0x00,0x00,0x23,0x58,0x00,0x00,0x00,0x1d,0x40,0x00,0x00,0x00,
0x01,0x04,0x4d,0x00,0x00,0x00,0x65,0x40,0x00,0x00,0x00,0x01,0x4d,0x00,0x00,0x00,
0x54,0x44,0x00,0x00,0x00,0x65,0x41,0x00,0x00,0x00,0x54,0x50,0x00,0x00,0x49,0x70,
0x42,0x00,0x00,0x47,0x51,0x11,0x40,0x00,0x00,0x00,0x01,0x4d,0x00,0x00,0x00,0x9c,
0x41,0x00,0x00,0x00,0x53,0x40,0x00,0x00,0x40,0x00,0x26,0x41,0x00,0x00,0x00,0x57,
0x0e,0x0b,0x50,0x00,0x00,0x49,0x9c,0x40,0x00,0x00,0x49,0x9c,0x42,0x00,0x00,0x47,
0x08,0x41,0x00,0x00,0x00,0x53,0x40,0x00,0x00,0x40,0x00,0x26,0x41,0x00,0x00,0x00,
0x56,0x0e,0x0b,0x50,0x00,0x00,0x49,0xbd,0x40,0x00,0x00,0x49,0xbd,0x42,0x00,0x00,
0x45,0xf9,0x41,0x00,0x00,0x00,0xb3,0x50,0x00,0x00,0x49,0xd1,0x40,0x00,0x00,0x00,
0x00,0x4d,0x00,0x00,0x00,0x9c,0x11,0x40,0x00,0x00,0x00,0x01,0x4d,0x00,0x00,0x00,
0x88,0x40,0x00,0x00,0x49,0xe6,0x42,0x00,0x00,0x28,0xf3,0x40,0x00,0x00,0x49,0xf0,
0x42,0x00,0x00,0x62,0xb7,0x40,0x00,0x00,0x49,0xfa,0x42,0x00,0x00,0x5f,0x0d,0x40,
0x00,0x00,0x00,0x04,0x4d,0x00,0x00,0x00,0x58,0x40,0x00,0x00,0x00,0x01,0x4d,0x00,
0x00,0x00,0x82,0x40,0x00,0x00,0x4a,0x18,0x42,0x00,0x00,0x55,0x3a,0x40,0x00,0x00,
0x00,0x09,0x40,0x00,0x00,0x00,0x00,0x40,0x00,0x00,0x02,0x05,0x2f,0x40,0x00,0x00,
0x00,0x1f,0x4f,0x00,0x00,0x01,0x0f,0x40,0x00,0x00,0x00,0x0f,0x2f,0x80,0x00,0x00,
0x01,0x0f,0x00,0x00,0x00,0x3f,0x40,0x00,0x00,0x4a,0x4b,0x42,0x00,0x00,0x59,0xbb,
0x40,0x00,0x00,0x4a,0x64,0x40,0x00,0x00,0x00,0x00,0x4d,0x00,0x00,0x00,0x65,0x40,
0x00,0x00,0x00,0x04,0x40,0x00,0x00,0x00,0x01,0x41,0x00,0x00,0x00,0x7d,0x41,0x00,
0x00,0x00,0x7d,0x40,0x00,0x00,0x00,0x01,0x04,0x40,0x00,0x00,0x00,0x00,0x41,0x00,
0x00,0x00,0x65,0x40,0x00,0x00,0x00,0x01,0x03,0x41,0x00,0x00,0x00,0x7d,0x05,0x40,
0x00,0x00,0x00,0x01,0x04,0x41,0x00,0x00,0x00,0x65,0x41,0x00,0x00,0x00,0x7d,0x05,
0x82,0x00,0x00,0x00,0x4a,0x00,0x00,0x00,0x46,0x44,0x00,0x00,0x00,0x65,0x40,0x00,
0x00,0x4a,0xc2,0x40,0x00,0x00,0x00,0x00,0x4d,0x00,0x00,0x00,0x65,0x40,0x00,0x00,
0x00,0x02,0x40,0x00,0x00,0x00,0x01,0x40,0x00,0x00,0x00,0x00,0x4d,0x00,0x00,0x00,
0x5d,0x40,0x00,0x00,0x4a,0xe5,0x40,0x00,0x00,0x00,0x00,0x4d,0x00,0x00,0x00,0x5e,
0x41,0x00,0x00,0x00,0x01,0x40,0x00,0x00,0x00,0x01,0x41,0x00,0x00,0x00,0x5e,0x58,
0x00,0x00,0x00,0x3b,0x40,0x00,0x00,0x40,0x00,0x0b,0x40,0x00,0x00,0x00,0x00,0x26,
0x41,0x00,0x00,0x00,0x5e,0x58,0x00,0x00,0x00,0x3b,0x40,0x00,0x00,0x00,0x04,0x0b,
0x40,0x00,0x00,0x00,0x00,0x26,0x0c,0x41,0x00,0x00,0x00,0x5e,0x58,0x00,0x00,0x00,
0x3b,0x40,0x00,0x00,0x00,0x08,0x0b,0x40,0x00,0x00,0x00,0x00,0x26,0x0e,0x0c,0x50,
0x00,0x00,0x4b,0x34,0x42,0x00,0x00,0x4b,0xdb,0x41,0x00,0x00,0x00,0x65,0x41,0x00,
0x00,0x00,0x7d,0x05,0x41,0x00,0x00,0x00,0x5d,0x03,0x4d,0x00,0x00,0x00,0x80,0x41,
0x00,0x00,0x00,0x5e,0x58,0x00,0x00,0x00,0x04,0x4d,0x00,0x00,0x00,0x50,0x40,0x00,
0x00,0x4b,0x7d,0x40,0x00,0x00,0x00,0x00,0x4d,0x00,0x00,0x00,0x5f,0x41,0x00,0x00,
0x00,0x50,0x58,0x00,0x00,0x00,0x1b,0x40,0x00,0x00,0x00,0x01,0x04,0x40,0x00,0x00,
0x00,0x01,0x41,0x00,0x00,0x00,0x80,0x41,0x00,0x00,0x00,0x5f,0x03,0x01,0x59,0x00,
0x00,0x00,0x46,0x41,0x00,0x00,0x00,0x50,0x58,0x00,0x00,0x00,0x1b,0x41,0x00,0x00,
0x00,0x65,0x05,0x41,0x00,0x00,0x00,0x5f,0x03,0x01,0x59,0x00,0x00,0x00,0x2f,0x26,
0x0e,0x50,0x00,0x00,0x4b,0xbb,0x40,0x00,0x00,0x00,0x06,0x4d,0x00,0x00,0x00,0x92,
0x44,0x00,0x00,0x00,0x5f,0x41,0x00,0x00,0x00,0x5d,0x41,0x00,0x00,0x00,0x50,0x58,
0x00,0x00,0x00,0x1b,0x03,0x40,0x00,0x00,0x00,0x01,0x04,0x4d,0x00,0x00,0x00,0x5d,
0x41,0x00,0x00,0x00,0x5d,0x40,0x00,0x00,0x00,0x01,0x03,0x4d,0x00,0x00,0x00,0x5d,
0x44,0x00,0x00,0x00,0x5e,0x44,0x00,0x00,0x00,0x65,0x41,0x00,0x00,0x00,0x92,0x40,
0x00,0x00,0x00,0x00,0x26,0x0e,0x50,0x00,0x00,0x4c,0x0b,0x42,0x00,0x00,0x51,0xe5,
0x40,0x00,0x00,0x00,0x03,0x41,0x00,0x00,0x00,0x7d,0x05,0x4d,0x00,0x00,0x00,0x6d,
0x40,0x00,0x00,0x00,0x01,0x4d,0x00,0x00,0x00,0x2e,0x40,0x00,0x00,0x4c,0x3e,0x40,
0x00,0x00,0x00,0x00,0x4d,0x00,0x00,0x00,0x5e,0x41,0x00,0x00,0x00,0x01,0x40,0x00,
0x00,0x00,0x01,0x41,0x00,0x00,0x00,0x5e,0x58,0x00,0x00,0x00,0x3b,0x40,0x00,0x00,
0x40,0x00,0x0b,0x40,0x00,0x00,0x00,0x00,0x26,0x41,0x00,0x00,0x00,0x5e,0x58,0x00,
0x00,0x00,0x3b,0x40,0x00,0x00,0x00,0x04,0x0b,0x40,0x00,0x00,0x00,0x00,0x26,0x0c,
0x41,0x00,0x00,0x00,0x5e,0x58,0x00,0x00,0x00,0x3b,0x40,0x00,0x00,0x00,0x08,0x0b,
0x40,0x00,0x00,0x00,0x00,0x26,0x0e,0x0c,0x50,0x00,0x00,0x4c,0x8d,0x42,0x00,0x00,
0x51,0xa6,0x41,0x00,0x00,0x00,0x5e,0x58,0x00,0x00,0x00,0x04,0x4d,0x00,0x00,0x00,
0x50,0x40,0x00,0x00,0x00,0x06,0x40,0x00,0x00,0x00,0x03,0x05,0x41,0x00,0x00,0x00,
0x50,0x40,0x00,0x00,0x00,0x01,0x04,0x05,0x4d,0x00,0x00,0x00,0x80,0x40,0x00,0x00,
0x00,0x00,0x4d,0x00,0x00,0x00,0x60,0x40,0x00,0x00,0x4c,0xe6,0x40,0x00,0x00,0x00,
0x00,0x4d,0x00,0x00,0x00,0x5d,0x41,0x00,0x00,0x00,0x50,0x58,0x00,0x00,0x00,0x1b,
0x40,0x00,0x00,0x00,0x01,0x04,0x40,0x00,0x00,0x00,0x01,0x41,0x00,0x00,0x00,0x6d,
0x41,0x00,0x00,0x00,0x5d,0x03,0x01,0x59,0x00,0x00,0x00,0x46,0x40,0x00,0x00,0x00,
0x01,0x26,0x50,0x00,0x00,0x4d,0x29,0x41,0x00,0x00,0x00,0x60,0x40,0x00,0x00,0x00,
0x01,0x41,0x00,0x00,0x00,0x50,0x58,0x00,0x00,0x00,0x1b,0x40,0x00,0x00,0x00,0x01,
0x04,0x41,0x00,0x00,0x00,0x5d,0x04,0x08,0x0c,0x4d,0x00,0x00,0x00,0x60,0x44,0x00,
0x00,0x00,0x5d,0x40,0x00,0x00,0x00,0x00,0x4d,0x00,0x00,0x00,0x87,0x40,0x00,0x00,
0x4d,0x5c,0x40,0x00,0x00,0x00,0x00,0x4d,0x00,0x00,0x00,0x5d,0x41,0x00,0x00,0x00,
0x50,0x58,0x00,0x00,0x00,0x1b,0x40,0x00,0x00,0x00,0x01,0x04,0x40,0x00,0x00,0x00,
0x01,0x41,0x00,0x00,0x00,0x6d,0x41,0x00,0x00,0x00,0x7d,0x03,0x41,0x00,0x00,0x00,
0x5d,0x03,0x01,0x59,0x00,0x00,0x00,0x46,0x40,0x00,0x00,0x00,0x01,0x26,0x50,0x00,
0x00,0x4d,0xa5,0x41,0x00,0x00,0x00,0x87,0x40,0x00,0x00,0x00,0x01,0x41,0x00,0x00,
0x00,0x50,0x58,0x00,0x00,0x00,0x1b,0x40,0x00,0x00,0x00,0x01,0x04,0x41,0x00,0x00,
0x00,0x5d,0x04,0x08,0x0c,0x4d,0x00,0x00,0x00,0x87,0x44,0x00,0x00,0x00,0x5d,0x40,
0x00,0x00,0x4d,0xc9,0x40,0x00,0x00,0x00,0x00,0x4d,0x00,0x00,0x00,0x5f,0x40,0x00,
0x00,0x00,0x06,0x40,0x00,0x00,0x00,0x01,0x04,0x40,0x00,0x00,0x00,0x01,0x40,0x00,
0x00,0x00,0x01,0x4d,0x00,0x00,0x00,0x2e,0x41,0x00,0x00,0x00,0x80,0x41,0x00,0x00,
0x00,0x5f,0x40,0x00,0x00,0x00,0x03,0x05,0x03,0x58,0x00,0x00,0x00,0x23,0x41,0x00,
0x00,0x00,0x60,0x26,0x0e,0x50,0x00,0x00,0x4d,0xff,0x40,0x00,0x00,0x00,0x00,0x4d,
0x00,0x00,0x00,0x2e,0x41,0x00,0x00,0x00,0x2e,0x0e,0x50,0x00,0x00,0x4e,0x0f,0x42,
0x00,0x00,0x51,0x86,0x41,0x00,0x00,0x00,0x80,0x41,0x00,0x00,0x00,0x5f,0x40,0x00,
0x00,0x00,0x03,0x05,0x03,0x40,0x00,0x00,0x00,0x01,0x03,0x58,0x00,0x00,0x00,0x23,
0x41,0x00,0x00,0x00,0x87,0x26,0x0e,0x50,0x00,0x00,0x4e,0x41,0x40,0x00,0x00,0x00,
0x00,0x4d,0x00,0x00,0x00,0x2e,0x41,0x00,0x00,0x00,0x5e,0x58,0x00,0x00,0x00,0x12,
0x40,0x00,0x00,0x00,0x01,0x26,0x41,0x00,0x00,0x00,0x5e,0x58,0x00,0x00,0x00,0x12,
0x40,0x00,0x00,0x00,0x02,0x26,0x0c,0x41,0x00,0x00,0x00,0x5e,0x58,0x00,0x00,0x00,
0x12,0x40,0x00,0x00,0x00,0x03,0x26,0x0c,0x41,0x00,0x00,0x00,0x5e,0x58,0x00,0x00,
0x00,0x12,0x41,0x00,0x00,0x00,0x80,0x41,0x00,0x00,0x00,0x5f,0x40,0x00,0x00,0x00,
0x03,0x05,0x03,0x40,0x00,0x00,0x00,0x02,0x03,0x58,0x00,0x00,0x00,0x23,0x26,0x0e,
0x0b,0x50,0x00,0x00,0x4e,0xab,0x40,0x00,0x00,0x00,0x00,0x4d,0x00,0x00,0x00,0x2e,
0x41,0x00,0x00,0x00,0x2e,0x0e,0x50,0x00,0x00,0x4e,0xbb,0x42,0x00,0x00,0x51,0x86,
0x41,0x00,0x00,0x00,0x5e,0x58,0x00,0x00,0x00,0x12,0x40,0x00,0x00,0x00,0x01,0x26,
0x41,0x00,0x00,0x00,0x5e,0x58,0x00,0x00,0x00,0x12,0x40,0x00,0x00,0x00,0x02,0x26,
0x0c,0x41,0x00,0x00,0x00,0x5e,0x58,0x00,0x00,0x00,0x12,0x40,0x00,0x00,0x00,0x05,
0x26,0x0c,0x50,0x00,0x00,0x4e,0xf7,0x42,0x00,0x00,0x4f,0x3e,0x41,0x00,0x00,0x00,
0x5e,0x58,0x00,0x00,0x00,0x13,0x41,0x00,0x00,0x00,0x80,0x41,0x00,0x00,0x00,0x5f,
0x40,0x00,0x00,0x00,0x03,0x05,0x03,0x40,0x00,0x00,0x00,0x01,0x03,0x58,0x00,0x00,
0x00,0x23,0x26,0x0e,0x50,0x00,0x00,0x4f,0x2e,0x40,0x00,0x00,0x00,0x00,0x4d,0x00,
0x00,0x00,0x2e,0x41,0x00,0x00,0x00,0x2e,0x0e,0x50,0x00,0x00,0x4f,0x3e,0x42,0x00,
0x00,0x51,0x86,0x40,0x00,0x00,0x00,0x00,0x4d,0x00,0x00,0x00,0x87,0x40,0x00,0x00,
0x00,0x00,0x4d,0x00,0x00,0x00,0x60,0x40,0x00,0x00,0x4f,0x6b,0x40,0x00,0x00,0x00,
0x00,0x4d,0x00,0x00,0x00,0x5d,0x40,0x00,0x00,0x00,0x07,0x40,0x00,0x00,0x00,0x01,
0x41,0x00,0x00,0x00,0x80,0x41,0x00,0x00,0x00,0x5f,0x40,0x00,0x00,0x00,0x03,0x05,
0x03,0x58,0x00,0x00,0x00,0x23,0x40,0x00,0x00,0x00,0x01,0x41,0x00,0x00,0x00,0x5d,
0x08,0x0b,0x40,0x00,0x00,0x00,0x00,0x26,0x0e,0x50,0x00,0x00,0x4f,0xaf,0x41,0x00,
0x00,0x00,0x87,0x40,0x00,0x00,0x00,0x01,0x41,0x00,0x00,0x00,0x5d,0x08,0x0c,0x4d,
0x00,0x00,0x00,0x87,0x44,0x00,0x00,0x00,0x5d,0x40,0x00,0x00,0x4f,0xcd,0x40,0x00,
0x00,0x00,0x00,0x4d,0x00,0x00,0x00,0x5d,0x40,0x00,0x00,0x00,0x07,0x40,0x00,0x00,
0x00,0x01,0x41,0x00,0x00,0x00,0x80,0x41,0x00,0x00,0x00,0x5f,0x40,0x00,0x00,0x00,
0x03,0x05,0x03,0x58,0x00,0x00,0x00,0x23,0x40,0x00,0x00,0x00,0x01,0x41,0x00,0x00,
0x00,0x5d,0x40,0x00,0x00,0x00,0x08,0x03,0x08,0x0b,0x40,0x00,0x00,0x00,0x00,0x26,
0x0e,0x50,0x00,0x00,0x50,0x17,0x41,0x00,0x00,0x00,0x60,0x40,0x00,0x00,0x00,0x01,
0x41,0x00,0x00,0x00,0x5d,0x08,0x0c,0x4d,0x00,0x00,0x00,0x60,0x44,0x00,0x00,0x00,
0x5d,0x40,0x00,0x00,0x00,0x00,0x4d,0x00,0x00,0x00,0x96,0x40,0x00,0x00,0x50,0x3f,
0x40,0x00,0x00,0x00,0x00,0x4d,0x00,0x00,0x00,0x5d,0x40,0x00,0x00,0x00,0x07,0x40,
0x00,0x00,0x00,0x01,0x41,0x00,0x00,0x00,0x80,0x41,0x00,0x00,0x00,0x5f,0x40,0x00,
0x00,0x00,0x03,0x05,0x03,0x40,0x00,0x00,0x00,0x01,0x03,0x58,0x00,0x00,0x00,0x23,
0x40,0x00,0x00,0x00,0x01,0x41,0x00,0x00,0x00,0x5d,0x08,0x0b,0x40,0x00,0x00,0x00,
0x00,0x26,0x0e,0x50,0x00,0x00,0x50,0x89,0x41,0x00,0x00,0x00,0x96,0x40,0x00,0x00,
0x00,0x01,0x41,0x00,0x00,0x00,0x5d,0x08,0x0c,0x4d,0x00,0x00,0x00,0x96,0x44,0x00,
0x00,0x00,0x5d,0x45,0x00,0x00,0x07,0x4f,0x41,0x00,0x00,0x00,0x00,0x41,0x00,0x00,
0x00,0x5e,0x04,0x13,0x45,0x00,0x00,0x08,0xc9,0x41,0x00,0x00,0x00,0x87,0x24,0x41,
0x00,0x00,0x00,0x60,0x24,0x45,0x00,0x00,0x08,0xdf,0x41,0x00,0x00,0x00,0x96,0x13,
0x41,0x00,0x00,0x00,0x80,0x41,0x00,0x00,0x00,0x5f,0x40,0x00,0x00,0x00,0x03,0x05,
0x03,0x40,0x00,0x00,0x00,0x01,0x03,0x58,0x00,0x00,0x00,0x23,0x40,0x00,0x00,0x00,
0x08,0x09,0x13,0x45,0x00,0x00,0x08,0xe1,0x14,0x41,0x00,0x00,0x00,0x50,0x40,0x00,
0x00,0x00,0x22,0x26,0x41,0x00,0x00,0x00,0x80,0x41,0x00,0x00,0x00,0x5f,0x40,0x00,
0x00,0x00,0x03,0x05,0x03,0x40,0x00,0x00,0x00,0x01,0x03,0x58,0x00,0x00,0x00,0x23,
0x40,0x00,0x00,0x00,0x00,0x26,0x0b,0x50,0x00,0x00,0x51,0x21,0x40,0x00,0x00,0x00,
0x0a,0x4d,0x00,0x00,0x00,0x2d,0x41,0x00,0x00,0x00,0x50,0x40,0x00,0x00,0x00,0x22,
0x26,0x41,0x00,0x00,0x00,0x80,0x41,0x00,0x00,0x00,0x5f,0x40,0x00,0x00,0x00,0x03,
0x05,0x03,0x40,0x00,0x00,0x00,0x01,0x03,0x58,0x00,0x00,0x00,0x23,0x40,0x00,0x00,
0x00,0x00,0x26,0x0b,0x41,0x00,0x00,0x00,0x5e,0x58,0x00,0x00,0x00,0x3b,0x40,0x00,
0x00,0x10,0x00,0x0b,0x40,0x00,0x00,0x00,0x00,0x26,0x0e,0x0b,0x50,0x00,0x00,0x51,
0x76,0x40,0x00,0x00,0x00,0x00,0x4d,0x00,0x00,0x00,0x2e,0x40,0x00,0x00,0x00,0x06,
0x40,0x00,0x00,0x00,0x01,0x04,0x4d,0x00,0x00,0x00,0x5f,0x44,0x00,0x00,0x00,0x5f,
0x41,0x00,0x00,0x00,0x6d,0x41,0x00,0x00,0x00,0x50,0x58,0x00,0x00,0x00,0x1b,0x03,
0x40,0x00,0x00,0x00,0x01,0x04,0x4d,0x00,0x00,0x00,0x6d,0x41,0x00,0x00,0x00,0x6d,
0x40,0x00,0x00,0x00,0x01,0x03,0x4d,0x00,0x00,0x00,0x6d,0x41,0x00,0x00,0x00,0x2e,
0x0e,0x50,0x00,0x00,0x51,0xcb,0x41,0x00,0x00,0x00,0x01,0x4d,0x00,0x00,0x00,0x5e,
0x44,0x00,0x00,0x00,0x5e,0x41,0x00,0x00,0x00,0x2e,0x0e,0x50,0x00,0x00,0x51,0xe5,
0x40,0x00,0x00,0x00,0x06,0x4d,0x00,0x00,0x00,0x92,0x40,0x00,0x00,0x00,0x00,0x4d,
0x00,0x00,0x00,0x58,0x11,0x41,0x00,0x00,0x00,0x88,0x40,0x00,0x00,0x00,0x00,0x26,
0x50,0x00,0x00,0x52,0x05,0x42,0x00,0x00,0x52,0x32,0x41,0x00,0x00,0x00,0x7d,0x41,
0x00,0x00,0x00,0x7d,0x40,0x00,0x00,0x00,0x01,0x04,0x40,0x00,0x00,0x00,0x00,0x41,
0x00,0x00,0x00,0x85,0x41,0x00,0x00,0x00,0x84,0x82,0x00,0x00,0x00,0x4a,0x00,0x00,
0x00,0x46,0x42,0x00,0x00,0x54,0x5c,0x41,0x00,0x00,0x00,0x9c,0x50,0x00,0x00,0x52,
0x41,0x42,0x00,0x00,0x53,0x63,0x41,0x00,0x00,0x00,0x58,0x40,0x00,0x00,0x00,0x00,
0x0f,0x50,0x00,0x00,0x52,0x56,0x42,0x00,0x00,0x53,0xe5,0x41,0x00,0x00,0x00,0x65,
0x40,0x00,0x00,0x00,0x04,0x10,0x50,0x00,0x00,0x52,0x6b,0x42,0x00,0x00,0x52,0xe7,
0x41,0x00,0x00,0x00,0x7d,0x41,0x00,0x00,0x00,0x7d,0x40,0x00,0x00,0x00,0x01,0x04,
0x40,0x00,0x00,0x00,0x00,0x41,0x00,0x00,0x00,0x85,0x41,0x00,0x00,0x00,0x84,0x41,
0x00,0x00,0x00,0x7d,0x40,0x00,0x00,0x00,0x01,0x04,0x40,0x00,0x00,0x00,0x00,0x4c,
0x00,0x00,0x00,0x06,0x5a,0x00,0x00,0x01,0x10,0x2f,0x4c,0x00,0x00,0x00,0x07,0x40,
0x00,0x00,0x00,0x01,0x04,0x4b,0x00,0x00,0x00,0x05,0x4b,0x00,0x00,0x00,0x03,0x02,
0x4b,0x00,0x00,0x00,0x04,0x4b,0x00,0x00,0x00,0x02,0x2d,0x82,0x00,0x00,0x00,0x4a,
0x00,0x00,0x01,0x10,0xc0,0x00,0x00,0x00,0x14,0x00,0x00,0x01,0x10,0x00,0x00,0x00,
0x4a,0x4d,0x00,0x00,0x00,0x90,0x27,0x42,0x00,0x00,0x54,0x5c,0x41,0x00,0x00,0x00,
0x7d,0x41,0x00,0x00,0x00,0x7d,0x40,0x00,0x00,0x00,0x01,0x04,0x40,0x00,0x00,0x00,
0x00,0x41,0x00,0x00,0x00,0x85,0x41,0x00,0x00,0x00,0x84,0x41,0x00,0x00,0x00,0x7d,
0x40,0x00,0x00,0x00,0x01,0x04,0x40,0x00,0x00,0x00,0x00,0x4c,0x00,0x00,0x00,0x06,
0x5a,0x00,0x00,0x01,0x11,0x2f,0x4c,0x00,0x00,0x00,0x07,0x40,0x00,0x00,0x00,0x01,
0x04,0x4b,0x00,0x00,0x00,0x05,0x4b,0x00,0x00,0x00,0x03,0x02,0x4b,0x00,0x00,0x00,
0x04,0x4b,0x00,0x00,0x00,0x02,0x2d,0x82,0x00,0x00,0x00,0x4a,0x00,0x00,0x01,0x11,
0xc0,0x00,0x00,0x00,0x46,0x00,0x00,0x01,0x11,0x00,0x00,0x00,0x4a,0x4d,0x00,0x00,
0x00,0x90,0x27,0x42,0x00,0x00,0x54,0x5c,0x41,0x00,0x00,0x00,0x7d,0x41,0x00,0x00,
0x00,0x7d,0x40,0x00,0x00,0x00,0x01,0x04,0x40,0x00,0x00,0x00,0x00,0x41,0x00,0x00,
0x00,0x7d,0x40,0x00,0x00,0x00,0x01,0x04,0x40,0x00,0x00,0x00,0x00,0x41,0x00,0x00,
0x00,0x7d,0x40,0x00,0x00,0x00,0x01,0x04,0x40,0x00,0x00,0x00,0x00,0x4c,0x00,0x00,
0x00,0x06,0x5a,0x00,0x00,0x01,0x12,0x2f,0x4c,0x00,0x00,0x00,0x07,0x40,0x00,0x00,
0x00,0x01,0x04,0x4b,0x00,0x00,0x00,0x05,0x4b,0x00,0x00,0x00,0x03,0x02,0x4b,0x00,
0x00,0x00,0x04,0x4b,0x00,0x00,0x00,0x02,0x2d,0x82,0x00,0x00,0x00,0x4a,0x00,0x00,
0x01,0x12,0xc0,0x00,0x00,0x00,0x4a,0x00,0x00,0x01,0x12,0x00,0x00,0x00,0x4a,0x4d,
0x00,0x00,0x00,0x90,0x27,0x42,0x00,0x00,0x54,0x5c,0x41,0x00,0x00,0x00,0x7d,0x41,
0x00,0x00,0x00,0x7d,0x40,0x00,0x00,0x00,0x01,0x04,0x40,0x00,0x00,0x00,0x00,0x41,
0x00,0x00,0x00,0x85,0x41,0x00,0x00,0x00,0x84,0x41,0x00,0x00,0x00,0x7d,0x40,0x00,
0x00,0x00,0x01,0x04,0x40,0x00,0x00,0x00,0x00,0x4c,0x00,0x00,0x00,0x06,0x5a,0x00,
0x00,0x01,0x13,0x2f,0x4c,0x00,0x00,0x00,0x07,0x40,0x00,0x00,0x00,0x01,0x04,0x4b,
0x00,0x00,0x00,0x05,0x4b,0x00,0x00,0x00,0x03,0x02,0x4b,0x00,0x00,0x00,0x04,0x4b,
0x00,0x00,0x00,0x02,0x2d,0x82,0x00,0x00,0x00,0x4a,0x00,0x00,0x01,0x13,0xc0,0x00,
0x00,0x00,0x15,0x00,0x00,0x01,0x13,0x00,0x00,0x00,0x4a,0x4d,0x00,0x00,0x00,0x90,
0x27,0x41,0x00,0x00,0x00,0x90,0x0e,0x50,0x00,0x00,0x54,0x71,0x40,0x00,0x00,0x00,
0x01,0x4d,0x00,0x00,0x00,0x8f,0x11,0x40,0x00,0x00,0x00,0x00,0x4d,0x00,0x00,0x00,
0x8f,0x40,0x00,0x00,0x00,0x01,0x4d,0x00,0x00,0x00,0x90,0x41,0x00,0x00,0x00,0x88,
0x40,0x00,0x00,0x00,0x01,0x26,0x50,0x00,0x00,0x54,0x9b,0x42,0x00,0x00,0x54,0xc0,
0x41,0x00,0x00,0x00,0x6d,0x4d,0x00,0x00,0x00,0x84,0x41,0x00,0x00,0x00,0x84,0x41,
0x00,0x00,0x00,0x7d,0x40,0x00,0x00,0x00,0x01,0x04,0x03,0x4d,0x00,0x00,0x00,0x85,
0x42,0x00,0x00,0x54,0xda,0x40,0x00,0x00,0x00,0x00,0x4d,0x00,0x00,0x00,0x84,0x41,
0x00,0x00,0x00,0x7d,0x40,0x00,0x00,0x00,0x01,0x04,0x4d,0x00,0x00,0x00,0x85,0x40,
0x00,0x00,0x54,0xe4,0x42,0x00,0x00,0x51,0xf0,0x41,0x00,0x00,0x00,0x6d,0x41,0x00,
0x00,0x00,0x7d,0x03,0x4d,0x00,0x00,0x00,0x6d,0x41,0x00,0x00,0x00,0x8f,0x0e,0x41,
0x00,0x00,0x00,0x88,0x40,0x00,0x00,0x00,0x01,0x26,0x0c,0x50,0x00,0x00,0x55,0x10,
0x42,0x00,0x00,0x55,0x39,0x41,0x00,0x00,0x00,0x9c,0x50,0x00,0x00,0x55,0x24,0x40,
0x00,0x00,0x00,0x09,0x4d,0x00,0x00,0x00,0x92,0x41,0x00,0x00,0x00,0x9c,0x0e,0x50,
0x00,0x00,0x55,0x39,0x40,0x00,0x00,0x00,0x0b,0x4d,0x00,0x00,0x00,0x92,0x11,0x40,
0x00,0x00,0x00,0x00,0x4d,0x00,0x00,0x00,0x84,0x40,0x00,0x00,0x55,0x5d,0x40,0x00,
0x00,0x00,0x00,0x4d,0x00,0x00,0x00,0x5e,0x41,0x00,0x00,0x00,0x01,0x40,0x00,0x00,
0x00,0x01,0x41,0x00,0x00,0x00,0x84,0x4d,0x00,0x00,0x00,0x85,0x41,0x00,0x00,0x00,
0x5e,0x58,0x00,0x00,0x00,0x3b,0x40,0x00,0x00,0x40,0x00,0x0b,0x40,0x00,0x00,0x00,
0x00,0x26,0x41,0x00,0x00,0x00,0x5e,0x58,0x00,0x00,0x00,0x3b,0x40,0x00,0x00,0x00,
0x04,0x0b,0x40,0x00,0x00,0x00,0x00,0x26,0x0c,0x41,0x00,0x00,0x00,0x5e,0x58,0x00,
0x00,0x00,0x3b,0x40,0x00,0x00,0x00,0x08,0x0b,0x40,0x00,0x00,0x00,0x00,0x26,0x0e,
0x0c,0x50,0x00,0x00,0x55,0xb6,0x42,0x00,0x00,0x57,0x03,0x41,0x00,0x00,0x00,0x5e,
0x58,0x00,0x00,0x00,0x04,0x4d,0x00,0x00,0x00,0x50,0x41,0x00,0x00,0x00,0x58,0x40,
0x00,0x00,0x00,0x00,0x26,0x50,0x00,0x00,0x55,0xda,0x42,0x00,0x00,0x56,0x5e,0x41,
0x00,0x00,0x00,0x50,0x40,0x00,0x00,0x00,0x20,0x04,0x58,0x00,0x00,0x00,0x29,0x4d,
0x00,0x00,0x00,0x66,0x41,0x00,0x00,0x00,0x58,0x40,0x00,0x00,0x00,0x01,0x26,0x50,
0x00,0x00,0x56,0x04,0x42,0x00,0x00,0x56,0x5e,0x41,0x00,0x00,0x00,0x66,0x40,0x00,
0x00,0x01,0x00,0x03,0x4d,0x00,0x00,0x00,0x66,0x41,0x00,0x00,0x00,0x58,0x40,0x00,
0x00,0x00,0x02,0x26,0x50,0x00,0x00,0x56,0x29,0x42,0x00,0x00,0x56,0x5e,0x41,0x00,
0x00,0x00,0x66,0x40,0x00,0x00,0x01,0x00,0x03,0x4d,0x00,0x00,0x00,0x66,0x41,0x00,
0x00,0x00,0x58,0x40,0x00,0x00,0x00,0x03,0x26,0x50,0x00,0x00,0x56,0x4e,0x42,0x00,
0x00,0x56,0x5e,0x41,0x00,0x00,0x00,0x66,0x40,0x00,0x00,0x00,0x20,0x03,0x4d,0x00,
0x00,0x00,0x66,0x41,0x00,0x00,0x00,0x85,0x41,0x00,0x00,0x00,0x50,0x58,0x00,0x00,
0x00,0x16,0x40,0x00,0x00,0x00,0x01,0x04,0x03,0x4d,0x00,0x00,0x00,0x85,0x40,0x00,
0x00,0x56,0x9d,0x40,0x00,0x00,0x00,0x00,0x4d,0x00,0x00,0x00,0x5f,0x41,0x00,0x00,
0x00,0x50,0x58,0x00,0x00,0x00,0x16,0x40,0x00,0x00,0x00,0x01,0x04,0x40,0x00,0x00,
0x00,0x01,0x41,0x00,0x00,0x00,0x84,0x41,0x00,0x00,0x00,0x5f,0x03,0x40,0x00,0x00,
0x00,0x00,0x02,0x01,0x4f,0x00,0x00,0x00,0x45,0x41,0x00,0x00,0x00,0x66,0x40,0x00,
0x00,0x00,0x01,0x41,0x00,0x00,0x00,0x50,0x58,0x00,0x00,0x00,0x16,0x40,0x00,0x00,
0x00,0x01,0x04,0x41,0x00,0x00,0x00,0x5f,0x04,0x08,0x0b,0x40,0x00,0x00,0x00,0x00,
0x26,0x0e,0x50,0x00,0x00,0x56,0xf9,0x41,0x00,0x00,0x00,0x84,0x41,0x00,0x00,0x00,
0x5f,0x03,0x40,0x00,0x00,0x00,0x01,0x02,0x01,0x4f,0x00,0x00,0x00,0x45,0x44,0x00,
0x00,0x00,0x5f,0x42,0x00,0x00,0x57,0x14,0x41,0x00,0x00,0x00,0x84,0x40,0x00,0x00,
0x00,0x00,0x02,0x01,0x4f,0x00,0x00,0x00,0x45,0x41,0x00,0x00,0x00,0x85,0x40,0x00,
0x00,0x00,0x01,0x03,0x4d,0x00,0x00,0x00,0x84,0x44,0x00,0x00,0x00,0x5e,0x40,0x00,
0x00,0x00,0x09,0x40,0x00,0x00,0x00,0x00,0x40,0x00,0x00,0x02,0x03,0x2f,0x40,0x00,
0x00,0x00,0x1f,0x4f,0x00,0x00,0x01,0x14,0x40,0x00,0x00,0x00,0x0f,0x2f,0x80,0x00,
0x00,0x01,0x14,0x00,0x00,0x00,0x3f,0x40,0x00,0x00,0x00,0x01,0x4d,0x00,0x00,0x00,
0xab,0x40,0x00,0x00,0x57,0x66,0x42,0x00,0x00,0x59,0xbb,0x40,0x00,0x00,0x00,0x00,
0x4d,0x00,0x00,0x00,0xab,0x41,0x00,0x00,0x00,0x84,0x41,0x00,0x00,0x00,0x84,0x40,
0x00,0x00,0x00,0x01,0x04,0x40,0x00,0x00,0x00,0x00,0x41,0x00,0x00,0x00,0x84,0x40,
0x00,0x00,0x00,0x01,0x04,0x40,0x00,0x00,0x00,0x00,0x82,0x00,0x00,0x00,0x45,0x00,
0x00,0x00,0x45,0x41,0x00,0x00,0x00,0x66,0x4d,0x00,0x00,0x00,0x65,0x11,0x40,0x00,
0x00,0x57,0xb3,0x42,0x00,0x00,0x28,0xf3,0x40,0x00,0x00,0x57,0xbd,0x42,0x00,0x00,
0x5f,0x0d,0x40,0x00,0x00,0x00,0x00,0x4d,0x00,0x00,0x00,0x66,0x40,0x00,0x00,0x57,
0xd1,0x42,0x00,0x00,0x55,0x3a,0x40,0x00,0x00,0x00,0x09,0x40,0x00,0x00,0x00,0x00,
0x40,0x00,0x00,0x02,0x05,0x2f,0x40,0x00,0x00,0x00,0x1f,0x4f,0x00,0x00,0x01,0x15,
0x40,0x00,0x00,0x00,0x0f,0x2f,0x80,0x00,0x00,0x01,0x15,0x00,0x00,0x00,0x3f,0x40,
0x00,0x00,0x58,0x04,0x42,0x00,0x00,0x59,0xbb,0x40,0x00,0x00,0x58,0x0e,0x42,0x00,
0x00,0x60,0x97,0x40,0x00,0x00,0x00,0x00,0x4d,0x00,0x00,0x00,0x6d,0x40,0x00,0x00,
0x58,0x31,0x40,0x00,0x00,0x00,0x00,0x4d,0x00,0x00,0x00,0x5d,0x40,0x00,0x00,0x00,
0x03,0x40,0x00,0x00,0x00,0x01,0x40,0x00,0x00,0x58,0x3b,0x42,0x00,0x00,0x54,0x72,
0x44,0x00,0x00,0x00,0x5d,0x41,0x00,0x00,0x00,0x92,0x40,0x00,0x00,0x00,0x00,0x26,
0x50,0x00,0x00,0x58,0x55,0x42,0x00,0x00,0x58,0x90,0x41,0x00,0x00,0x00,0x59,0x40,
0x00,0x00,0x00,0x00,0x26,0x50,0x00,0x00,0x58,0x6b,0x45,0x00,0x00,0x08,0xe8,0x14,
0x41,0x00,0x00,0x00,0x59,0x40,0x00,0x00,0x00,0x00,0x26,0x50,0x00,0x00,0x58,0x80,
0x42,0x00,0x00,0x58,0x86,0x45,0x00,0x00,0x09,0x0d,0x14,0x40,0x00,0x00,0x58,0x90,
0x42,0x00,0x00,0x43,0xff,0x11,0x45,0x00,0x00,0x09,0x2e,0x14,0x40,0x00,0x00,0x00,
0x64,0x4d,0x00,0x00,0x00,0x8b,0x40,0x00,0x00,0x58,0xab,0x42,0x00,0x00,0x28,0xf3,
0x40,0x00,0x00,0x58,0xb5,0x42,0x00,0x00,0x5f,0x0d,0x40,0x00,0x00,0x00,0x00,0x4d,
0x00,0x00,0x00,0x66,0x40,0x00,0x00,0x58,0xc9,0x42,0x00,0x00,0x55,0x3a,0x40,0x00,
0x00,0x00,0x09,0x40,0x00,0x00,0x00,0x00,0x40,0x00,0x00,0x02,0xf4,0x2f,0x40,0x00,
0x00,0x00,0x1f,0x4f,0x00,0x00,0x01,0x16,0x40,0x00,0x00,0x00,0x0f,0x2f,0x80,0x00,
0x00,0x01,0x16,0x00,0x00,0x00,0x3f,0x40,0x00,0x00,0x58,0xfc,0x42,0x00,0x00,0x59,
0xbb,0x40,0x00,0x00,0x00,0x01,0x4d,0x00,0x00,0x00,0x59,0x40,0x00,0x00,0x00,0x00,
0x4d,0x00,0x00,0x00,0x5a,0x40,0x00,0x00,0x59,0x1a,0x42,0x00,0x00,0x60,0x97,0x40,
0x00,0x00,0x00,0x00,0x4d,0x00,0x00,0x00,0x6d,0x40,0x00,0x00,0x59,0x3d,0x40,0x00,
0x00,0x00,0x00,0x4d,0x00,0x00,0x00,0x5d,0x40,0x00,0x00,0x00,0x03,0x40,0x00,0x00,
0x00,0x01,0x41,0x00,0x00,0x00,0x6d,0x4d,0x00,0x00,0x00,0x84,0x41,0x00,0x00,0x00,
0x84,0x41,0x00,0x00,0x00,0x7c,0x40,0x00,0x00,0x00,0x01,0x04,0x03,0x4d,0x00,0x00,
0x00,0x85,0x41,0x00,0x00,0x00,0x6d,0x41,0x00,0x00,0x00,0x7c,0x03,0x4d,0x00,0x00,
0x00,0x6d,0x41,0x00,0x00,0x00,0x7c,0x41,0x00,0x00,0x00,0x85,0x41,0x00,0x00,0x00,
0x84,0x51,0x00,0x00,0x00,0x46,0x40,0x00,0x00,0x00,0x03,0x41,0x00,0x00,0x00,0x8b,
0x2f,0x2f,0x4b,0x00,0x00,0x00,0x02,0x4c,0x00,0x00,0x00,0x03,0x84,0x00,0x00,0x00,
0x01,0x00,0x00,0x00,0x01,0x27,0x44,0x00,0x00,0x00,0x5d,0x40,0x00,0x00,0x59,0xb0,
0x42,0x00,0x00,0x57,0xa9,0x40,0x00,0x00,0x00,0x01,0x4d,0x00,0x00,0x00,0x5a,0x11,
0x41,0x00,0x00,0x00,0x5d,0x41,0x00,0x00,0x00,0x5e,0x41,0x00,0x00,0x00,0x60,0x40,
0x00,0x00,0x00,0x00,0x4d,0x00,0x00,0x00,0x91,0x40,0x00,0x00,0x00,0x00,0x4d,0x00,
0x00,0x00,0x80,0x41,0x00,0x00,0x00,0x9e,0x0e,0x50,0x00,0x00,0x59,0xee,0x42,0x00,
0x00,0x5a,0x39,0x40,0x00,0x00,0x00,0x00,0x4d,0x00,0x00,0x00,0x9e,0x40,0x00,0x00,
0x00,0x32,0x4d,0x00,0x00,0x00,0x91,0x41,0x00,0x00,0x00,0xc8,0x0e,0x50,0x00,0x00,
0x5a,0x12,0x42,0x00,0x00,0x5a,0x39,0x40,0x00,0x00,0x00,0x32,0x4d,0x00,0x00,0x00,
0x80,0x40,0x00,0x00,0x00,0x31,0x40,0x00,0x00,0x00,0x00,0x40,0x00,0x00,0x00,0x31,
0x40,0x00,0x00,0x00,0x00,0x80,0x00,0x00,0x00,0x4a,0x00,0x00,0x00,0x40,0x40,0x00,
0x00,0x5a,0x52,0x40,0x00,0x00,0x00,0x00,0x4d,0x00,0x00,0x00,0x5d,0x41,0x00,0x00,
0x00,0x01,0x40,0x00,0x00,0x00,0x01,0x41,0x00,0x00,0x00,0x5d,0x58,0x00,0x00,0x00,
0x3b,0x40,0x00,0x00,0x00,0x08,0x0b,0x40,0x00,0x00,0x00,0x00,0x26,0x0e,0x50,0x00,
0x00,0x5a,0x73,0x42,0x00,0x00,0x5b,0x9a,0x41,0x00,0x00,0x00,0x5d,0x58,0x00,0x00,
0x00,0x3b,0x41,0x00,0x00,0x00,0x53,0x0b,0x40,0x00,0x00,0x00,0x00,0x26,0x0e,0x41,
0x00,0x00,0x00,0x5d,0x58,0x00,0x00,0x00,0x3b,0x40,0x00,0x00,0x00,0x04,0x0b,0x40,
0x00,0x00,0x00,0x00,0x26,0x0e,0x0b,0x50,0x00,0x00,0x5a,0xac,0x42,0x00,0x00,0x5c,
0x9e,0x41,0x00,0x00,0x00,0x5d,0x58,0x00,0x00,0x00,0x0a,0x40,0x00,0x00,0x00,0x01,
0x04,0x40,0x00,0x00,0x00,0x00,0x41,0x00,0x00,0x00,0x5d,0x58,0x00,0x00,0x00,0x0a,
0x40,0x00,0x00,0x00,0x01,0x04,0x40,0x00,0x00,0x00,0x00,0x80,0x00,0x00,0x00,0x42,
0x00,0x00,0x00,0x41,0x41,0x00,0x00,0x00,0x5d,0x58,0x00,0x00,0x00,0x3b,0x40,0x00,
0x00,0x00,0x01,0x0b,0x40,0x00,0x00,0x00,0x00,0x26,0x0e,0x41,0x00,0x00,0x00,0x5d,
0x58,0x00,0x00,0x00,0x3b,0x40,0x00,0x00,0x00,0x04,0x0b,0x40,0x00,0x00,0x00,0x00,
0x26,0x0e,0x0b,0x50,0x00,0x00,0x5b,0x47,0x41,0x00,0x00,0x00,0x5d,0x58,0x00,0x00,
0x00,0x0a,0x40,0x00,0x00,0x00,0x01,0x04,0x40,0x00,0x00,0x00,0x00,0x40,0x00,0x00,
0x00,0x3e,0x2f,0x40,0x00,0x00,0x00,0x1f,0x4f,0x00,0x00,0x01,0x17,0x40,0x00,0x00,
0x00,0x0f,0x2f,0x80,0x00,0x00,0x01,0x17,0x00,0x00,0x00,0x41,0x41,0x00,0x00,0x00,
0x80,0x41,0x00,0x00,0x00,0x5d,0x58,0x00,0x00,0x00,0x0a,0x40,0x00,0x00,0x00,0x01,
0x04,0x03,0x41,0x00,0x00,0x00,0x80,0x41,0x00,0x00,0x00,0x5d,0x58,0x00,0x00,0x00,
0x0a,0x40,0x00,0x00,0x00,0x01,0x04,0x40,0x00,0x00,0x00,0x00,0x80,0x00,0x00,0x00,
0x41,0x00,0x00,0x00,0x40,0x41,0x00,0x00,0x00,0x80,0x41,0x00,0x00,0x00,0x5d,0x58,
0x00,0x00,0x00,0x0a,0x03,0x4d,0x00,0x00,0x00,0x80,0x42,0x00,0x00,0x5e,0x4a,0x41,
0x00,0x00,0x00,0x5d,0x58,0x00,0x00,0x00,0x3b,0x40,0x00,0x00,0x00,0x02,0x0b,0x40,
0x00,0x00,0x00,0x00,0x26,0x0e,0x50,0x00,0x00,0x5b,0xbb,0x42,0x00,0x00,0x5c,0x4a,
0x41,0x00,0x00,0x00,0x80,0x40,0x00,0x00,0x00,0x09,0x03,0x41,0x00,0x00,0x00,0x80,
0x40,0x00,0x00,0x03,0xff,0x2f,0x40,0x00,0x00,0x00,0x1f,0x4f,0x00,0x00,0x01,0x18,
0x40,0x00,0x00,0x00,0x0f,0x2f,0x80,0x00,0x00,0x01,0x18,0x00,0x00,0x00,0x40,0x41,
0x00,0x00,0x00,0x5d,0x58,0x00,0x00,0x00,0x3b,0x40,0x00,0x00,0x00,0x01,0x0b,0x40,
0x00,0x00,0x00,0x00,0x26,0x0e,0x50,0x00,0x00,0x5c,0x35,0x41,0x00,0x00,0x00,0x80,
0x40,0x00,0x00,0x00,0x09,0x03,0x41,0x00,0x00,0x00,0x80,0x40,0x00,0x00,0x00,0x3e,
0x2f,0x40,0x00,0x00,0x00,0x1f,0x4f,0x00,0x00,0x01,0x19,0x40,0x00,0x00,0x00,0x0f,
0x2f,0x80,0x00,0x00,0x01,0x19,0x00,0x00,0x00,0x40,0x41,0x00,0x00,0x00,0x80,0x40,
0x00,0x00,0x00,0x0a,0x03,0x4d,0x00,0x00,0x00,0x80,0x42,0x00,0x00,0x5e,0x4a,0x41,
0x00,0x00,0x00,0x9f,0x0e,0x50,0x00,0x00,0x5c,0x5a,0x42,0x00,0x00,0x5c,0x9e,0x41,
0x00,0x00,0x00,0x80,0x40,0x00,0x00,0x00,0x09,0x03,0x41,0x00,0x00,0x00,0x80,0x40,
0x00,0x00,0x00,0x2a,0x2f,0x40,0x00,0x00,0x00,0x1f,0x4f,0x00,0x00,0x01,0x1a,0x40,
0x00,0x00,0x00,0x0f,0x2f,0x80,0x00,0x00,0x01,0x1a,0x00,0x00,0x00,0x40,0x41,0x00,
0x00,0x00,0x80,0x40,0x00,0x00,0x00,0x0a,0x03,0x4d,0x00,0x00,0x00,0x80,0x42,0x00,
0x00,0x5e,0x4a,0x40,0x00,0x00,0x00,0x00,0x4d,0x00,0x00,0x00,0x60,0x40,0x00,0x00,
0x00,0x14,0x01,0x59,0x00,0x00,0x00,0x3f,0x40,0x00,0x00,0x00,0x01,0x26,0x41,0x00,
0x00,0x00,0x5d,0x58,0x00,0x00,0x00,0x3b,0x40,0x00,0x00,0x00,0x40,0x0b,0x40,0x00,
0x00,0x00,0x00,0x26,0x0e,0x0b,0x50,0x00,0x00,0x5c,0xe0,0x40,0x00,0x00,0x00,0x0a,
0x4d,0x00,0x00,0x00,0x60,0x41,0x00,0x00,0x00,0xca,0x40,0x00,0x00,0x00,0x01,0x26,
0x41,0x00,0x00,0x00,0x5d,0x58,0x00,0x00,0x00,0x3b,0x40,0x00,0x00,0x20,0x00,0x0b,
0x40,0x00,0x00,0x00,0x00,0x26,0x0b,0x41,0x00,0x00,0x00,0xc6,0x40,0x00,0x00,0x00,
0x00,0x26,0x0b,0x50,0x00,0x00,0x5d,0x18,0x42,0x00,0x00,0x5d,0x8f,0x41,0x00,0x00,
0x00,0xca,0x40,0x00,0x00,0x00,0x02,0x26,0x41,0x00,0x00,0x00,0x5d,0x58,0x00,0x00,
0x00,0x3b,0x40,0x00,0x00,0x20,0x00,0x0b,0x40,0x00,0x00,0x00,0x00,0x26,0x0e,0x0b,
0x41,0x00,0x00,0x00,0xc6,0x40,0x00,0x00,0x00,0x00,0x26,0x0b,0x50,0x00,0x00,0x5d,
0x51,0x42,0x00,0x00,0x5d,0xc7,0x41,0x00,0x00,0x00,0x80,0x40,0x00,0x00,0x00,0x09,
0x03,0x41,0x00,0x00,0x00,0x80,0x41,0x00,0x00,0x00,0x60,0x40,0x00,0x00,0x00,0x09,
0x03,0x41,0x00,0x00,0x00,0x60,0x80,0x00,0x00,0x00,0x3f,0x00,0x00,0x00,0x40,0x41,
0x00,0x00,0x00,0x80,0x40,0x00,0x00,0x00,0x0a,0x03,0x4d,0x00,0x00,0x00,0x80,0x42,
0x00,0x00,0x5e,0x4a,0x41,0x00,0x00,0x00,0x80,0x40,0x00,0x00,0x00,0x09,0x03,0x41,
0x00,0x00,0x00,0x80,0x40,0x00,0x00,0x00,0x09,0x40,0x00,0x00,0x00,0x00,0x80,0x00,
0x00,0x00,0x42,0x00,0x00,0x00,0x40,0x41,0x00,0x00,0x00,0x80,0x40,0x00,0x00,0x00,
0x0a,0x03,0x4d,0x00,0x00,0x00,0x80,0x42,0x00,0x00,0x5e,0x4a,0x41,0x00,0x00,0x00,
0x80,0x40,0x00,0x00,0x00,0x09,0x03,0x41,0x00,0x00,0x00,0x80,0x40,0x00,0x00,0x00,
0xce,0x2f,0x40,0x00,0x00,0x00,0x1f,0x4f,0x00,0x00,0x01,0x1b,0x40,0x00,0x00,0x00,
0x0f,0x2f,0x80,0x00,0x00,0x01,0x1b,0x00,0x00,0x00,0x40,0x41,0x00,0x00,0x00,0x53,
0x40,0x00,0x00,0x40,0x00,0x26,0x50,0x00,0x00,0x5e,0x35,0x41,0x00,0x00,0x00,0x80,
0x40,0x00,0x00,0x00,0x09,0x03,0x41,0x00,0x00,0x00,0x80,0x40,0x00,0x00,0x02,0x33,
0x2f,0x40,0x00,0x00,0x00,0x1f,0x4f,0x00,0x00,0x01,0x1c,0x40,0x00,0x00,0x00,0x0f,
0x2f,0x80,0x00,0x00,0x01,0x1c,0x00,0x00,0x00,0x40,0x41,0x00,0x00,0x00,0x80,0x40,
0x00,0x00,0x00,0x0a,0x03,0x4d,0x00,0x00,0x00,0x80,0x42,0x00,0x00,0x5e,0x4a,0x44,
0x00,0x00,0x00,0x5d,0x41,0x00,0x00,0x00,0x91,0x40,0x00,0x00,0x00,0x00,0x26,0x41,
0x00,0x00,0x00,0xc8,0x0c,0x50,0x00,0x00,0x5e,0x6a,0x42,0x00,0x00,0x5e,0x8c,0x48,
0x00,0x00,0x00,0x06,0x40,0x00,0x00,0x00,0x05,0x2f,0x02,0x2f,0x2f,0x4b,0x00,0x00,
0x00,0x02,0x4c,0x00,0x00,0x00,0x03,0x84,0x00,0x00,0x00,0x06,0x00,0x00,0x00,0x06,
0x27,0x41,0x00,0x00,0x00,0x80,0x41,0x00,0x00,0x00,0x80,0x40,0x00,0x00,0x00,0x01,
0x04,0x40,0x00,0x00,0x00,0x00,0x52,0x00,0x00,0x00,0x40,0x40,0x00,0x00,0x00,0x00,
0x4d,0x00,0x00,0x00,0x9f,0x41,0x00,0x00,0x00,0xa8,0x2f,0x02,0x2f,0x2f,0x4b,0x00,
0x00,0x00,0x02,0x4c,0x00,0x00,0x00,0x03,0x84,0x00,0x00,0x00,0x0d,0x00,0x00,0x00,
0x0d,0x27,0x41,0x00,0x00,0x00,0xab,0x50,0x00,0x00,0x5e,0xdc,0x42,0x00,0x00,0x5e,
0xfd,0x48,0x00,0x00,0x00,0x01,0x40,0x00,0x00,0x00,0x03,0x2f,0x2f,0x2f,0x4b,0x00,
0x00,0x00,0x02,0x4c,0x00,0x00,0x00,0x03,0x84,0x00,0x00,0x00,0x01,0x00,0x00,0x00,
0x01,0x27,0x4d,0x00,0x00,0x00,0x60,0x4d,0x00,0x00,0x00,0x5e,0x4d,0x00,0x00,0x00,
0x5d,0x11,0x40,0x00,0x00,0x00,0x00,0x4d,0x00,0x00,0x00,0x7c,0x40,0x00,0x00,0x00,
0x00,0x4d,0x00,0x00,0x00,0x7d,0x40,0x00,0x00,0x5f,0x40,0x40,0x00,0x00,0x00,0x00,
0x4d,0x00,0x00,0x00,0x5d,0x41,0x00,0x00,0x00,0x73,0x40,0x00,0x00,0x00,0x01,0x04,
0x40,0x00,0x00,0x00,0x01,0x41,0x00,0x00,0x00,0x5d,0x40,0x00,0x00,0x00,0x01,0x02,
0x01,0x4f,0x00,0x00,0x00,0x4a,0x44,0x00,0x00,0x00,0x5d,0x40,0x00,0x00,0x5f,0x6f,
0x40,0x00,0x00,0x00,0x00,0x4d,0x00,0x00,0x00,0x5d,0x41,0x00,0x00,0x00,0x01,0x40,
0x00,0x00,0x00,0x01,0x40,0x00,0x00,0x00,0x01,0x4d,0x00,0x00,0x00,0x7e,0x40,0x00,
0x00,0x00,0x01,0x4d,0x00,0x00,0x00,0x7f,0x41,0x00,0x00,0x00,0x51,0x50,0x00,0x00,
0x5f,0x97,0x40,0x00,0x00,0x00,0x00,0x4d,0x00,0x00,0x00,0x7e,0x41,0x00,0x00,0x00,
0x51,0x50,0x00,0x00,0x5f,0xab,0x40,0x00,0x00,0x00,0x00,0x4d,0x00,0x00,0x00,0x7f,
0x41,0x00,0x00,0x00,0x5d,0x58,0x00,0x00,0x00,0x3b,0x41,0x00,0x00,0x00,0x53,0x0b,
0x40,0x00,0x00,0x00,0x00,0x26,0x41,0x00,0x00,0x00,0x5d,0x58,0x00,0x00,0x00,0x3b,
0x40,0x00,0x00,0x00,0x04,0x0b,0x40,0x00,0x00,0x00,0x00,0x26,0x0c,0x41,0x00,0x00,
0x00,0x5d,0x58,0x00,0x00,0x00,0x3b,0x40,0x00,0x00,0x00,0x08,0x0b,0x40,0x00,0x00,
0x00,0x00,0x26,0x0e,0x0c,0x50,0x00,0x00,0x5f,0xfa,0x42,0x00,0x00,0x60,0x45,0x41,
0x00,0x00,0x00,0x5d,0x58,0x00,0x00,0x00,0x04,0x4d,0x00,0x00,0x00,0x50,0x41,0x00,
0x00,0x00,0x51,0x50,0x00,0x00,0x60,0x22,0x41,0x00,0x00,0x00,0x5d,0x58,0x00,0x00,
0x00,0x05,0x4d,0x00,0x00,0x00,0x50,0x41,0x00,0x00,0x00,0x50,0x58,0x00,0x00,0x00,
0x17,0x4d,0x00,0x00,0x00,0x7e,0x41,0x00,0x00,0x00,0x50,0x58,0x00,0x00,0x00,0x1b,
0x4d,0x00,0x00,0x00,0x7f,0x42,0x00,0x00,0x60,0x67,0x41,0x00,0x00,0x00,0x9c,0x41,
0x00,0x00,0x00,0x51,0x0e,0x0b,0x50,0x00,0x00,0x60,0x67,0x41,0x00,0x00,0x00,0x7d,
0x40,0x00,0x00,0x00,0x00,0x02,0x01,0x4f,0x00,0x00,0x00,0x4a,0x41,0x00,0x00,0x00,
0x7c,0x41,0x00,0x00,0x00,0x7e,0x03,0x4d,0x00,0x00,0x00,0x7c,0x41,0x00,0x00,0x00,
0x7d,0x41,0x00,0x00,0x00,0x7f,0x03,0x4d,0x00,0x00,0x00,0x7d,0x44,0x00,0x00,0x00,
0x5d,0x40,0x00,0x00,0x00,0x00,0x4d,0x00,0x00,0x00,0x99,0x11,0x40,0x00,0x00,0x00,
0x00,0x4d,0x00,0x00,0x00,0x5e,0x40,0x00,0x00,0x60,0xc6,0x40,0x00,0x00,0x00,0x00,
0x4d,0x00,0x00,0x00,0x5d,0x40,0x00,0x00,0x00,0x04,0x41,0x00,0x00,0x00,0x7c,0x05,
0x40,0x00,0x00,0x00,0x01,0x04,0x40,0x00,0x00,0x00,0x01,0x41,0x00,0x00,0x00,0x5d,
0x41,0x00,0x00,0x00,0x5d,0x01,0x59,0x00,0x00,0x00,0x14,0x02,0x01,0x4f,0x00,0x00,
0x00,0x46,0x44,0x00,0x00,0x00,0x5d,0x40,0x00,0x00,0x60,0xfb,0x40,0x00,0x00,0x00,
0x00,0x4d,0x00,0x00,0x00,0x60,0x40,0x00,0x00,0x00,0x03,0x40,0x00,0x00,0x00,0x01,
0x40,0x00,0x00,0x61,0x14,0x40,0x00,0x00,0x00,0x00,0x4d,0x00,0x00,0x00,0x5d,0x41,
0x00,0x00,0x00,0x01,0x40,0x00,0x00,0x00,0x01,0x40,0x00,0x00,0x00,0x01,0x4d,0x00,
0x00,0x00,0x5f,0x41,0x00,0x00,0x00,0x5d,0x58,0x00,0x00,0x00,0x3b,0x40,0x00,0x00,
0x40,0x00,0x0b,0x40,0x00,0x00,0x00,0x00,0x26,0x41,0x00,0x00,0x00,0x5d,0x58,0x00,
0x00,0x00,0x3b,0x40,0x00,0x00,0x00,0x04,0x0b,0x40,0x00,0x00,0x00,0x00,0x26,0x0c,
0x41,0x00,0x00,0x00,0x5d,0x58,0x00,0x00,0x00,0x3b,0x40,0x00,0x00,0x00,0x08,0x0b,
0x40,0x00,0x00,0x00,0x00,0x26,0x0e,0x0c,0x50,0x00,0x00,0x61,0x6d,0x42,0x00,0x00,
0x62,0x9c,0x41,0x00,0x00,0x00,0x5d,0x58,0x00,0x00,0x00,0x04,0x4d,0x00,0x00,0x00,
0x50,0x41,0x00,0x00,0x00,0x50,0x58,0x00,0x00,0x00,0x17,0x4d,0x00,0x00,0x00,0x5f,
0x41,0x00,0x00,0x00,0x50,0x40,0x00,0x00,0x00,0x20,0x04,0x58,0x00,0x00,0x00,0x2a,
0x41,0x00,0x00,0x00,0x5f,0x06,0x41,0x00,0x00,0x00,0x60,0x26,0x0e,0x50,0x00,0x00,
0x61,0xb2,0x42,0x00,0x00,0x61,0xe6,0x41,0x00,0x00,0x00,0x5e,0x41,0x00,0x00,0x00,
0x5f,0x40,0x00,0x00,0x00,0x01,0x04,0x41,0x00,0x00,0x00,0x50,0x40,0x00,0x00,0x00,
0x20,0x04,0x58,0x00,0x00,0x00,0x2a,0x41,0x00,0x00,0x00,0x5f,0x07,0x04,0x03,0x41,
0x00,0x00,0x00,0x59,0x02,0x01,0x4f,0x00,0x00,0x00,0x46,0x41,0x00,0x00,0x00,0x50,
0x40,0x00,0x00,0x00,0x20,0x04,0x58,0x00,0x00,0x00,0x2b,0x41,0x00,0x00,0x00,0x5f,
0x06,0x41,0x00,0x00,0x00,0x60,0x26,0x0e,0x50,0x00,0x00,0x62,0x0d,0x42,0x00,0x00,
0x62,0x41,0x41,0x00,0x00,0x00,0x5e,0x41,0x00,0x00,0x00,0x5f,0x40,0x00,0x00,0x00,
0x01,0x04,0x41,0x00,0x00,0x00,0x50,0x40,0x00,0x00,0x00,0x20,0x04,0x58,0x00,0x00,
0x00,0x2b,0x41,0x00,0x00,0x00,0x5f,0x07,0x04,0x03,0x41,0x00,0x00,0x00,0x5a,0x02,
0x01,0x4f,0x00,0x00,0x00,0x46,0x41,0x00,0x00,0x00,0x50,0x40,0x00,0x00,0x00,0x20,
0x04,0x58,0x00,0x00,0x00,0x2c,0x41,0x00,0x00,0x00,0x5f,0x06,0x41,0x00,0x00,0x00,
0x60,0x26,0x0e,0x50,0x00,0x00,0x62,0x68,0x42,0x00,0x00,0x62,0x9c,0x41,0x00,0x00,
0x00,0x5e,0x41,0x00,0x00,0x00,0x5f,0x40,0x00,0x00,0x00,0x01,0x04,0x41,0x00,0x00,
0x00,0x50,0x40,0x00,0x00,0x00,0x20,0x04,0x58,0x00,0x00,0x00,0x2c,0x41,0x00,0x00,
0x00,0x5f,0x07,0x04,0x03,0x41,0x00,0x00,0x00,0x5a,0x02,0x01,0x4f,0x00,0x00,0x00,
0x46,0x41,0x00,0x00,0x00,0x5e,0x41,0x00,0x00,0x00,0x5f,0x03,0x4d,0x00,0x00,0x00,
0x5e,0x44,0x00,0x00,0x00,0x5d,0x44,0x00,0x00,0x00,0x60,0x11,0x40,0x00,0x00,0x00,
0x00,0x4d,0x00,0x00,0x00,0x55,0x40,0x00,0x00,0x62,0xda,0x40,0x00,0x00,0x00,0x00,
0x4d,0x00,0x00,0x00,0x5d,0x41,0x00,0x00,0x00,0x01,0x40,0x00,0x00,0x00,0x01,0x41,
0x00,0x00,0x00,0x5d,0x58,0x00,0x00,0x00,0x04,0x4d,0x00,0x00,0x00,0x50,0x41,0x00,
0x00,0x00,0x5d,0x58,0x00,0x00,0x00,0x3b,0x40,0x00,0x00,0x40,0x00,0x0b,0x40,0x00,
0x00,0x00,0x00,0x26,0x0e,0x41,0x00,0x00,0x00,0x5d,0x58,0x00,0x00,0x00,0x3b,0x40,
0x00,0x00,0x00,0x04,0x0b,0x40,0x00,0x00,0x00,0x00,0x26,0x0e,0x0b,0x41,0x00,0x00,
0x00,0x5d,0x58,0x00,0x00,0x00,0x3b,0x40,0x00,0x00,0x00,0x08,0x0b,0x40,0x00,0x00,
0x00,0x00,0x26,0x0b,0x41,0x00,0x00,0x00,0x66,0x41,0x00,0x00,0x00,0x50,0x58,0x00,
0x00,0x00,0x1d,0x10,0x40,0x00,0x00,0x00,0x01,0x0d,0x0b,0x50,0x00,0x00,0x63,0x50,
0x42,0x00,0x00,0x63,0xae,0x41,0x00,0x00,0x00,0x5d,0x58,0x00,0x00,0x00,0x3b,0x40,
0x00,0x00,0x40,0x00,0x0b,0x40,0x00,0x00,0x00,0x00,0x26,0x41,0x00,0x00,0x00,0x5d,
0x58,0x00,0x00,0x00,0x3b,0x40,0x00,0x00,0x00,0x04,0x0b,0x40,0x00,0x00,0x00,0x00,
0x26,0x0c,0x41,0x00,0x00,0x00,0x5d,0x58,0x00,0x00,0x00,0x3b,0x40,0x00,0x00,0x00,
0x08,0x0b,0x40,0x00,0x00,0x00,0x00,0x26,0x0e,0x0c,0x50,0x00,0x00,0x63,0x9f,0x42,
0x00,0x00,0x63,0xc9,0x40,0x00,0x00,0x00,0x01,0x4d,0x00,0x00,0x00,0x55,0x42,0x00,
0x00,0x63,0xc9,0x41,0x00,0x00,0x00,0x5d,0x41,0x00,0x00,0x00,0x5d,0x58,0x00,0x00,
0x00,0x3b,0x40,0x00,0x00,0x00,0x08,0x0c,0x02,0x4e,0x00,0x00,0x00,0x3b,0x44,0x00,
0x00,0x00,0x5d,0x11,0x41,0x00,0x00,0x00,0x5e,0x40,0x00,0x00,0x00,0x00,0x4d,0x00,
0x00,0x00,0x5d,0x40,0x00,0x00,0x63,0xf7,0x40,0x00,0x00,0x00,0x00,0x4d,0x00,0x00,
0x00,0x5e,0x40,0x00,0x00,0x00,0x1f,0x40,0x00,0x00,0x00,0x01,0x41,0x00,0x00,0x00,
0x5e,0x01,0x59,0x00,0x00,0x00,0x5c,0x40,0x00,0x00,0x00,0x01,0x26,0x50,0x00,0x00,
0x64,0x23,0x41,0x00,0x00,0x00,0x5d,0x40,0x00,0x00,0x00,0x01,0x41,0x00,0x00,0x00,
0x5e,0x08,0x03,0x4d,0x00,0x00,0x00,0x5d,0x44,0x00,0x00,0x00,0x5e,0x4d,0x00,0x00,
0x00,0x5e,0x11,0x41,0x00,0x00,0x00,0x5e,0x40,0x00,0x00,0x00,0x1f,0x40,0x00,0x00,
0x00,0x00,0x40,0x00,0x00,0x00,0x00,0x2f,0x40,0x00,0x00,0x00,0x1f,0x4f,0x00,0x00,
0x01,0x1d,0x40,0x00,0x00,0x00,0x1f,0x2f,0x80,0x00,0x00,0x01,0x1d,0x00,0x00,0x00,
0x5c,0x40,0x00,0x00,0x64,0x75,0x40,0x00,0x00,0x00,0x00,0x4d,0x00,0x00,0x00,0x5e,
0x40,0x00,0x00,0x00,0x1f,0x40,0x00,0x00,0x00,0x01,0x41,0x00,0x00,0x00,0x5d,0x40,
0x00,0x00,0x00,0x01,0x41,0x00,0x00,0x00,0x5e,0x08,0x0b,0x40,0x00,0x00,0x00,0x00,
0x26,0x0e,0x50,0x00,0x00,0x64,0xa3,0x41,0x00,0x00,0x00,0x5e,0x40,0x00,0x00,0x00,
0x01,0x02,0x01,0x4f,0x00,0x00,0x00,0x5c,0x44,0x00,0x00,0x00,0x5e,0x4d,0x00,0x00,
0x00,0x5e,0x11,0x88,0xdd,
};

unsigned long cpld_fw_size = sizeof(cpld_fw_array);

/* POF version 04_06 */
unsigned char pof_cpld_fw_array[] = {
0x50,0x4f,0x46,0x00,0x00,0x00,0x01,0x00,0x07,0x00,0x00,0x00,0x01,0x00,0x5e,0x00,
0x00,0x00,0x51,0x75,0x61,0x72,0x74,0x75,0x73,0x20,0x49,0x49,0x20,0x36,0x34,0x2d,
0x42,0x69,0x74,0x20,0x50,0x72,0x6f,0x67,0x72,0x61,0x6d,0x6d,0x65,0x72,0x20,0x56,
0x65,0x72,0x73,0x69,0x6f,0x6e,0x20,0x31,0x31,0x2e,0x30,0x20,0x42,0x75,0x69,0x6c,
0x64,0x20,0x32,0x30,0x38,0x20,0x30,0x37,0x2f,0x30,0x33,0x2f,0x32,0x30,0x31,0x31,
0x20,0x53,0x65,0x72,0x76,0x69,0x63,0x65,0x20,0x50,0x61,0x63,0x6b,0x20,0x31,0x20,
0x53,0x4a,0x20,0x46,0x75,0x6c,0x6c,0x20,0x56,0x65,0x72,0x73,0x69,0x6f,0x6e,0x00,
0x02,0x00,0x0c,0x00,0x00,0x00,0x35,0x4d,0x31,0x36,0x30,0x5a,0x45,0x36,0x34,0x43,
0x34,0x00,0x03,0x00,0x09,0x00,0x00,0x00,0x55,0x6e,0x74,0x69,0x74,0x6c,0x65,0x64,
0x00,0x05,0x00,0x02,0x00,0x00,0x00,0x00,0x00,0x11,0x00,0x0c,0x1a,0x00,0x00,0x00,
0x00,0x00,0x00,0x00,0x00,0x00,0xd0,0x00,0x00,0x01,0x00,0xfe,0xff,0xff,0xff,0xfd,
0x3f,0xff,0xef,0x9e,0xff,0xff,0xff,0xf5,0xfb,0xff,0xff,0xfe,0xff,0xff,0xe7,0xcd,
0xe7,0xff,0xff,0xfe,0x7c,0x9e,0xcf,0xfd,0xff,0xff,0xff,0xfe,0xff,0xff,0xff,0xfd,
0xef,0xff,0xff,0xfe,0xff,0xff,0xff,0xfd,0xff,0xff,0xff,0xfe,0xff,0xff,0xff,0xfd,
0xff,0xff,0xff,0xfe,0xff,0xff,0xff,0xfd,0xff,0xff,0x7f,0xee,0xff,0xff,0xff,0xfd,
0xff,0x67,0x67,0xf6,0xcf,0xff,0xfe,0xfd,0x7e,0xe6,0x9f,0xc6,0xfc,0xff,0x9e,0xed,
0xfe,0x33,0xf3,0xfe,0xff,0x9d,0xf7,0xdd,0xfa,0xff,0x7f,0xfe,0xff,0xff,0xff,0xfd,
0xff,0xff,0xff,0xfe,0xff,0xff,0xff,0xf5,0xf7,0xff,0xff,0xbe,0xfa,0xf5,0xff,0xfd,
0xff,0xff,0xf7,0xfe,0xff,0xff,0xfd,0xfd,0xff,0xff,0x7f,0xf6,0xff,0xff,0xff,0xfd,
0xff,0xff,0xff,0xfe,0xff,0xff,0xff,0xdd,0xff,0x7f,0xff,0xfe,0xff,0xff,0xff,0xfd,
0xff,0xff,0xff,0xfe,0xff,0xff,0xff,0xfd,0xff,0xff,0x7f,0xf6,0xff,0xff,0xff,0xfd,
0xff,0xff,0xff,0xfe,0xff,0xff,0xff,0xfd,0xfb,0xff,0xff,0xfe,0x7f,0xf7,0xff,0xfd,
0xff,0xff,0xef,0xfe,0xff,0xff,0xff,0xfd,0xff,0xff,0xff,0xfe,0xff,0xff,0xff,0xfd,
0xff,0xff,0xff,0xfe,0xff,0xff,0xff,0xdd,0xff,0xff,0xff,0x36,0xfd,0xf7,0xff,0xfd,
0xff,0xff,0xff,0xfe,0xff,0xff,0xf5,0x5d,0xff,0xff,0x7f,0xfe,0xff,0xff,0xff,0xfd,
0xff,0xff,0xff,0xfe,0xff,0xff,0xff,0xfd,0xff,0xdf,0xff,0xde,0xff,0xd7,0xff,0xfd,
0xfb,0xff,0xff,0xfe,0xfd,0xff,0xff,0xbd,0xde,0xff,0xff,0xf6,0xff,0xff,0xff,0xfd,
0xff,0xff,0xff,0xfe,0xff,0xff,0x7f,0xfd,0xff,0xff,0xff,0x76,0xfb,0xf7,0xff,0xfd,
0xff,0xff,0xff,0xfe,0xff,0xff,0xff,0xfd,0xff,0xff,0xff,0xf6,0xff,0xff,0xff,0xfd,
0xff,0xff,0xff,0xfe,0xff,0xff,0x7f,0xfd,0xff,0xdf,0xff,0xde,0xff,0xf7,0xff,0xfd,
0xff,0xff,0xff,0xfe,0xfd,0xff,0xff,0xbd,0xff,0xff,0xff,0xf6,0xff,0xff,0xff,0xfd,
0xff,0xff,0xff,0xfe,0xff,0xff,0xff,0xfd,0xff,0xff,0xff,0xfe,0xfb,0xdf,0xff,0xfd,
0xfb,0xff,0xff,0xfe,0xff,0xff,0xff,0xfd,0xbe,0xff,0xff,0xfe,0xff,0xff,0xff,0xfd,
0xff,0xef,0xff,0xfe,0xff,0xff,0xde,0xbd,0xff,0xef,0xff,0xf6,0xff,0xe3,0xff,0xdd,
0xfd,0xff,0xff,0xae,0xff,0xff,0xfe,0xfd,0xff,0xfe,0xdf,0xfe,0xff,0xff,0xff,0xfd,
0xbf,0x7f,0xff,0xfe,0xdf,0xff,0x7f,0xfd,0xff,0xff,0xff,0xfe,0xff,0xf7,0xff,0xfd,
0xff,0xfd,0xef,0xfe,0xbf,0xfb,0xff,0xfd,0xff,0xfb,0xff,0xfe,0xff,0xff,0xff,0xbd,
0xff,0xff,0xff,0xfe,0xf7,0xfd,0xff,0xfd,0xfd,0xff,0xff,0xfe,0xff,0xe3,0xff,0xfd,
0xff,0xff,0xff,0xfe,0xbf,0xff,0xff,0xfd,0xff,0xff,0xff,0xfe,0xff,0xff,0xff,0xfd,
0x7f,0x5f,0xff,0xfe,0xdf,0xff,0xde,0xb5,0xff,0xef,0xff,0xee,0xff,0xff,0xff,0xbd,
0xfd,0xfd,0xf7,0x5e,0xff,0xfb,0xfd,0xfd,0xff,0xfa,0xff,0xfe,0xff,0xff,0xff,0x7d,
0xff,0xfe,0xfe,0xfe,0xff,0xdf,0xfe,0xfd,0xff,0xff,0xff,0xfe,0xff,0xff,0xff,0xfd,
0xff,0xff,0xff,0xfe,0xff,0xff,0xff,0xfd,0xff,0xff,0x7f,0xfe,0xff,0xff,0xff,0xfd,
0x7f,0xff,0xf7,0xfe,0x6f,0xf5,0xbf,0xfd,0xff,0xff,0xff,0xfe,0xff,0xf7,0xff,0xfd,
0xff,0xff,0xff,0xfe,0xff,0xff,0xff,0xfd,0xff,0xff,0xff,0xfe,0xff,0xff,0xff,0xfd,
0xbf,0xff,0xff,0xfe,0xef,0xbf,0xbe,0xfd,0xff,0xff,0xff,0xfe,0xff,0xf7,0xff,0xfd,
0xff,0xff,0xff,0xfe,0xff,0xff,0xff,0xfd,0xff,0xff,0xff,0xfe,0xff,0xff,0xff,0x7d,
0xff,0xfe,0xf9,0xfe,0x7f,0xed,0xff,0xfd,0xff,0xff,0xff,0xfe,0xff,0xff,0xff,0xfd,
0xff,0xff,0xff,0xfe,0xff,0xff,0xff,0xfd,0xff,0xff,0x7f,0xfe,0xff,0xff,0xff,0xb5,
0xfa,0x5f,0xff,0xfe,0xff,0xfe,0xff,0xfd,0xff,0xff,0xff,0xfe,0xff,0xff,0xff,0xfd,
0xff,0xff,0xff,0xfe,0xff,0xff,0xff,0xfd,0xff,0xff,0xbf,0x9e,0xff,0xff,0xff,0xd5,
0xff,0xfb,0xff,0xfe,0xef,0xff,0xfe,0xfd,0xff,0xff,0xff,0xfe,0xff,0xff,0xff,0xfd,
0xff,0xff,0xff,0xfe,0xff,0xff,0xff,0xfd,0xff,0xff,0x77,0xbe,0xff,0xff,0xff,0x9d,
0xf9,0xff,0xed,0xde,0xff,0xf7,0xf7,0xfd,0xff,0xff,0xff,0xfe,0xff,0xff,0xff,0xfd,
0xff,0xff,0xff,0xfe,0xff,0xff,0xff,0xfd,0xff,0xff,0x2f,0xde,0xff,0xff,0xff,0x7d,
0xfd,0xef,0xff,0xf6,0xff,0xfc,0xbf,0xfd,0xff,0xff,0xff,0xfe,0xff,0xff,0xff,0xfd,
0xff,0xff,0xff,0xfe,0xff,0xff,0xff,0xfd,0xff,0xff,0xdf,0xee,0xff,0xff,0xff,0xfd,
0xff,0xfa,0xff,0xfe,0xfe,0xff,0xff,0xfd,0xff,0xff,0xff,0xfe,0xff,0xff,0xff,0xfd,
0xff,0xff,0xff,0xfe,0xff,0xff,0xff,0xfd,0xff,0xff,0xff,0xfe,0xff,0xff,0xff,0xfd,
0xff,0xff,0xff,0xfe,0xff,0xfb,0xaf,0xfd,0xff,0xff,0xff,0xfe,0xff,0xff,0xff,0xfd,
0xff,0xff,0xff,0xfe,0xff,0xff,0xff,0xfd,0xff,0xff,0xff,0xfe,0xff,0xff,0xff,0x7d,
0xff,0xd3,0xff,0xde,0xff,0xec,0xe7,0xfd,0xff,0xff,0xff,0xfe,0xff,0xff,0xff,0xfd,
0xff,0xff,0xff,0xfe,0xff,0xff,0xff,0xfd,0xff,0xff,0xff,0xfe,0xff,0xff,0xff,0xfd,
0xf2,0xed,0xff,0xee,0xff,0xff,0xbe,0xfd,0xff,0xff,0xff,0xfe,0xff,0xff,0xff,0xfd,
0xff,0xff,0xff,0xfe,0xff,0xff,0xff,0xfd,0xff,0xff,0x17,0xfe,0xff,0xff,0xff,0xfd,
0xff,0xbf,0xee,0xfe,0x6e,0xfb,0xdf,0xfd,0xff,0xff,0xff,0xfe,0xff,0xff,0xff,0xfd,
0xff,0xff,0xff,0xfe,0xff,0xff,0xff,0xfd,0xff,0xff,0xff,0xfe,0xff,0xff,0xff,0xad,
0x3f,0x03,0x3c,0xfe,0x7b,0xff,0xf7,0xfd,0xff,0xff,0xf7,0xfe,0xff,0xff,0xff,0xfd,
0xff,0xfe,0xff,0xfe,0xff,0xff,0xff,0xed,0xff,0xff,0xef,0xa6,0xff,0xff,0xff,0xdd,
0x36,0xc3,0x3f,0x7e,0xff,0xf9,0xd7,0xfd,0xff,0xff,0xfb,0xfe,0xff,0xff,0xff,0xfd,
0x7f,0xff,0xff,0xfe,0xff,0xff,0xff,0xf5,0xff,0xff,0xdf,0xbe,0xff,0xff,0xff,0xbd,
0x3f,0x07,0x00,0xde,0x87,0x00,0xa8,0xfd,0xff,0xff,0xff,0xfe,0xff,0xff,0xff,0xfd,
0xff,0xff,0xff,0xfe,0xff,0xff,0xff,0xfd,0xff,0xff,0xef,0xd6,0xff,0xff,0xff,0xdd,
0x19,0x03,0x00,0xfe,0x87,0x01,0x88,0xfd,0xff,0xff,0xff,0xfe,0xff,0xff,0xff,0xfd,
0xff,0xff,0xff,0xfe,0xff,0xff,0xff,0xfd,0xff,0xff,0xef,0xfe,0xff,0xff,0xff,0x5d,
0xfd,0x4d,0xdc,0xee,0x77,0x61,0xb7,0xcd,0xcc,0x8c,0xcf,0x66,0x66,0x3e,0x33,0x9d,
0xf1,0x99,0x99,0xce,0x33,0x33,0xe3,0x9d,0x99,0x99,0x9b,0xfe,0xff,0xff,0xff,0xed,
0xdd,0xec,0xce,0xa6,0x62,0x66,0xc6,0xed,0xee,0x2e,0xd5,0xee,0xee,0xbe,0xbb,0xdd,
0xa5,0xba,0xbb,0xde,0xbb,0xbb,0x4b,0xad,0xbb,0xbb,0xdb,0xfe,0xff,0xff,0xff,0xfd,
0xfb,0xdf,0xff,0xfe,0xfb,0xfb,0xbf,0xfd,0xff,0xff,0xf7,0xfe,0xff,0xff,0xff,0xfd,
0xff,0xfe,0xff,0xfe,0xff,0xff,0xff,0xed,0xff,0xff,0xf7,0xfe,0xff,0xff,0xff,0xfd,
0xff,0xff,0x7e,0xf6,0xf7,0xf7,0xff,0xfd,0xff,0xff,0xff,0xfe,0xff,0xff,0xef,0xfd,
0xff,0xff,0xff,0xfe,0xff,0xff,0xff,0x7d,0x7f,0xff,0xff,0xfe,0xff,0xff,0xff,0xfd,
0xaf,0xfe,0xff,0xfe,0xff,0xfe,0xfe,0xfd,0xbf,0xff,0xff,0xfe,0xff,0xff,0xff,0xfd,
0xff,0xff,0xfe,0xfe,0xff,0xfd,0xff,0xfd,0xff,0xff,0xff,0xfe,0xff,0xff,0xff,0xfd,
0xff,0xff,0xbd,0xee,0x7f,0x7f,0xff,0xfd,0xff,0xff,0xff,0xfe,0xff,0xff,0xff,0xfd,
0xff,0xff,0xff,0xfe,0xff,0xff,0xff,0x7d,0x7f,0xff,0xff,0xbe,0xff,0xff,0xff,0xdd,
0xbf,0xfe,0xff,0xfe,0xf7,0xef,0xff,0xfd,0x7f,0xff,0xff,0xfe,0xff,0xff,0xdf,0xfd,
0xff,0x7f,0xff,0xfe,0xff,0xff,0xff,0xfd,0xff,0xff,0xff,0xbe,0xff,0xff,0xff,0xfd,
0xff,0x7f,0xdf,0xfe,0xff,0xff,0xfd,0xf5,0xf7,0xff,0xff,0xee,0xff,0xff,0xff,0xfd,
0xff,0xfd,0xff,0xfe,0xff,0xff,0xfd,0xfd,0x7f,0x7f,0xff,0xfe,0xff,0xff,0xff,0xfd,
0xff,0xff,0xfe,0xfe,0xff,0xef,0xff,0x7d,0xdf,0xdd,0xdf,0xfe,0xf7,0xf7,0xff,0xbd,
0xff,0xf7,0xff,0xfe,0xbe,0xff,0xff,0x5d,0xf3,0xfd,0xff,0xfe,0xff,0xff,0xff,0xfd,
0xfb,0xbd,0xff,0xee,0x77,0x7f,0xf7,0xfd,0xff,0xff,0xff,0xfe,0xff,0xf7,0xff,0xfd,
0xff,0xef,0xff,0xfe,0xbf,0xff,0xff,0xfd,0xeb,0xff,0xff,0xfe,0xff,0xff,0xff,0xfd,
0xff,0xff,0xed,0xfe,0xff,0xef,0x7b,0xbd,0xeb,0xed,0xdf,0xf6,0xef,0xff,0xff,0xdd,
0xff,0xfb,0xff,0xfe,0xfe,0xff,0xfe,0xdd,0x7e,0xfd,0xfe,0xfe,0xff,0xff,0xff,0xfd,
0xff,0xff,0xff,0xfe,0xff,0xff,0xff,0xfd,0xff,0xff,0xff,0xfe,0xff,0xf7,0xff,0xfd,
0xff,0xff,0xff,0xfe,0xff,0xff,0xff,0xfd,0xff,0xff,0xf7,0xfe,0xff,0xff,0xff,0xfd,
0xff,0xff,0xff,0xfe,0xff,0xff,0xff,0xfd,0xff,0xff,0xff,0xfe,0xff,0xf7,0xff,0xfd,
0xff,0xff,0xff,0xfe,0xff,0xff,0xff,0xfd,0xff,0xff,0xdf,0xfe,0xff,0xff,0xff,0xfd,
0xff,0xff,0xff,0xfe,0xff,0xff,0xff,0xfd,0xff,0xff,0xff,0xfe,0xff,0xff,0xff,0xfd,
0xff,0xff,0xff,0xfe,0xff,0xff,0xff,0xfd,0xff,0xff,0xff,0xfe,0xff,0xff,0xff,0xfd,
0xff,0xff,0xff,0xfe,0xff,0xff,0xff,0xfd,0xff,0xff,0xff,0xfe,0xff,0xff,0xff,0xfd,
0xff,0xff,0xff,0xfe,0xff,0xff,0xff,0xfd,0xff,0xff,0xcf,0xfe,0xff,0xff,0xff,0xa5,
0xfa,0xff,0xff,0xfe,0xff,0xff,0xff,0xfd,0xff,0xff,0xff,0xfe,0xff,0xff,0xff,0xfd,
0xff,0xff,0xff,0xfe,0xff,0xff,0xff,0xfd,0xff,0xff,0xcf,0xb6,0xff,0xff,0xff,0xf5,
0xff,0xff,0xff,0xfe,0xff,0xff,0xff,0xfd,0xff,0xff,0xff,0xfe,0xff,0xff,0xff,0xfd,
0xff,0xff,0xff,0xfe,0xff,0xff,0xff,0xfd,0xff,0xff,0xff,0xae,0xff,0xff,0xff,0xa5,
0xfa,0xff,0xff,0xfe,0xff,0xff,0xff,0xfd,0xff,0xff,0xff,0xfe,0xff,0xff,0xff,0xfd,
0xff,0xff,0xff,0xfe,0xff,0xff,0xff,0xfd,0xff,0xff,0xef,0xa6,0xff,0xff,0xff,0x55,
0xf5,0xff,0xff,0xfe,0xff,0xff,0xff,0xfd,0xff,0xff,0xff,0xfe,0xff,0xff,0xff,0xfd,
0xff,0xff,0xff,0xfe,0xff,0xff,0xff,0xfd,0xff,0xff,0x17,0xbe,0xff,0xff,0xff,0xfd,
0xff,0xff,0xff,0xfe,0xff,0xff,0xff,0xfd,0xff,0xff,0xff,0xfe,0xff,0xff,0xff,0xfd,
0xff,0xff,0xff,0xfe,0xff,0xff,0xff,0xfd,0xff,0xff,0xff,0xfe,0xff,0xff,0xff,0xfd,
0xff,0xff,0xff,0xfe,0xff,0xff,0xff,0xfd,0xff,0xff,0xff,0xfe,0xff,0xff,0xff,0xfd,
0xff,0xff,0xff,0xfe,0xff,0xff,0xff,0xfd,0xff,0xff,0xff,0xfe,0xff,0xff,0xff,0xfd,
0xff,0xff,0xff,0xfe,0xff,0xff,0xff,0xfd,0xff,0xff,0xff,0xfe,0xff,0xff,0xff,0xfd,
0xff,0xff,0xff,0xfe,0xff,0xff,0xff,0xfd,0xff,0xff,0xff,0xfe,0xff,0xff,0xff,0x5d,
0xf7,0xff,0xff,0xfe,0xff,0xff,0xff,0xfd,0xff,0xff,0xff,0xfe,0xff,0xff,0xff,0xfd,
0xff,0xff,0xff,0xfe,0xff,0xff,0xff,0xfd,0xff,0xff,0xe7,0xee,0xff,0xff,0xff,0xfd,
0xff,0xff,0xff,0xfe,0xff,0xff,0xff,0xfd,0xff,0xff,0xff,0xfe,0xff,0xff,0xff,0xfd,
0xff,0xff,0xff,0xfe,0xff,0xff,0xff,0xfd,0xff,0xff,0xff,0xfe,0xff,0xff,0xff,0x9d,
0xfa,0xff,0xff,0xfe,0xfb,0xff,0xff,0xfd,0xff,0xff,0xf7,0xfe,0xff,0xff,0xff,0xfd,
0xff,0xfe,0xff,0xfe,0xff,0xf0,0xff,0xed,0xff,0xff,0xbf,0x96,0xff,0xff,0xff,0xd5,
0xff,0xff,0xff,0xfe,0xfd,0xff,0xff,0xfd,0xff,0xff,0xfb,0xfe,0xff,0xff,0xff,0xfd,
0x7f,0xff,0xff,0xfe,0xff,0xf0,0xff,0xf5,0xff,0xff,0xff,0xbe,0xff,0xff,0xff,0xbd,
0xfa,0xff,0xff,0xfe,0xff,0xff,0xff,0xfd,0xff,0xff,0xff,0xfe,0xff,0xff,0xff,0xfd,
0xff,0xff,0xff,0xfe,0xff,0xf0,0xff,0xfd,0xff,0xff,0x37,0xde,0xff,0xff,0xff,0xfd,
0xef,0xff,0xff,0xfe,0xff,0xff,0xff,0xfd,0xff,0xff,0xff,0xfe,0xff,0xff,0xff,0xfd,
0xff,0xff,0xff,0xfe,0xff,0xf0,0xff,0xfd,0xff,0xff,0xfb,0xfe,0xff,0xff,0xff,0x7d,
0xff,0xcc,0xcc,0xc6,0x67,0x66,0xe6,0xcd,0xcc,0x8c,0xcf,0x66,0x66,0x3e,0x33,0x9d,
0xf1,0x99,0x99,0xce,0x33,0x33,0xe3,0x9d,0x99,0x99,0xff,0xfe,0xff,0xff,0xff,0xfd,
0xff,0xee,0xee,0x96,0xea,0xee,0xee,0xed,0xee,0x2e,0xd5,0xee,0xee,0xbe,0xbb,0xdd,
0xa5,0xba,0xbb,0xde,0xbb,0xb9,0x4b,0xad,0xbb,0xbb,0xff,0xfe,0xff,0xff,0xff,0xfd,
0xdf,0xff,0xff,0xfe,0xfb,0xff,0xff,0xfd,0xff,0xff,0xf7,0xfe,0xff,0xff,0xff,0xfd,
0xff,0xfe,0xff,0xfe,0xff,0xff,0xff,0xed,0xff,0xff,0xfb,0xfe,0xff,0xff,0xff,0xfd,
0xbf,0xff,0xff,0xfe,0xff,0xfd,0xbf,0xbd,0xbf,0xff,0xff,0xfe,0xfb,0xff,0xfe,0xfd,
0xff,0xff,0xff,0xfe,0xff,0xff,0xff,0xfd,0xff,0xef,0xff,0xfe,0xff,0xff,0xff,0xfd,
0xff,0xff,0xff,0xfe,0xff,0xff,0xfb,0xfd,0xff,0xff,0xff,0xbe,0xff,0xfd,0xff,0xfd,
0xff,0xff,0xff,0xfe,0xff,0xff,0xff,0xfd,0xef,0xff,0xff,0xfe,0xff,0xff,0xff,0xf5,
0xbf,0xff,0xff,0xfe,0xff,0xff,0xbf,0x7d,0xbf,0xff,0xff,0xde,0xfd,0xff,0xff,0xfd,
0xff,0xff,0xff,0xfe,0xff,0xff,0xff,0xfd,0xf7,0xf7,0xff,0xbe,0xff,0xff,0xff,0xd5,
0xff,0xff,0xff,0xfe,0xff,0xfb,0xfd,0xfd,0xff,0xff,0xff,0xfe,0xff,0xff,0xfd,0xfd,
0xff,0xff,0xff,0xfe,0xff,0xff,0xff,0xfd,0xff,0xff,0xff,0xbe,0xff,0xff,0xff,0xfd,
0xff,0xfe,0xff,0xfe,0xff,0xff,0xff,0xfd,0xff,0xfe,0xff,0x5e,0x7f,0x7f,0xdf,0xed,
0xff,0xff,0xff,0xfe,0xff,0xfb,0xff,0xdd,0x7f,0xbf,0xff,0xfe,0xff,0xff,0xff,0xfd,
0xff,0xff,0xff,0xfe,0xff,0xff,0x7d,0xfd,0xbf,0xff,0xff,0xf6,0xef,0xe5,0xff,0xfd,
0xff,0xfb,0xff,0xfe,0xde,0x7f,0xff,0xfd,0xff,0xff,0xfe,0xfe,0xff,0xff,0xff,0xfd,
0xff,0xff,0xff,0xfe,0xff,0xff,0x7f,0xfd,0xbf,0xff,0xff,0xfe,0xff,0xff,0xff,0xf5,
0xff,0xff,0xff,0xfe,0xfe,0xfb,0xff,0xbd,0xff,0xbf,0xff,0xfe,0xff,0xff,0xff,0xfd,
0xff,0xfe,0xff,0xfe,0xff,0xff,0xfb,0xfd,0xff,0xfe,0xff,0x36,0xf7,0xaa,0xef,0xfd,
0xff,0xfb,0xff,0xfe,0xef,0x7f,0xff,0xfd,0x7f,0xff,0xfe,0xfe,0xff,0xff,0xff,0xfd,
0xff,0xff,0xff,0xfe,0xff,0xff,0x7f,0xed,0xbf,0xfd,0xff,0xfe,0xfb,0xfb,0xff,0xfd,
0xff,0xff,0xff,0xfe,0xff,0xdf,0xff,0xfd,0xdf,0xfc,0xff,0xfe,0xff,0xff,0xff,0xed,
0xff,0xff,0xff,0xfe,0xff,0xff,0xff,0x7d,0xfe,0xff,0xdf,0x7e,0x5f,0xf7,0xff,0xfd,
0xff,0xff,0xff,0xfe,0xff,0x7b,0xf7,0xfd,0xf7,0xcf,0xff,0xfe,0xff,0xff,0xff,0xfd,
0xff,0xff,0xff,0xfe,0xff,0xff,0x7f,0xad,0xfe,0xff,0xdf,0xfe,0xff,0xfe,0xff,0xfd,
0xff,0xff,0xff,0xfe,0xff,0xff,0xff,0xbd,0xaf,0xff,0xff,0xfe,0xff,0xff,0xff,0xdd,
0xff,0xff,0xff,0xfe,0xff,0xff,0xff,0xfd,0xbf,0xfd,0xf7,0x7e,0xdb,0xfd,0xff,0xfd,
0xff,0xff,0xff,0xfe,0xff,0x6b,0xff,0xed,0xff,0xd2,0xff,0xfe,0xff,0xff,0xff,0xed,
0xfe,0xff,0xff,0xfe,0xff,0xff,0xff,0xfd,0xef,0xf9,0xff,0xfe,0xf5,0xff,0xff,0xfd,
0xff,0xff,0xff,0xfe,0x7f,0xff,0xff,0xfd,0xff,0xfe,0xbf,0xde,0xff,0xff,0xff,0xfd,
0xff,0xff,0xff,0xfe,0xff,0xff,0xff,0x7d,0xfb,0xff,0xdf,0xfe,0xff,0xff,0xff,0xfd,
0xff,0xff,0xff,0xfe,0xf7,0xe7,0xff,0xfd,0xdd,0xff,0xff,0xfe,0xff,0xff,0xff,0xed,
0xfe,0xff,0xff,0xfe,0xff,0xff,0x7f,0xed,0xfe,0xe7,0xff,0xf6,0x7c,0xfd,0xff,0xfd,
0xff,0xff,0xff,0xfe,0xdf,0x7f,0xfb,0xcd,0xff,0x3f,0xbf,0x9e,0xff,0xff,0xff,0xd5,
0xfd,0xff,0xff,0xfe,0xff,0xff,0xff,0x7d,0xf7,0xff,0xeb,0xfe,0xff,0xff,0xff,0xfd,
0xff,0xff,0xff,0xfe,0xbf,0x9f,0x7d,0xfd,0xf7,0xdf,0xff,0xae,0xff,0xff,0xff,0xfd,
0xff,0xff,0xff,0xfe,0xff,0xff,0xff,0xfd,0xfd,0xfe,0x7d,0x2e,0xb7,0xff,0xff,0xfd,
0xff,0xff,0xff,0xfe,0xff,0xf7,0xfb,0xdd,0xdb,0xfe,0xff,0xfe,0xff,0xff,0xff,0xfd,
0xff,0xff,0xff,0xfe,0xff,0xff,0xff,0xd5,0xdf,0xef,0xbf,0xbe,0xbf,0xfe,0xff,0xfd,
0xff,0xff,0xff,0xfe,0xe7,0xff,0xfe,0xed,0xff,0xff,0xff,0xfe,0xff,0xff,0xff,0xfd,
0xff,0xff,0xff,0xfe,0xff,0xff,0xff,0x7d,0xff,0xe7,0x5d,0xbe,0x3d,0xff,0xff,0xfd,
0xff,0xff,0xff,0xfe,0x4f,0xdb,0xf7,0xbd,0xff,0x3e,0xff,0xfe,0xff,0xff,0xff,0x6d,
0xff,0xff,0xff,0xfe,0xff,0xff,0xff,0xd5,0xd9,0xd9,0xa7,0x66,0xdb,0xfd,0xff,0xfd,
0xff,0xff,0xff,0xfe,0xbf,0xe7,0xfd,0xd5,0xb5,0xdf,0x7f,0xee,0xff,0xff,0xff,0xfd,
0xff,0xff,0xff,0xfe,0xff,0xff,0x7f,0xad,0xe6,0xfe,0xff,0xde,0xe6,0xfe,0xff,0xfd,
0xff,0xff,0xff,0xfe,0xf3,0x3f,0x7a,0xed,0x5b,0xff,0xff,0xfe,0xff,0xff,0xff,0xb5,
0xfa,0xff,0xff,0xfe,0xfb,0xff,0x7f,0x05,0xc0,0xc0,0xc7,0x06,0x45,0xf8,0xff,0xfd,
0xff,0xfe,0xff,0xfe,0xbf,0xb0,0xd0,0x1d,0xe4,0x7f,0xae,0x96,0xff,0xff,0xff,0xf5,
0xff,0xff,0xff,0xfe,0xfd,0xff,0x7f,0x05,0xc0,0xc0,0xee,0x06,0x65,0xf8,0xff,0xfd,
0x7f,0xff,0xff,0xfe,0x8f,0xf0,0xb4,0x1d,0x44,0x7e,0xfe,0xbe,0xff,0xff,0xff,0xad,
0xfa,0xff,0xff,0xfe,0xff,0xff,0xff,0xfd,0x23,0xc0,0xff,0xa6,0x06,0xfa,0xff,0xfd,
0xff,0xff,0xff,0xfe,0x7c,0x1c,0xf8,0x9d,0x1f,0xfe,0xae,0xd6,0xff,0xff,0xff,0xfd,
0xff,0xff,0xff,0xfe,0xff,0xff,0x7f,0x65,0x30,0xc4,0xff,0xfe,0x60,0xfa,0xff,0xfd,
0xff,0xff,0xff,0xfe,0x7c,0xfc,0xf8,0x9d,0x1f,0xfe,0xfe,0xfe,0xff,0xff,0xff,0xfd,
0xfd,0xcc,0xcc,0xc6,0x67,0x66,0xe6,0xcd,0x4c,0x9c,0x8f,0x66,0x66,0x3c,0x33,0x9d,
0xf1,0x99,0x99,0xce,0x30,0x33,0xa1,0x1d,0x99,0x9d,0xff,0xfe,0xff,0xff,0xff,0xfd,
0xff,0xee,0xee,0x96,0xea,0xee,0xee,0xcd,0x6c,0x8e,0xdd,0x6e,0xee,0xbc,0xbb,0xdd,
0xa5,0xba,0xbb,0xde,0xb3,0x93,0x7b,0xbd,0x99,0xbb,0xff,0xfe,0xff,0xff,0xff,0xfd,
0xff,0xff,0xff,0xfe,0xfb,0xff,0xff,0xfd,0xdf,0xfd,0xe7,0xf6,0xf7,0xff,0xff,0xfd,
0xff,0xfe,0xff,0xfe,0x76,0xff,0xf7,0xf5,0xff,0xdf,0xff,0xfe,0xff,0xff,0xff,0xfd,
0xff,0x7f,0xbf,0xfe,0xff,0xff,0xff,0xfd,0xfa,0xfb,0xff,0x5e,0xd7,0xfb,0xff,0xfd,
0xff,0xff,0xef,0xfe,0x7f,0xfb,0xf7,0x3d,0xfb,0xfe,0xff,0xfe,0xff,0xff,0xff,0xfd,
0xff,0xff,0xff,0xfe,0xff,0xff,0xdf,0xfd,0xdf,0xfe,0xdf,0xee,0x7f,0xff,0xdf,0xfd,
0xff,0xff,0xff,0xfe,0xd7,0xff,0xff,0xfd,0xdf,0xbf,0xff,0xfe,0xff,0xff,0xff,0xf5,
0xff,0xff,0x7f,0xfe,0xff,0xff,0xff,0xfd,0xff,0xff,0xff,0xbe,0xf7,0xff,0xff,0xfd,
0xff,0xff,0xff,0xfe,0x7f,0xff,0xf7,0xfd,0xff,0xfe,0xff,0xbe,0xff,0xff,0xff,0xf5,
0xfd,0xbf,0xff,0xfe,0xff,0xff,0xff,0xfd,0xfa,0xf6,0xef,0x6e,0xbf,0xfb,0xff,0xfd,
0xff,0xff,0xef,0xfe,0xff,0xf7,0xff,0xbd,0xfa,0xbf,0xff,0xbe,0xff,0xff,0xff,0xfd,
0xff,0xef,0xdf,0xfe,0xff,0x7f,0xfd,0xbd,0xfd,0xff,0xff,0xfe,0xff,0xff,0xef,0xed,
0xfb,0xbf,0xd7,0x6e,0xef,0xbf,0xff,0xfd,0xff,0xbe,0xff,0xfe,0xff,0xff,0xff,0xfd,
0xff,0xfe,0xff,0xfe,0xef,0xfe,0x7f,0xfd,0xfb,0xff,0xdf,0xee,0xdf,0xfb,0xff,0xdd,
0xff,0xff,0xfd,0xfe,0xbe,0xff,0xff,0xdd,0xff,0xfd,0xfe,0xfe,0xff,0xff,0xff,0xfd,
0x7f,0x6e,0xe7,0xfe,0xdf,0xff,0xde,0xdd,0x7e,0xfd,0xbf,0x7e,0xff,0xfb,0xff,0xfd,
0xff,0xff,0xbf,0xfe,0xbf,0xf7,0xfd,0xbd,0xf5,0xbf,0xff,0xfe,0xff,0xff,0xff,0xfd,
0xff,0xff,0xff,0xfe,0xef,0xfe,0xfb,0xb5,0xfb,0xff,0xdf,0xee,0xbf,0xff,0xef,0xcd,
0xfb,0xbf,0xf5,0x9e,0xee,0x7f,0xff,0xfd,0xff,0xfc,0xfe,0xfe,0xff,0xff,0xff,0xfd,
0xff,0xff,0xff,0xfe,0x7f,0xff,0x3e,0xfd,0xab,0xff,0xff,0xfe,0xf6,0x5b,0xdd,0xfd,
0xff,0xff,0xbf,0xf6,0xff,0xdd,0xff,0xfd,0x6f,0xfb,0xff,0xfe,0xff,0xff,0xff,0xfd,
0xff,0xff,0xee,0xfe,0xef,0xbd,0xff,0x7d,0xff,0xff,0xdf,0xde,0x7f,0xf7,0xbf,0xad,
0xfd,0xff,0xef,0xfe,0xef,0xff,0xff,0xbd,0xff,0xaf,0xff,0xee,0xff,0xff,0xff,0xfd,
0xff,0xff,0xff,0xfe,0xef,0xbf,0xff,0x9d,0xfd,0xdd,0xff,0xf6,0xff,0xff,0xbf,0xfd,
0xff,0xfb,0xbf,0xf6,0xff,0x77,0xff,0xfd,0xed,0xfb,0xff,0xfe,0xff,0xff,0xff,0xfd,
0xff,0xff,0xde,0xfe,0xff,0x7c,0xdf,0xf5,0x67,0xff,0xf7,0x3e,0xf7,0x9c,0xdd,0xb5,
0xff,0xff,0xef,0xfe,0xdf,0xed,0xff,0xed,0x7f,0xd7,0xff,0xde,0xff,0xff,0xff,0xa5,
0xfa,0xff,0xff,0xfe,0xf7,0xff,0xfd,0xfd,0xf9,0xdd,0xff,0xf6,0xff,0xff,0xdf,0xdd,
0xfd,0xdf,0xfd,0xfe,0xbf,0xfd,0xfe,0xfd,0xfe,0xdf,0xaf,0x96,0xff,0xff,0xff,0xf5,
0xbf,0xae,0xfe,0x7e,0xbf,0xfe,0xee,0xfd,0xdf,0xff,0xfe,0xfe,0xfe,0xff,0x77,0xfd,
0x7f,0xf7,0x7f,0xee,0xe7,0xff,0xff,0xfd,0xff,0xfe,0xff,0xbe,0xff,0xff,0xff,0xad,
0xfa,0xbf,0xdf,0xf6,0xdf,0xef,0xff,0xfd,0xff,0xbf,0xfb,0xfe,0xf7,0xff,0xff,0xf5,
0xff,0xef,0xf7,0xf6,0xfd,0xbf,0xf6,0xdd,0xde,0xfb,0xaf,0x96,0xff,0xff,0xff,0x55,
0xbd,0xfe,0xfe,0xbe,0xef,0xdf,0xcc,0x7d,0xb9,0xef,0xbf,0xde,0xd7,0xff,0x9f,0xbd,
0xfb,0xbf,0xfb,0xfe,0xfb,0xdd,0xff,0xfd,0xcd,0xdf,0x7f,0xae,0xff,0xff,0xff,0xfd,
0xff,0xef,0xef,0xf6,0xff,0xfe,0xff,0xfd,0xef,0xff,0xff,0xee,0xff,0xff,0xf7,0x7d,
0xff,0xfd,0xdf,0xfe,0xef,0xff,0xff,0xfd,0xff,0xfc,0xfe,0xfe,0xff,0xff,0xff,0xfd,
0xff,0xff,0xff,0xfe,0xff,0xef,0xbf,0xfd,0xff,0xff,0xf7,0x3e,0xfb,0xff,0xff,0x75,
0xff,0xff,0xef,0xee,0xfd,0xdf,0xff,0xcd,0xf7,0x77,0xff,0xfe,0xff,0xff,0xff,0xfd,
0xff,0x5d,0xcd,0x6e,0x57,0x57,0xd5,0xfd,0x7c,0xdf,0xff,0xf6,0xe6,0xff,0x6f,0xdd,
0xff,0x97,0x7f,0xde,0xf5,0xec,0xfa,0xbd,0x76,0x6f,0xff,0xfe,0xff,0xff,0xff,0x6d,
0xf7,0xfe,0xfe,0xfe,0xbf,0xfe,0xee,0x7d,0xc7,0xff,0xfb,0x4e,0xdb,0xff,0x93,0x6d,
0x7d,0xff,0xf9,0xee,0xab,0x9f,0xff,0xdd,0xff,0xb9,0x77,0xde,0xff,0xff,0xff,0xfd,
0x3f,0xaf,0xff,0xb6,0xef,0xef,0xbb,0xfd,0xfb,0xae,0xb6,0xbe,0xff,0xff,0xff,0xb5,
0xfa,0xed,0xc7,0xf6,0xde,0xff,0xfd,0x6d,0x8d,0xde,0xfe,0xfe,0xff,0xff,0xff,0xb5,
0xfa,0xf3,0x33,0xfe,0xfb,0xf9,0xff,0xfd,0x03,0x71,0x8f,0x0e,0x86,0xff,0x03,0xb5,
0xff,0x87,0x7f,0xc6,0x00,0x00,0xd0,0x0d,0x08,0x19,0xcf,0xb6,0xff,0xff,0xff,0xe5,
0x7f,0x73,0x33,0xfe,0xff,0xf9,0xdd,0xfd,0x13,0xf1,0x8f,0x06,0x80,0xff,0x23,0x2d,
0x78,0x83,0x5d,0xc6,0x40,0x04,0xf4,0x15,0x10,0x00,0xdf,0xbe,0xff,0xff,0xff,0xbd,
0xfa,0xc3,0x03,0xe6,0x5f,0xb8,0xff,0xbd,0x00,0x81,0x8f,0x06,0xa0,0xff,0x0c,0xcd,
0xfe,0x07,0x60,0xf6,0x02,0x40,0xf0,0x1d,0x88,0x80,0xee,0xd6,0xff,0xff,0xff,0xdd,
0xff,0xc3,0x03,0xe6,0x7f,0xb8,0xff,0xbd,0x00,0xc1,0x8f,0x06,0xa0,0xff,0x2c,0x4d,
0xf9,0x05,0x22,0xf6,0x00,0x08,0xf0,0x1d,0x91,0x01,0xfd,0xfe,0xff,0xff,0xff,0xfd,
0xfd,0xc9,0x09,0xe6,0x67,0x62,0xf7,0x4d,0xcc,0xc6,0xdf,0x66,0x47,0x3e,0x77,0x9d,
0xd1,0x1d,0xc5,0xee,0xb1,0x99,0xe9,0x1d,0xdd,0xd9,0xff,0xee,0xff,0xff,0xff,0xed,
0xff,0xc4,0xc4,0xa6,0x4a,0x6c,0xe6,0xed,0x66,0xae,0x9d,0x4e,0xee,0xbe,0x13,0xdd,
0xad,0xb8,0x99,0xce,0x99,0xbb,0x69,0xbd,0x99,0x93,0xff,0xfe,0xff,0xff,0xff,0xfd,
0xff,0xfb,0xbb,0xfe,0xfb,0xf3,0xff,0xfd,0xff,0xfd,0xfb,0xfe,0xff,0xff,0xef,0xfd,
0xff,0xff,0xef,0xfe,0xff,0x77,0xff,0xed,0xff,0xff,0xfd,0xfe,0xff,0xff,0xff,0xfd,
0xbf,0xf7,0xbf,0xfe,0xff,0xff,0xff,0xfd,0xff,0xff,0x7f,0xce,0x5f,0xbd,0xfd,0xbd,
0xff,0xfb,0xfb,0xfe,0xff,0xa7,0xff,0x7d,0x7b,0xdf,0xff,0xfe,0xff,0xff,0xff,0xfd,
0xff,0xff,0xff,0xf6,0x57,0x55,0xbd,0xbd,0xff,0xff,0xdf,0xfe,0xea,0xdf,0xff,0xf5,
0xff,0xff,0x6e,0xde,0xdb,0xfd,0xff,0xfd,0xf7,0xef,0xbf,0xfe,0xff,0xff,0xff,0xf5,
0xbf,0xfb,0xff,0xfe,0xff,0xff,0xbf,0xbd,0xff,0xff,0x7f,0x6e,0x4b,0x7f,0xff,0xd5,
0xff,0xfd,0xea,0xfe,0xff,0xfb,0xff,0xfd,0xfd,0xf6,0xff,0xfe,0xff,0xff,0xff,0xf5,
0xfd,0xff,0x7f,0xf6,0xff,0xff,0xff,0xfd,0xff,0xff,0xdf,0xbe,0xff,0xfb,0xfd,0xfd,
0xff,0xff,0xff,0xde,0xf7,0xaf,0xff,0xfd,0xfe,0xbf,0xff,0xfe,0xff,0xff,0xff,0xfd,
0xff,0x7f,0xdf,0xf6,0xef,0xff,0xdb,0x6d,0xfd,0xff,0xff,0xfe,0xff,0x9f,0xff,0xfd,
0xff,0xff,0x7f,0xbe,0xef,0xff,0xfd,0xfd,0xef,0xff,0xff,0xfe,0xff,0xff,0xff,0xfd,
0xff,0xdf,0xfb,0xfe,0xff,0xee,0xff,0xf5,0xd7,0xff,0xdf,0xfe,0xf7,0xff,0xfd,0xfd,
0xff,0xfb,0xff,0xfe,0xfe,0xdf,0xff,0xfd,0xfd,0xff,0xff,0xfe,0xff,0xff,0xff,0xfd,
0x7f,0xad,0xff,0xf6,0xdf,0x6f,0x3f,0xfd,0x7e,0xdf,0xff,0x7e,0xff,0xf5,0xff,0xfd,
0xff,0x5f,0xdf,0xf6,0xff,0xe7,0xf7,0xdd,0x7b,0xdf,0xff,0xfe,0xff,0xff,0xff,0xfd,
0xff,0xff,0xd7,0xfe,0xf7,0xfe,0xfd,0xad,0xdb,0xff,0xdf,0xfe,0xef,0xaf,0xfe,0xfd,
0xff,0xfb,0xff,0xbe,0xee,0xff,0xfd,0xfd,0xf7,0xff,0xff,0xfe,0xff,0xff,0xff,0xfd,
0xff,0xee,0xe6,0xfe,0xff,0x7f,0xff,0xfd,0xff,0xfd,0xff,0xfe,0xdf,0xff,0xf5,0xfd,
0xff,0xdf,0xff,0x6e,0xff,0x5f,0xff,0xfd,0xff,0x77,0x7f,0xfe,0xff,0xff,0xff,0xfd,
0x7f,0xf7,0xff,0xfe,0xef,0xad,0xf7,0x7d,0x7f,0xff,0xdf,0x7e,0x7f,0x63,0x7f,0xad,
0xfd,0xff,0xbb,0xf6,0x6b,0xfa,0xff,0xbd,0xb7,0xba,0xff,0xfe,0xff,0xff,0xff,0xfd,
0xbf,0xfb,0xfe,0xfe,0xff,0xff,0xff,0xbd,0xf5,0xfe,0xdf,0xfe,0xf6,0xeb,0x9f,0xfd,
0xff,0xfb,0xf7,0xfe,0xfd,0xff,0xff,0xbd,0xed,0xef,0xff,0xf6,0xff,0xff,0xff,0xfd,
0xff,0xdd,0xe7,0xfe,0xff,0xab,0xee,0xfd,0xbf,0xff,0xf7,0xfe,0x3f,0x7f,0xfa,0xb5,
0xff,0xdf,0x3d,0x6e,0x5b,0xa5,0xff,0xfd,0xdf,0xba,0xfe,0xfe,0xff,0xff,0xff,0xb5,
0x7a,0xef,0xda,0xde,0xbf,0xbf,0xf3,0xbd,0x7f,0xf7,0x6f,0xfe,0x5d,0xff,0xd9,0xfd,
0xbf,0xbf,0xfb,0xfe,0xff,0x7d,0xf7,0xbd,0xfb,0xfe,0xbf,0xde,0xff,0xff,0xff,0xe5,
0xff,0xbd,0xff,0xfe,0xf7,0xff,0xdf,0xed,0xff,0xff,0xff,0xfe,0xff,0xaf,0x7f,0xfd,
0xfa,0xff,0xef,0xde,0xfb,0xff,0xed,0xfd,0xf7,0xfd,0x6e,0xfe,0xff,0xff,0xff,0x95,
0xfa,0x77,0xff,0xfe,0x7f,0xeb,0xfe,0xfd,0xed,0xee,0xff,0xf6,0xd6,0xdf,0xdf,0xdd,
0x7f,0xff,0xbf,0xfe,0xbf,0xf7,0xbf,0xfd,0x3f,0xdf,0x37,0xae,0xff,0xff,0xff,0x75,
0xf7,0xff,0xf7,0xfe,0xd7,0xff,0xae,0xfd,0xff,0xef,0xf7,0xde,0xff,0xff,0xfa,0x2d,
0xff,0x77,0xf7,0xbe,0xdd,0xfe,0xfd,0xfd,0xfa,0xff,0xfe,0xbe,0xff,0xff,0xff,0xfd,
0xff,0xef,0xff,0xfe,0xff,0xde,0x7d,0x79,0xdf,0xfb,0xbf,0xfe,0xfd,0xff,0xff,0xfd,
0xfb,0xfb,0xff,0xd6,0xbb,0xeb,0xf7,0xbd,0xb7,0xb7,0xff,0xfe,0xff,0xff,0xff,0xf9,
0xff,0xfb,0xed,0xfe,0xff,0xed,0xff,0xdd,0xfe,0xff,0xdf,0xde,0xf7,0x7f,0xff,0xf5,
0xff,0xbf,0xdb,0xf6,0xee,0x6f,0xff,0x7d,0xff,0xf7,0xff,0xfe,0xff,0xff,0xff,0xfd,
0xff,0xef,0xda,0xfe,0x5f,0xff,0xf7,0xcd,0xfc,0xff,0xb7,0xee,0xbd,0xff,0xc9,0xed,
0xfd,0xff,0xaf,0xd6,0xfb,0xfa,0xfd,0xfd,0x9b,0x33,0xff,0xfe,0xff,0xff,0xff,0x5d,
0xbf,0x1a,0xef,0xfe,0xb7,0x3b,0xb8,0xb5,0xef,0xeb,0xff,0xfe,0xde,0xbf,0xf7,0xb5,
0x5f,0xdf,0x59,0xfe,0xee,0xaf,0xb6,0x1d,0x6f,0xef,0x56,0xee,0xff,0xff,0xff,0xfd,
0xff,0xf7,0xf5,0xde,0xef,0xc4,0xcf,0x7d,0x9f,0xd6,0x4f,0x9e,0xe3,0x4e,0xbe,0x5d,
0xfa,0x35,0xf7,0xae,0x15,0x55,0xeb,0xfd,0xf4,0xde,0xff,0xfe,0xff,0xff,0xff,0xa5,
0xfa,0xcf,0xc4,0xfe,0xd3,0x66,0xfe,0x45,0x0d,0xc4,0x07,0x7e,0x5e,0xb8,0xf4,0x99,
0xf8,0x48,0x48,0x4e,0xa7,0x10,0xd5,0xcd,0x1f,0x11,0xae,0xd6,0xff,0xff,0xff,0xf5,
0x3f,0xcc,0xcc,0xfe,0x65,0x54,0xc5,0x41,0x0d,0xd4,0x0b,0x06,0x78,0xf8,0x40,0x15,
0xf8,0x49,0x80,0x4e,0xd5,0x00,0xf0,0x5d,0x1c,0x11,0xfe,0xbe,0xff,0xff,0xff,0xa9,
0x3a,0xf4,0xf6,0xde,0x4f,0x67,0x3e,0x05,0xc2,0xf7,0xbf,0x4e,0xdb,0x79,0x70,0x85,
0xff,0x29,0x28,0x0e,0x6b,0x00,0xe9,0x19,0x60,0x9e,0xae,0xd6,0xff,0xff,0xff,0xfd,
0x3f,0x04,0xce,0xfe,0x67,0xcc,0x04,0xc1,0x02,0xf4,0x3f,0x4e,0xd8,0xf9,0x00,0x11,
0xff,0x29,0xe0,0x0e,0x40,0x01,0xf3,0x1d,0xfa,0x11,0x7c,0xfe,0xff,0xff,0xff,0xbd,
0xff,0xcc,0xcc,0x86,0x77,0x77,0xf7,0xcd,0xc5,0x8c,0xee,0xf6,0xe6,0x5f,0xb3,0xb5,
0xf1,0x51,0x9d,0x8e,0x22,0x33,0xf3,0x9d,0x8d,0x93,0x77,0xfe,0xff,0xff,0xff,0xf9,
0x7f,0xee,0xee,0x96,0x62,0x66,0xe6,0xed,0xe4,0xac,0xcd,0x66,0x6e,0xbe,0x3b,0xdd,
0xb9,0xbb,0xbb,0xde,0x13,0xb9,0x5b,0xa9,0x31,0xbb,0xfd,0xfe,0xff,0xff,0xff,0xbd,
0xff,0xdd,0xdd,0xfe,0xbb,0xbb,0xfb,0xdd,0xff,0xff,0xf7,0xfe,0xff,0xef,0xf7,0xb5,
0xff,0xfe,0xec,0xfe,0xe6,0x77,0xf7,0xcd,0xef,0xdf,0x7f,0xfe,0xff,0xff,0xff,0xfd,
0xff,0xfe,0xdf,0xf6,0xff,0xf6,0xeb,0xbd,0xff,0xfd,0xff,0x76,0xb5,0xad,0xae,0xdd,
0xfe,0xbf,0xdf,0xf6,0xf7,0xbf,0xfe,0xfd,0xeb,0xff,0xff,0xfe,0xff,0xff,0xff,0xf9,
0xff,0xd7,0xbd,0xfe,0xef,0xdd,0xde,0xfd,0xbe,0xe7,0xdf,0xfe,0xff,0xff,0xfb,0xfd,
0xfd,0x7d,0xff,0xde,0xfd,0xf5,0xfb,0x39,0x7f,0xeb,0xff,0xfe,0xff,0xff,0xff,0xf5,
0xff,0xff,0x7f,0xfe,0xff,0xfe,0xfd,0x7d,0xbf,0xfe,0xef,0xfe,0xba,0x7b,0xff,0x79,
0xff,0xff,0xdf,0xde,0xff,0xff,0xff,0xfd,0xff,0xeb,0xff,0xbe,0xff,0xff,0xff,0xf5,
0xff,0xfe,0xdf,0xf6,0xef,0x6f,0xf7,0xfd,0xfe,0xdf,0xff,0xee,0xef,0xdf,0x9a,0xbd,
0xfd,0xbf,0x7f,0xfe,0xfb,0x7f,0xfa,0xbd,0xeb,0xff,0xf7,0xae,0xff,0xff,0xff,0xfd,
0xff,0xbe,0xff,0xfe,0xcf,0xff,0xff,0xed,0xfb,0xff,0xbf,0xfe,0xdf,0xfe,0xfa,0xfd,
0xff,0xff,0xfe,0xfe,0xf9,0xff,0xff,0xf9,0xff,0xbf,0xff,0xfe,0xff,0xff,0xff,0xfd,
0xff,0xff,0xf7,0xee,0xff,0xff,0xfb,0xf1,0xbf,0xdf,0xef,0xfe,0xef,0xef,0xff,0xf9,
0xff,0xf7,0x7b,0xfe,0x9f,0xfb,0xfb,0xbd,0x7f,0xff,0xff,0xfe,0xff,0xff,0xff,0xfd,
0xff,0xff,0xfb,0xf6,0xbf,0xf7,0x7f,0xf9,0xff,0xef,0xdf,0x7e,0xaf,0x76,0x7f,0xfd,
0xfa,0xfd,0xfb,0xee,0xef,0xff,0xff,0xfd,0xf7,0xbe,0xef,0xfe,0xff,0xff,0xff,0xfd,
0xff,0x7d,0xff,0xfe,0xf7,0xff,0xfb,0xed,0x77,0xff,0xbf,0xfe,0xff,0xdf,0xfa,0xf9,
0xff,0x77,0xff,0xf6,0x7a,0xfb,0xfb,0xd9,0xff,0xff,0xff,0xfe,0xff,0xff,0xff,0xfd,
0xff,0xff,0xff,0xfe,0xff,0xfe,0x7f,0x6d,0xef,0xff,0xff,0xfe,0xff,0x5f,0x7b,0xfd,
0xff,0xbf,0x7f,0xfe,0xff,0xbd,0xff,0xfd,0xff,0x7b,0xff,0xfe,0xff,0xff,0xff,0xfd,
0x7f,0x7f,0xff,0xf6,0xff,0xf7,0xf7,0xf9,0xfb,0xfe,0xef,0xf6,0xdf,0xff,0xdf,0xf5,
0xfd,0xff,0xd7,0x9e,0xb9,0xef,0xff,0xbd,0xeb,0xbf,0xff,0xfe,0xff,0xff,0xff,0xfd,
0xff,0xff,0xff,0xfe,0xff,0xef,0xff,0xfd,0xff,0xef,0xff,0xee,0xbd,0xff,0xef,0xbd,
0xff,0xbb,0xaf,0xfe,0xba,0xbf,0xff,0xb9,0xff,0xfb,0xff,0xfe,0xff,0xff,0xff,0xfd,
0xbf,0x7f,0xff,0xfe,0x7f,0xff,0x6f,0xad,0xdb,0xfd,0xf7,0xfe,0xff,0x9f,0xb7,0xf5,
0xff,0xff,0x7f,0x9e,0xff,0xde,0xff,0xfd,0xeb,0xbf,0xfe,0xfe,0xff,0xff,0xff,0xa5,
0xfa,0xdf,0x7f,0xfe,0xff,0xff,0xef,0xf9,0xbf,0xef,0xff,0xfe,0x7f,0xfd,0x7b,0xf5,
0xbf,0xbf,0xff,0x6e,0x7f,0x6d,0xff,0xfd,0xef,0xb7,0xbe,0xde,0xff,0xff,0xff,0xf5,
0xff,0xff,0xff,0xee,0xff,0xbf,0xff,0xfd,0xff,0xfb,0xff,0xfe,0xfb,0xbf,0xef,0xfd,
0xff,0xfd,0xab,0xfe,0xef,0xfb,0xff,0xfd,0xfd,0xfb,0xff,0xfe,0xff,0xff,0xff,0xa5,
0xfa,0xfe,0xee,0xfe,0xef,0xee,0xfe,0xdd,0xde,0xfd,0xef,0xf6,0xee,0xff,0xef,0xbd,
0xff,0xff,0xef,0xfe,0xdb,0xfe,0xfb,0xbd,0xdf,0xee,0xbf,0xde,0xff,0xff,0xff,0x55,
0xff,0x96,0xaa,0xfe,0xaf,0xaa,0xfe,0xbd,0xbf,0xff,0xbf,0xfe,0xbf,0xdb,0xbd,0xfd,
0xff,0xed,0xff,0x76,0xf6,0xff,0xde,0xdd,0xbe,0xff,0xdf,0xee,0xff,0xff,0xff,0xfd,
0xff,0xff,0xff,0xf6,0xfe,0xff,0xdf,0xfd,0xfe,0xfb,0xff,0x7e,0xf7,0x7f,0xff,0xed,
0xfb,0x7f,0xff,0xde,0xff,0xff,0xbf,0xfd,0xf5,0xff,0xff,0xfe,0xff,0xff,0xff,0xfd,
0xff,0x7f,0xff,0xfe,0xff,0xfd,0xdf,0x9d,0xdb,0xfd,0xeb,0xf6,0xbf,0xef,0xfd,0xdd,
0xfe,0xff,0xff,0xf6,0xbf,0xfb,0xf9,0xfd,0xff,0xfb,0xff,0xfe,0xff,0xff,0xff,0xfd,
0xff,0x9f,0xbf,0xfe,0xff,0xfb,0x9f,0xdd,0x1f,0xfd,0xef,0xf2,0xbf,0x2e,0x5c,0xdd,
0xdf,0xff,0x67,0x7e,0xcf,0xa9,0x7e,0xfd,0x37,0xf7,0xfe,0xfe,0xff,0xff,0xff,0x5d,
0xff,0xf7,0xdd,0xee,0x77,0x77,0xef,0xed,0xef,0xee,0xd7,0xee,0xc3,0xfd,0xef,0xad,
0xff,0xf1,0xfb,0x9e,0xf7,0xf6,0xf7,0xdd,0xcd,0xed,0x77,0xea,0xff,0xff,0xff,0xfd,
0xff,0x6c,0x66,0xf6,0xce,0x8c,0xfe,0x3d,0xf8,0xf3,0xbf,0x7e,0xfe,0xdb,0xbb,0x75,
0xfb,0x3f,0xbf,0xe2,0x39,0xff,0xd9,0x3d,0xfb,0xbb,0xff,0xfe,0xff,0xff,0xff,0xa5,
0x3a,0xa0,0x04,0xe6,0x93,0x38,0x80,0x4d,0x03,0xc0,0xa7,0x1a,0x56,0x59,0x4f,0x05,
0xf8,0x76,0x66,0x86,0x04,0x02,0xf0,0xad,0xc2,0x07,0xae,0xd6,0xff,0xff,0xff,0xf5,
0x3f,0x20,0x04,0x66,0x17,0x28,0x98,0xcd,0x03,0xc0,0xab,0x1e,0x00,0x09,0x1c,0x3d,
0xfe,0x77,0x66,0xc6,0x34,0xf0,0xb0,0xbd,0xd2,0xf1,0xff,0xfe,0xff,0xff,0xff,0xad,
0x3a,0x13,0x40,0xe6,0x07,0x28,0x86,0x7d,0xf3,0xd0,0xdf,0xfe,0x77,0x38,0x89,0x7d,
0xf8,0x25,0xe1,0x06,0x00,0x0f,0xf3,0x7d,0x86,0x00,0xae,0xd6,0xff,0xff,0xff,0xfd,
0x3f,0x13,0xc0,0xee,0x07,0x20,0xde,0xfd,0xbf,0xc0,0xdf,0x7a,0xf6,0x0c,0x09,0x5d,
0xfe,0x25,0x73,0x46,0xb0,0x0f,0xf2,0x7d,0x96,0x10,0xfe,0xfe,0xff,0xff,0xff,0xfd,
0xff,0x54,0xc4,0xc2,0x67,0x66,0xee,0x5d,0xc4,0xac,0xcf,0x76,0xe6,0x3e,0x6b,0x9d,
0xf1,0xad,0xbb,0x6e,0x33,0x03,0xf3,0x9d,0xd9,0x0c,0x5e,0xfe,0xff,0xff,0xff,0xfd,
0x7f,0x4e,0xee,0xb6,0xea,0xcc,0xce,0xcd,0xee,0xe6,0xdd,0xe6,0xce,0xbc,0x33,0x9d,
0xac,0x98,0xbb,0xce,0x99,0x39,0x59,0x2d,0x93,0x99,0xff,0xfe,0xff,0xff,0xff,0xfd,
0xff,0xdb,0xff,0xfe,0xf3,0x7f,0xff,0xbd,0xdf,0xff,0xf7,0xfa,0xff,0xff,0x6f,0xfd,
0xff,0xec,0xff,0x7a,0xff,0xe7,0xff,0xcd,0xdf,0xec,0xfe,0xfe,0xff,0xff,0xff,0xfd,
0xff,0xfb,0xbf,0xfe,0xff,0x7e,0xb7,0xfd,0xfe,0xde,0x9f,0xfe,0xf7,0x6f,0xe7,0xfd,
0xff,0xff,0xdf,0xfe,0xb7,0xdf,0xff,0xbd,0x7f,0xcb,0xff,0xfa,0xff,0xff,0xff,0xfd,
0xff,0xff,0xdb,0xf6,0xef,0xff,0xff,0xed,0xff,0xff,0xff,0x7e,0xbf,0xff,0xfe,0xf5,
0xff,0xab,0xfb,0xda,0xff,0xbf,0xfb,0xfd,0xff,0xff,0xff,0xf6,0xff,0xff,0xff,0xf5,
0xff,0xfb,0x7b,0xf6,0xf7,0xfe,0xf7,0xfd,0xfe,0xdf,0xef,0xfa,0xff,0xdf,0xf7,0xf5,
0xff,0xfd,0xff,0xfe,0xbf,0xef,0xf7,0xfd,0xff,0xae,0xff,0xbe,0xff,0xff,0xff,0xf5,
0xff,0xff,0xff,0xfa,0xff,0x7f,0xdf,0xed,0xff,0xfd,0xbf,0xfe,0xcf,0x7f,0xde,0xfd,
0xff,0xd7,0xdb,0xde,0xf7,0xbf,0xff,0xdd,0xff,0xfb,0xff,0xbe,0xff,0xff,0xff,0xfd,
0xff,0xbd,0xdf,0xfe,0xdf,0xff,0xbb,0xe5,0xfb,0xef,0xff,0xfe,0xfd,0xff,0xf6,0xbd,
0xff,0xff,0xef,0xe2,0xed,0x7f,0xff,0xfd,0x7f,0xdf,0xfe,0xfe,0xff,0xff,0xff,0xfd,
0xff,0xdf,0xff,0xfe,0xff,0xff,0xff,0xfd,0xbd,0xf7,0xdf,0xfa,0xef,0xd3,0xef,0xf5,
0xff,0xfb,0xfe,0x7e,0xbf,0xff,0xfd,0xfd,0xf7,0xff,0xff,0xfe,0xff,0xff,0xff,0xfd,
0xff,0xfd,0xef,0xfe,0xff,0xff,0x3d,0xed,0xb7,0xdf,0xef,0xfe,0xff,0xf7,0xff,0xd5,
0xff,0xff,0x7e,0xfe,0x9f,0x7f,0xff,0xfd,0xff,0xbf,0xfe,0xfa,0xff,0xff,0xff,0xfd,
0xff,0x7f,0xff,0xfe,0xdf,0xff,0xff,0xfd,0xff,0xff,0xff,0xfe,0xed,0xfd,0xe5,0xfd,
0xff,0xfd,0xef,0x5a,0xfe,0xff,0xff,0xfd,0x7f,0xff,0xff,0xfe,0xff,0xff,0xff,0xfd,
0xff,0xff,0x7f,0xfe,0xef,0xff,0xff,0xfd,0xff,0xff,0xff,0xfa,0xff,0xf7,0xff,0xfd,
0xff,0xff,0xff,0xfe,0xff,0xff,0xff,0xfd,0xff,0xff,0xff,0xfe,0xff,0xff,0xff,0xfd,
0xff,0xbf,0xff,0xfa,0xff,0xbf,0xff,0xfd,0xff,0xff,0xff,0xfe,0xff,0xf7,0xff,0xfd,
0xfb,0xff,0xff,0xfe,0xfb,0xdd,0xff,0xfd,0xff,0xff,0xff,0xfe,0xff,0xff,0xff,0xfd,
0xff,0xff,0xbf,0xfe,0xef,0xbf,0xff,0xfd,0xff,0xff,0xff,0xfe,0xff,0xff,0xff,0xfd,
0xff,0xff,0xff,0xfe,0xff,0xef,0xff,0xfd,0xff,0xff,0xff,0xfe,0xff,0xff,0xff,0xfd,
0xff,0x7f,0xff,0xfe,0xff,0xff,0xff,0xfd,0xff,0xff,0xff,0xfe,0xff,0xff,0xff,0xfd,
0xfd,0xff,0xff,0xfe,0xf7,0xfd,0xff,0xfd,0xff,0xff,0xff,0xfe,0xff,0xff,0xff,0xfd,
0xff,0xff,0xff,0xfe,0xd7,0xff,0xff,0xfd,0xff,0xff,0xff,0xfe,0xff,0xff,0xff,0xfd,
0xff,0xff,0xff,0xfe,0xff,0xff,0xff,0xfd,0xff,0xff,0xff,0xfe,0xff,0xff,0xff,0xfd,
0xff,0xff,0xfb,0xfe,0xff,0xff,0xff,0xfd,0xff,0xff,0xff,0xfe,0xff,0xff,0xff,0xfd,
0xff,0xef,0xff,0xfe,0xff,0xff,0xff,0xfd,0xff,0xff,0xff,0xfe,0xff,0xff,0xff,0xfd,
0xff,0xff,0xff,0xfe,0xff,0xfd,0xff,0x7d,0xff,0xff,0xff,0xfe,0xff,0xff,0xfd,0xfd,
0xff,0xff,0xff,0xfe,0xbf,0x7f,0xfd,0x7d,0xff,0xff,0xff,0xfe,0xff,0xff,0xff,0xfd,
0xff,0xff,0xff,0xfa,0xd7,0xfb,0xff,0xfd,0xff,0xff,0xff,0xfe,0xff,0xff,0xff,0xfd,
0xff,0xf7,0xff,0xfe,0xff,0x7f,0xfe,0x7d,0xff,0xff,0xff,0xfa,0xff,0xff,0xff,0xfd,
0xff,0x7f,0x7b,0xd6,0xff,0xff,0xff,0xfd,0x67,0x76,0xbf,0xce,0xff,0xff,0x9f,0xed,
0xfe,0xff,0xff,0xfe,0xff,0xfd,0xdd,0xfd,0xf3,0xff,0xff,0xfe,0xff,0xff,0xff,0xfd,
0xff,0xff,0xff,0xfe,0xff,0xff,0xff,0xfd,0xff,0xff,0xff,0xfa,0xff,0xff,0xff,0xfd,
0xff,0xff,0xff,0xfe,0xff,0xdf,0xff,0xfd,0xff,0xff,0xff,0xfe,0xff,0xff,0xff,0xfd,
0x3f,0x9f,0xe7,0xfe,0xcf,0xff,0xff,0xf5,0x79,0x3e,0xff,0xfe,0xff,0xff,0xe7,0xcd,
0xe7,0xff,0xff,0xfe,0xfc,0x9f,0xcf,0x7d,0xff,0xff,0xff,0xfa,0xff,0xff,0xff,0xfd,
0xff,0xff,0xff,0xfe,0xff,0xff,0xff,0xfd,0xff,0xff,0xff,0xfe,0xff,0xff,0xff,0xfd,
0xff,0xff,0xff,0xfa,0xff,0xff,0xff,0xfd,0xff,0xff,0xff,0xfe,0xff,0xff,0xff,0xfd,
0xff,0xff,0xff,0xfe,0xff,0xff,0xff,0xfd,0xff,0xff,0xff,0xfe,0xff,0xff,0xff,0xfd,
0xff,0xff,0xff,0xfe,0xff,0xff,0xff,0xfd,0xff,0xff,0xff,0xfe,0xff,0xff,0xff,0xfd,
0xff,0xff,0xff,0xfe,0xff,0xff,0xff,0xfd,0xff,0xff,0xff,0xfe,0xff,0xff,0xff,0xfd,
0xff,0xff,0xff,0xfe,0xff,0xff,0xff,0xfd,0xff,0xff,0xff,0xfe,0xff,0xff,0xff,0xfd,
0xff,0xff,0xff,0xfe,0xff,0xff,0xff,0xfd,0xff,0xff,0xff,0xfe,0xff,0xff,0xff,0xfd,
0xff,0xff,0xff,0xfe,0xff,0xff,0xff,0xfd,0xff,0xff,0xff,0xfe,0xff,0xff,0xff,0xfd,
0xff,0xff,0xff,0xfe,0xff,0xff,0xff,0xfd,0xff,0xff,0xff,0xfe,0xff,0xff,0xff,0xfd,
0xff,0xff,0xff,0xfe,0xff,0xff,0xff,0xfd,0xff,0xff,0xff,0xfe,0xff,0xff,0xff,0xfd,
0xff,0xff,0xff,0xfe,0xff,0xff,0xff,0xfd,0xff,0xff,0xff,0xfe,0xff,0xff,0xff,0xfd,
0xff,0xff,0xff,0xfe,0xff,0xff,0xff,0xfd,0xff,0xff,0xff,0xfe,0xff,0xff,0xff,0xfd,
0xff,0xff,0xff,0xfe,0xff,0xff,0xff,0xfd,0xff,0xff,0xff,0xfe,0xff,0xff,0xff,0xfd,
0xff,0xff,0xff,0xfe,0xff,0xff,0xff,0xfd,0xff,0xff,0xff,0xfe,0xff,0xff,0xff,0xfd,
0xff,0xff,0xff,0xfe,0xff,0xff,0xff,0xfd,0xff,0xff,0xff,0xfe,0xff,0xff,0xff,0xfd,
0xff,0xff,0xff,0xfe,0xff,0xff,0xff,0xfd,0xff,0xff,0xff,0xfe,0xff,0xff,0xff,0xfd,
0xff,0xff,0xff,0xfe,0xff,0xff,0xff,0xfd,0xff,0xff,0xff,0xfe,0xff,0xff,0xff,0xfd,
0xff,0xff,0xff,0xfe,0xff,0xff,0xff,0xfd,0xff,0xff,0xff,0xfe,0xff,0xff,0xff,0xfd,
0xff,0xff,0xff,0xfe,0xff,0xff,0xff,0xfd,0xff,0xff,0xff,0xfe,0xff,0xff,0xff,0xfd,
0xff,0xff,0xff,0xfe,0xff,0xff,0xff,0xfd,0xff,0xff,0xff,0xfe,0xff,0xff,0xff,0xfd,
0xff,0xff,0xff,0xfe,0xff,0xff,0xff,0xfd,0xff,0xff,0xff,0xfe,0xff,0xff,0xff,0xfd,
0xff,0xff,0xff,0xfe,0xff,0xff,0xff,0xfd,0xff,0xff,0xff,0xfe,0xff,0xff,0xff,0xfd,
0xff,0xff,0xff,0xfe,0xff,0xff,0xff,0xfd,0xff,0xff,0xff,0xfe,0xff,0xff,0xff,0xfd,
0xff,0xff,0xff,0xfe,0xff,0xff,0xff,0xfd,0xff,0xff,0xff,0xfe,0xff,0xff,0xff,0xfd,
0xff,0xff,0xff,0xfe,0xff,0xff,0xff,0xfd,0xff,0xff,0xff,0xfe,0xff,0xff,0xff,0xfd,
0xff,0xff,0xff,0xfe,0xff,0xff,0xff,0xfd,0xff,0xff,0xff,0xfe,0xff,0xff,0xff,0xfd,
0xff,0xff,0xff,0xfe,0xff,0xff,0xff,0xfd,0xff,0xff,0xff,0xfe,0xff,0xff,0xff,0xfd,
0xff,0xff,0xff,0xfe,0xff,0xff,0xff,0xfd,0xff,0xff,0xff,0x18,0x00,0x0c,0x04,0x00,
0x00,0x00,0x00,0x00,0x00,0x00,0x00,0x00,0x20,0x00,0x00,0x01,0x00,0xff,0xff,0xff,
0xff,0xff,0xff,0xff,0xff,0xff,0xff,0xff,0xff,0xff,0xff,0xff,0xff,0xff,0xff,0xff,
0xff,0xff,0xff,0xff,0xff,0xff,0xff,0xff,0xff,0xff,0xff,0xff,0xff,0xff,0xff,0xff,
0xff,0xff,0xff,0xff,0xff,0xff,0xff,0xff,0xff,0xff,0xff,0xff,0xff,0xff,0xff,0xff,
0xff,0xff,0xff,0xff,0xff,0xff,0xff,0xff,0xff,0xff,0xff,0xff,0xff,0xff,0xff,0xff,
0xff,0xff,0xff,0xff,0xff,0xff,0xff,0xff,0xff,0xff,0xff,0xff,0xff,0xff,0xff,0xff,
0xff,0xff,0xff,0xff,0xff,0xff,0xff,0xff,0xff,0xff,0xff,0xff,0xff,0xff,0xff,0xff,
0xff,0xff,0xff,0xff,0xff,0xff,0xff,0xff,0xff,0xff,0xff,0xff,0xff,0xff,0xff,0xff,
0xff,0xff,0xff,0xff,0xff,0xff,0xff,0xff,0xff,0xff,0xff,0xff,0xff,0xff,0xff,0xff,
0xff,0xff,0xff,0xff,0xff,0xff,0xff,0xff,0xff,0xff,0xff,0xff,0xff,0xff,0xff,0xff,
0xff,0xff,0xff,0xff,0xff,0xff,0xff,0xff,0xff,0xff,0xff,0xff,0xff,0xff,0xff,0xff,
0xff,0xff,0xff,0xff,0xff,0xff,0xff,0xff,0xff,0xff,0xff,0xff,0xff,0xff,0xff,0xff,
0xff,0xff,0xff,0xff,0xff,0xff,0xff,0xff,0xff,0xff,0xff,0xff,0xff,0xff,0xff,0xff,
0xff,0xff,0xff,0xff,0xff,0xff,0xff,0xff,0xff,0xff,0xff,0xff,0xff,0xff,0xff,0xff,
0xff,0xff,0xff,0xff,0xff,0xff,0xff,0xff,0xff,0xff,0xff,0xff,0xff,0xff,0xff,0xff,
0xff,0xff,0xff,0xff,0xff,0xff,0xff,0xff,0xff,0xff,0xff,0xff,0xff,0xff,0xff,0xff,
0xff,0xff,0xff,0xff,0xff,0xff,0xff,0xff,0xff,0xff,0xff,0xff,0xff,0xff,0xff,0xff,
0xff,0xff,0xff,0xff,0xff,0xff,0xff,0xff,0xff,0xff,0xff,0xff,0xff,0xff,0xff,0xff,
0xff,0xff,0xff,0xff,0xff,0xff,0xff,0xff,0xff,0xff,0xff,0xff,0xff,0xff,0xff,0xff,
0xff,0xff,0xff,0xff,0xff,0xff,0xff,0xff,0xff,0xff,0xff,0xff,0xff,0xff,0xff,0xff,
0xff,0xff,0xff,0xff,0xff,0xff,0xff,0xff,0xff,0xff,0xff,0xff,0xff,0xff,0xff,0xff,
0xff,0xff,0xff,0xff,0xff,0xff,0xff,0xff,0xff,0xff,0xff,0xff,0xff,0xff,0xff,0xff,
0xff,0xff,0xff,0xff,0xff,0xff,0xff,0xff,0xff,0xff,0xff,0xff,0xff,0xff,0xff,0xff,
0xff,0xff,0xff,0xff,0xff,0xff,0xff,0xff,0xff,0xff,0xff,0xff,0xff,0xff,0xff,0xff,
0xff,0xff,0xff,0xff,0xff,0xff,0xff,0xff,0xff,0xff,0xff,0xff,0xff,0xff,0xff,0xff,
0xff,0xff,0xff,0xff,0xff,0xff,0xff,0xff,0xff,0xff,0xff,0xff,0xff,0xff,0xff,0xff,
0xff,0xff,0xff,0xff,0xff,0xff,0xff,0xff,0xff,0xff,0xff,0xff,0xff,0xff,0xff,0xff,
0xff,0xff,0xff,0xff,0xff,0xff,0xff,0xff,0xff,0xff,0xff,0xff,0xff,0xff,0xff,0xff,
0xff,0xff,0xff,0xff,0xff,0xff,0xff,0xff,0xff,0xff,0xff,0xff,0xff,0xff,0xff,0xff,
0xff,0xff,0xff,0xff,0xff,0xff,0xff,0xff,0xff,0xff,0xff,0xff,0xff,0xff,0xff,0xff,
0xff,0xff,0xff,0xff,0xff,0xff,0xff,0xff,0xff,0xff,0xff,0xff,0xff,0xff,0xff,0xff,
0xff,0xff,0xff,0xff,0xff,0xff,0xff,0xff,0xff,0xff,0xff,0xff,0xff,0xff,0xff,0xff,
0xff,0xff,0xff,0xff,0xff,0xff,0xff,0xff,0xff,0xff,0xff,0xff,0xff,0xff,0xff,0xff,
0xff,0xff,0xff,0xff,0xff,0xff,0xff,0xff,0xff,0xff,0xff,0xff,0xff,0xff,0xff,0xff,
0xff,0xff,0xff,0xff,0xff,0xff,0xff,0xff,0xff,0xff,0xff,0xff,0xff,0xff,0xff,0xff,
0xff,0xff,0xff,0xff,0xff,0xff,0xff,0xff,0xff,0xff,0xff,0xff,0xff,0xff,0xff,0xff,
0xff,0xff,0xff,0xff,0xff,0xff,0xff,0xff,0xff,0xff,0xff,0xff,0xff,0xff,0xff,0xff,
0xff,0xff,0xff,0xff,0xff,0xff,0xff,0xff,0xff,0xff,0xff,0xff,0xff,0xff,0xff,0xff,
0xff,0xff,0xff,0xff,0xff,0xff,0xff,0xff,0xff,0xff,0xff,0xff,0xff,0xff,0xff,0xff,
0xff,0xff,0xff,0xff,0xff,0xff,0xff,0xff,0xff,0xff,0xff,0xff,0xff,0xff,0xff,0xff,
0xff,0xff,0xff,0xff,0xff,0xff,0xff,0xff,0xff,0xff,0xff,0xff,0xff,0xff,0xff,0xff,
0xff,0xff,0xff,0xff,0xff,0xff,0xff,0xff,0xff,0xff,0xff,0xff,0xff,0xff,0xff,0xff,
0xff,0xff,0xff,0xff,0xff,0xff,0xff,0xff,0xff,0xff,0xff,0xff,0xff,0xff,0xff,0xff,
0xff,0xff,0xff,0xff,0xff,0xff,0xff,0xff,0xff,0xff,0xff,0xff,0xff,0xff,0xff,0xff,
0xff,0xff,0xff,0xff,0xff,0xff,0xff,0xff,0xff,0xff,0xff,0xff,0xff,0xff,0xff,0xff,
0xff,0xff,0xff,0xff,0xff,0xff,0xff,0xff,0xff,0xff,0xff,0xff,0xff,0xff,0xff,0xff,
0xff,0xff,0xff,0xff,0xff,0xff,0xff,0xff,0xff,0xff,0xff,0xff,0xff,0xff,0xff,0xff,
0xff,0xff,0xff,0xff,0xff,0xff,0xff,0xff,0xff,0xff,0xff,0xff,0xff,0xff,0xff,0xff,
0xff,0xff,0xff,0xff,0xff,0xff,0xff,0xff,0xff,0xff,0xff,0xff,0xff,0xff,0xff,0xff,
0xff,0xff,0xff,0xff,0xff,0xff,0xff,0xff,0xff,0xff,0xff,0xff,0xff,0xff,0xff,0xff,
0xff,0xff,0xff,0xff,0xff,0xff,0xff,0xff,0xff,0xff,0xff,0xff,0xff,0xff,0xff,0xff,
0xff,0xff,0xff,0xff,0xff,0xff,0xff,0xff,0xff,0xff,0xff,0xff,0xff,0xff,0xff,0xff,
0xff,0xff,0xff,0xff,0xff,0xff,0xff,0xff,0xff,0xff,0xff,0xff,0xff,0xff,0xff,0xff,
0xff,0xff,0xff,0xff,0xff,0xff,0xff,0xff,0xff,0xff,0xff,0xff,0xff,0xff,0xff,0xff,
0xff,0xff,0xff,0xff,0xff,0xff,0xff,0xff,0xff,0xff,0xff,0xff,0xff,0xff,0xff,0xff,
0xff,0xff,0xff,0xff,0xff,0xff,0xff,0xff,0xff,0xff,0xff,0xff,0xff,0xff,0xff,0xff,
0xff,0xff,0xff,0xff,0xff,0xff,0xff,0xff,0xff,0xff,0xff,0xff,0xff,0xff,0xff,0xff,
0xff,0xff,0xff,0xff,0xff,0xff,0xff,0xff,0xff,0xff,0xff,0xff,0xff,0xff,0xff,0xff,
0xff,0xff,0xff,0xff,0xff,0xff,0xff,0xff,0xff,0xff,0xff,0xff,0xff,0xff,0xff,0xff,
0xff,0xff,0xff,0xff,0xff,0xff,0xff,0xff,0xff,0xff,0xff,0xff,0xff,0xff,0xff,0xff,
0xff,0xff,0xff,0xff,0xff,0xff,0xff,0xff,0xff,0xff,0xff,0xff,0xff,0xff,0xff,0xff,
0xff,0xff,0xff,0xff,0xff,0xff,0xff,0xff,0xff,0xff,0xff,0xff,0xff,0xff,0xff,0xff,
0xff,0xff,0xff,0xff,0xff,0xff,0xff,0xff,0xff,0xff,0xff,0xff,0xff,0xff,0xff,0xff,
0xff,0xff,0xff,0xff,0xff,0xff,0xff,0xff,0xff,0xff,0xff,0xff,0xff,0xff,0xff,0xff,
0xff,0xff,0xff,0xff,0xff,0xff,0xff,0xff,0xff,0xff,0xff,0xff,0xff,0x08,0x00,0x02,
0x00,0x00,0x00,0xf1,0xea,
};

/* -------  End of file -------- */

/******** History ********
$Log: vm_timingcard_cpld_fw.c,v $
Revision 1.2  2015/02/14 12:48:42  kodko
Collapse timing card branch code into main trunk.

Revision 1.1.2.5  2014/03/19 07:13:50  kodko
Speed up the CPLD firmware upgrade time under 2 minutes.

Revision 1.1.2.4  2014/03/10 08:01:07  kodko
Update new CPLD firmware to version v0402.

Revision 1.1.2.3  2014/03/07 07:39:58  kodko
Mofify for speed up CPLD upgrade firmware by CPLD.

Revision 1.1.2.2  2014/02/24 09:02:43  kodko
Initial bring up for CPLD firmware upgrade by CPLD it-self and IO Exapnder.

Revision 1.1.2.1  2013/12/25 09:03:05  kodko
Initial check-in for NGVM  Timing Card.

$Endlog $
*/
