// TPS23881_2 SRAM Program Code
// Revision: 0x05
// Release Date: January 3, 2020
// For use with TPS23881_2 devices
// Please see Ti.com for additional information
#include <stdio.h>
#include "types.h"
#include "switzer_tps23881_sram_parity.h"

const uint8_t tps23881_sram_code[SRAM_LENGTH] = {
 0x7F, 0xF8, 0x22, 0x90, 0x00, 0xFC, 0xE0, 0x30, 0xE2, 0x08, 0x90, 0x00, 0x60, 0xE0, 0x54, 0xF7,
 0xF0, 0x22, 0xE4, 0x90, 0x02, 0x4E, 0xF0, 0xA3, 0xF0, 0x90, 0x02, 0x4A, 0xF0, 0x90, 0x02, 0x4D,
 0xF0, 0x90, 0x02, 0x4B, 0xF0, 0x90, 0x00, 0x41, 0x74, 0x05, 0xF0, 0x90, 0x01, 0x41, 0xF0, 0x75,
 0x7A, 0x16, 0x90, 0x02, 0x52, 0xF0, 0xE4, 0x90, 0x00, 0xDD, 0xF0, 0x90, 0x01, 0xDD, 0xF0, 0x78,
 0x6F, 0xF6, 0x12, 0x34, 0xAC, 0x90, 0x00, 0x91, 0xE0, 0x44, 0x0F, 0xF0, 0x12, 0x0F, 0x89, 0x90,
 0x00, 0x6F, 0xE0, 0x30, 0xE1, 0x06, 0xE4, 0x78, 0x67, 0xF6, 0x80, 0x04, 0x78, 0x67, 0x76, 0x08,
 0x85, 0x8C, 0x77, 0x78, 0xDE, 0xE6, 0x62, 0x77, 0x53, 0x77, 0x80, 0xE5, 0x77, 0x60, 0x2A, 0xA6,
 0x8C, 0x78, 0xDC, 0x06, 0xE5, 0xAE, 0x70, 0x07, 0x90, 0x02, 0xE3, 0xE0, 0x30, 0xE0, 0x0A, 0x78,
 0xDC, 0xE6, 0xD3, 0x94, 0x0A, 0x40, 0x12, 0x80, 0x08, 0x78, 0xDC, 0xE6, 0xD3, 0x94, 0x64, 0x40,
 0x08, 0x78, 0xDD, 0x76, 0x01, 0xE4, 0x78, 0xDC, 0xF6, 0x90, 0x00, 0x64, 0xE0, 0x30, 0xE0, 0x07,
 0xE0, 0x54, 0xFE, 0xF0, 0x12, 0x36, 0xEB, 0x90, 0x00, 0x9A, 0xE0, 0x60, 0x03, 0x12, 0x40, 0x51,
 0xE5, 0x0B, 0xB4, 0x01, 0x09, 0x90, 0x02, 0xE3, 0xE0, 0x20, 0xE0, 0x02, 0x21, 0x44, 0xE4, 0xF5,
 0x75, 0x90, 0x00, 0xFC, 0xE0, 0x30, 0xE0, 0x10, 0x90, 0x00, 0x29, 0xE0, 0x54, 0x77, 0xF0, 0x90,
 0x01, 0x29, 0xE0, 0x54, 0x77, 0xF0, 0x80, 0x2C, 0x90, 0x00, 0x29, 0xE0, 0x30, 0xE3, 0x03, 0x43,
 0x75, 0x03, 0x90, 0x00, 0x29, 0xE0, 0x30, 0xE7, 0x03, 0x43, 0x75, 0x0C, 0x90, 0x01, 0x29, 0xE0,
 0x30, 0xE3, 0x03, 0x43, 0x75, 0x30, 0x90, 0x01, 0x29, 0xE0, 0x30, 0xE7, 0x03, 0x43, 0x75, 0xC0,
 0xE5, 0x75, 0x52, 0x76, 0xE4, 0xF5, 0x91, 0x12, 0x8F, 0xF9, 0xD2, 0xAF, 0x75, 0x91, 0x01, 0x12,
 0x8F, 0xF9, 0xD2, 0xAF, 0x75, 0x91, 0x02, 0x12, 0x8F, 0xF9, 0xD2, 0xAF, 0x75, 0x91, 0x03, 0x12,
 0x8F, 0xF9, 0xD2, 0xAF, 0x75, 0x91, 0x04, 0x12, 0x8F, 0xF9, 0xD2, 0xAF, 0x75, 0x91, 0x05, 0x12,
 0x8F, 0xF9, 0xD2, 0xAF, 0x75, 0x91, 0x06, 0x12, 0x8F, 0xF9, 0xD2, 0xAF, 0x75, 0x91, 0x07, 0x12,
 0x8F, 0xF9, 0xD2, 0xAF, 0x12, 0xB2, 0x1F, 0x01, 0x42, 0xE5, 0x1C, 0x54, 0x03, 0x60, 0x07, 0x90,
 0x00, 0x0A, 0xE0, 0x54, 0xFB, 0xF0, 0xE5, 0x1C, 0x54, 0x0C, 0x60, 0x07, 0x90, 0x00, 0x0A, 0xE0,
 0x54, 0xF7, 0xF0, 0xE5, 0x1D, 0x54, 0x03, 0x60, 0x07, 0x90, 0x01, 0x0A, 0xE0, 0x54, 0xFB, 0xF0,
 0xE5, 0x1D, 0x54, 0x0C, 0x60, 0x07, 0x90, 0x01, 0x0A, 0xE0, 0x54, 0xF7, 0xF0, 0x22, 0xE5, 0xB7,
 0x60, 0x59, 0x85, 0xB7, 0x1E, 0x85, 0x1E, 0xAC, 0xE5, 0x1E, 0x54, 0x0F, 0xF5, 0x1C, 0x60, 0x12,
 0x90, 0x00, 0x0A, 0xE0, 0x44, 0x02, 0xF0, 0x90, 0x00, 0x94, 0xE5, 0x1C, 0xF0, 0xC4, 0x54, 0xF0,
 0x42, 0x1C, 0xE5, 0x1E, 0x54, 0xF0, 0xF5, 0x1D, 0x60, 0x14, 0x90, 0x01, 0x0A, 0xE0, 0x44, 0x02,
 0xF0, 0xE5, 0x1D, 0xC4, 0x54, 0x0F, 0x42, 0x1D, 0x90, 0x01, 0x94, 0xE5, 0x1D, 0xF0, 0x90, 0x00,
 0xDB, 0xE0, 0x44, 0x10, 0xF0, 0xE0, 0x54, 0xEF, 0xF0, 0x90, 0x03, 0x24, 0xE0, 0x45, 0x1E, 0xF0,
 0xE5, 0x1E, 0x42, 0x15, 0x12, 0x4F, 0x14, 0x31, 0x49, 0x80, 0xA3, 0x22, 0x7F, 0x03, 0x12, 0x4E,
 0x30, 0xE5, 0x1E, 0x42, 0x15, 0x85, 0x91, 0x14, 0x90, 0x00, 0x29, 0xE0, 0x30, 0xE3, 0x09, 0xE5,
 0x15, 0x54, 0x03, 0x60, 0x03, 0x43, 0x15, 0x03, 0x90, 0x00, 0x29, 0xE0, 0x30, 0xE7, 0x09, 0xE5,
 0x15, 0x54, 0x0C, 0x60, 0x03, 0x43, 0x15, 0x0C, 0x90, 0x01, 0x29, 0xE0, 0x30, 0xE3, 0x09, 0xE5,
 0x15, 0x54, 0x30, 0x60, 0x03, 0x43, 0x15, 0x30, 0x90, 0x01, 0x29, 0xE0, 0x30, 0xE7, 0x09, 0xE5,
 0x15, 0x54, 0xC0, 0x60, 0x03, 0x43, 0x15, 0xC0, 0x85, 0x15, 0x1E, 0x51, 0x34, 0x12, 0x4F, 0x14,
 0x85, 0x14, 0x91, 0x22, 0xE5, 0x1E, 0x54, 0x0F, 0xF5, 0x1C, 0xC4, 0x54, 0xF0, 0x42, 0x1C, 0xE5,
 0x1E, 0x54, 0xF0, 0xF5, 0x1D, 0xC4, 0x54, 0x0F, 0x42, 0x1D, 0x90, 0x03, 0x24, 0xE0, 0xFF, 0xE5,
 0x1E, 0xF4, 0xFE, 0xEF, 0x5E, 0xF0, 0x78, 0x66, 0xE6, 0x5E, 0xF6, 0x22, 0x85, 0x91, 0x14, 0xE4,
 0xF5, 0x1E, 0xF5, 0x91, 0xE5, 0x91, 0xC3, 0x94, 0x07, 0x40, 0x02, 0x61, 0x00, 0x90, 0x06, 0x1A,
 0xE0, 0x20, 0xE4, 0x02, 0x41, 0xF8, 0x90, 0x06, 0x01, 0x74, 0x80, 0xF0, 0x90, 0x06, 0x0A, 0xE0,
 0x54, 0xF3, 0xF0, 0xE4, 0x90, 0x06, 0x12, 0xF0, 0x90, 0x06, 0x13, 0x74, 0x0F, 0xF0, 0xE4, 0x90,
 0x06, 0x15, 0xF0, 0x90, 0x06, 0x16, 0xF0, 0x90, 0x06, 0x17, 0x74, 0x80, 0xF0, 0xE4, 0x90, 0x06,
 0x1A, 0xF0, 0x90, 0x06, 0x1C, 0xF0, 0x90, 0x06, 0x1E, 0x74, 0xFF, 0x71, 0x1B, 0xE4, 0x90, 0x06,
 0x22, 0xF0, 0x90, 0x06, 0x27, 0xF0, 0xA3, 0xF0, 0x90, 0x06, 0x29, 0xF0, 0x90, 0x06, 0x2A, 0x74,
 0xFF, 0xF0, 0xA3, 0xF0, 0xE4, 0x90, 0x06, 0x40, 0xF0, 0x90, 0x06, 0x44, 0x71, 0x1B, 0x90, 0x06,
 0x48, 0x71, 0x1B, 0x90, 0x06, 0x50, 0xF0, 0x90, 0x06, 0x55, 0xF0, 0xE5, 0x91, 0x70, 0x0D, 0x75,
 0x1E, 0x0F, 0x90, 0x03, 0x28, 0xF0, 0x90, 0x03, 0x20, 0xF0, 0x80, 0x0C, 0x43, 0x1E, 0xF0, 0xE4,
 0x90, 0x03, 0x29, 0xF0, 0x90, 0x03, 0x21, 0xF0, 0x74, 0x04, 0x25, 0x91, 0xF5, 0x91, 0x41, 0x64,
 0x51, 0x34, 0x12, 0x4F, 0x14, 0xE5, 0x1C, 0x60, 0x05, 0xE4, 0x90, 0x00, 0x02, 0xF0, 0xE5, 0x1D,
 0x60, 0x05, 0xE4, 0x90, 0x01, 0x02, 0xF0, 0x85, 0x14, 0x91, 0x22, 0xF0, 0xA3, 0xF0, 0xA3, 0xF0,
 0xA3, 0xF0, 0x22, 0x85, 0x91, 0x14, 0xE4, 0x90, 0x02, 0x51, 0xF0, 0xE5, 0xCD, 0xF0, 0xE0, 0xFF,
 0x70, 0x02, 0x61, 0xF7, 0xF5, 0xCD, 0xEF, 0x30, 0xE0, 0x2A, 0x90, 0x00, 0x0A, 0xE0, 0x44, 0x04,
 0xF0, 0xE4, 0xF5, 0x91, 0x91, 0xFF, 0x30, 0xE2, 0x18, 0xE4, 0xFF, 0x12, 0x7D, 0x5D, 0x75, 0x91,
 0x01, 0xE4, 0xFF, 0x12, 0x7D, 0x5D, 0x43, 0x10, 0x03, 0x78, 0x66, 0xE6, 0x44, 0x03, 0xF6, 0x80,
 0x03, 0x12, 0x47, 0x4C, 0x90, 0x02, 0x51, 0xE0, 0x30, 0xE1, 0x2A, 0x90, 0x00, 0x0A, 0xE0, 0x44,
 0x08, 0xF0, 0x75, 0x91, 0x02, 0x91, 0xFF, 0x30, 0xE3, 0x18, 0xE4, 0xFF, 0x12, 0x7D, 0x5D, 0x75,
 0x91, 0x03, 0xE4, 0xFF, 0x12, 0x7D, 0x5D, 0x43, 0x10, 0x0C, 0x78, 0x66, 0xE6, 0x44, 0x0C, 0xF6,
 0x80, 0x03, 0x12, 0x47, 0x4C, 0x90, 0x02, 0x51, 0xE0, 0x30, 0xE2, 0x2A, 0x90, 0x01, 0x0A, 0xE0,
 0x44, 0x04, 0xF0, 0x75, 0x91, 0x04, 0x91, 0xF7, 0x30, 0xE2, 0x18, 0xE4, 0xFF, 0x12, 0x7D, 0x5D,
 0x75, 0x91, 0x05, 0xE4, 0xFF, 0x12, 0x7D, 0x5D, 0x43, 0x10, 0x30, 0x78, 0x66, 0xE6, 0x44, 0x30,
 0xF6, 0x80, 0x03, 0x12, 0x47, 0x4C, 0x90, 0x02, 0x51, 0xE0, 0x30, 0xE3, 0x2A, 0x90, 0x01, 0x0A,
 0xE0, 0x44, 0x08, 0xF0, 0x75, 0x91, 0x06, 0x91, 0xF7, 0x30, 0xE3, 0x18, 0xE4, 0xFF, 0x12, 0x7D,
 0x5D, 0x75, 0x91, 0x07, 0xE4, 0xFF, 0x12, 0x7D, 0x5D, 0x43, 0x10, 0xC0, 0x78, 0x66, 0xE6, 0x44,
 0xC0, 0xF6, 0x80, 0x03, 0x12, 0x47, 0x4C, 0xE5, 0xC3, 0x70, 0x02, 0x81, 0xDF, 0x90, 0x02, 0x51,
 0xE5, 0xC3, 0xF0, 0xE4, 0xF5, 0x91, 0xE5, 0x91, 0xC3, 0x94, 0x08, 0x50, 0xEA, 0x90, 0x02, 0x51,
 0xE0, 0x55, 0x9C, 0x70, 0x02, 0x81, 0xDB, 0x85, 0x9D, 0xC1, 0xE5, 0xC4, 0x54, 0x0C, 0x90, 0x02,
 0x50, 0xF0, 0xE0, 0x64, 0x0C, 0x70, 0x28, 0xE5, 0x75, 0x55, 0x9C, 0x70, 0x02, 0x80, 0x1C, 0x91,
 0xE3, 0x50, 0x05, 0x74, 0x50, 0xF0, 0x80, 0x03, 0x74, 0xA0, 0xF0, 0x91, 0xEC, 0x60, 0x0C, 0xB1,
 0x0F, 0xE6, 0xC3, 0x94, 0x22, 0x40, 0x04, 0x7F, 0x24, 0x80, 0x77, 0x7F, 0x24, 0x80, 0x79, 0x90,
 0x02, 0x50, 0xE0, 0x64, 0x08, 0x70, 0x2A, 0xE5, 0x75, 0x55, 0x9C, 0x70, 0x04, 0x7F, 0x20, 0x80,
 0x67, 0x91, 0xE3, 0x50, 0x05, 0x74, 0x40, 0xF0, 0x80, 0x03, 0x74, 0x80, 0xF0, 0x91, 0xEC, 0x60,
 0x0C, 0xB1, 0x0F, 0xE6, 0xC3, 0x94, 0x22, 0x40, 0x04, 0x7F, 0x20, 0x80, 0x45, 0x7F, 0x20, 0x80,
 0x47, 0x90, 0x06, 0x15, 0xE0, 0x55, 0x95, 0x60, 0x15, 0xD1, 0xCA, 0x34, 0x06, 0xF5, 0x83, 0xE0,
 0x44, 0x04, 0xB1, 0x1A, 0x76, 0x2D, 0x85, 0x9C, 0xC3, 0x12, 0x0D, 0xD3, 0x80, 0x3D, 0xE5, 0x75,
 0x55, 0x9C, 0x70, 0x04, 0x7F, 0x04, 0x80, 0x20, 0x91, 0xE3, 0x50, 0x05, 0x74, 0x10, 0xF0, 0x80,
 0x03, 0x74, 0x20, 0xF0, 0x91, 0xEC, 0x60, 0x0E, 0xB1, 0x0F, 0xE6, 0xC3, 0x94, 0x22, 0x40, 0x06,
 0x7F, 0x04, 0xD1, 0x48, 0x80, 0x05, 0x7F, 0x04, 0x12, 0x7D, 0x5D, 0xE5, 0x9C, 0x42, 0x10, 0x78,
 0x66, 0xE6, 0x45, 0x9C, 0xF6, 0x12, 0x7E, 0xFC, 0x85, 0x9C, 0xC3, 0x05, 0x91, 0x81, 0x06, 0x85,
 0x14, 0x91, 0x22, 0xE5, 0x94, 0xC3, 0x94, 0x02, 0x90, 0x02, 0x50, 0x22, 0x90, 0x02, 0x50, 0xE0,
 0xFF, 0x90, 0x06, 0x2D, 0xE0, 0x5F, 0x22, 0x12, 0x1D, 0x33, 0x90, 0x01, 0x2D, 0xE0, 0x22, 0x12,
 0x1D, 0x33, 0x90, 0x00, 0x2D, 0xE0, 0x22, 0xAF, 0xCE, 0x74, 0x33, 0x2F, 0xF8, 0xE4, 0xF6, 0xAF,
 0xCE, 0x74, 0x23, 0x2F, 0xF8, 0x22, 0xF4, 0xFE, 0xEF, 0x5E, 0xF0, 0xAF, 0x91, 0x74, 0x23, 0x2F,
 0xF8, 0x22, 0xB1, 0x1B, 0xE6, 0xD3, 0x94, 0x22, 0x40, 0x03, 0x12, 0x0D, 0x3C, 0x22, 0x85, 0x91,
 0x14, 0x90, 0x00, 0x99, 0xE0, 0x30, 0xE0, 0x42, 0x74, 0x01, 0xF0, 0x90, 0x00, 0x16, 0xB1, 0xDF,
 0x90, 0x03, 0x28, 0xB1, 0xF0, 0x60, 0x33, 0xB1, 0xE7, 0x60, 0x10, 0xE4, 0xF5, 0x91, 0xE5, 0x91,
 0xC3, 0x94, 0x04, 0x50, 0x06, 0xB1, 0x22, 0x05, 0x91, 0x80, 0xF3, 0x90, 0x03, 0x28, 0xD1, 0x3C,
 0x60, 0x10, 0xE4, 0xF5, 0x91, 0xE5, 0x91, 0xC3, 0x94, 0x04, 0x50, 0x06, 0xB1, 0xC7, 0x05, 0x91,
 0x80, 0xF3, 0x90, 0x02, 0xE8, 0xE0, 0x90, 0x03, 0x28, 0xF0, 0x90, 0x01, 0x99, 0xE0, 0x30, 0xE0,
 0x42, 0x74, 0x01, 0xF0, 0x90, 0x01, 0x16, 0xB1, 0xDF, 0x90, 0x03, 0x29, 0xB1, 0xF0, 0x60, 0x33,
 0xB1, 0xE7, 0x60, 0x10, 0x75, 0x91, 0x04, 0xE5, 0x91, 0xC3, 0x94, 0x08, 0x50, 0x06, 0xB1, 0x22,
 0x05, 0x91, 0x80, 0xF3, 0x90, 0x03, 0x29, 0xD1, 0x3C, 0x60, 0x10, 0x75, 0x91, 0x04, 0xE5, 0x91,
 0xC3, 0x94, 0x08, 0x50, 0x06, 0xB1, 0xC7, 0x05, 0x91, 0x80, 0xF3, 0x90, 0x02, 0xE8, 0xE0, 0x90,
 0x03, 0x29, 0xF0, 0x85, 0x14, 0x91, 0x22, 0xB1, 0x1B, 0xE6, 0xD3, 0x94, 0x22, 0x40, 0x0F, 0x12,
 0x0D, 0xD3, 0xE5, 0x75, 0x55, 0x9C, 0x60, 0x06, 0x12, 0x1D, 0x33, 0x12, 0x47, 0x4C, 0x22, 0xE0,
 0x54, 0xCC, 0x90, 0x02, 0xE8, 0xF0, 0x22, 0xEF, 0x54, 0xC0, 0xFF, 0xEE, 0x54, 0xC0, 0x6F, 0x22,
 0xE0, 0xFF, 0x90, 0x02, 0xE8, 0xE0, 0xFE, 0x6F, 0x22, 0xAF, 0x91, 0x74, 0x43, 0x2F, 0xF8, 0x22,
 0x21, 0x7E, 0x00, 0x00, 0x22, 0x00, 0x00, 0x00, 0x21, 0xDC, 0x00, 0x00, 0x22, 0x00, 0x00, 0x00,
 0x61, 0x23, 0x00, 0x00, 0x41, 0x5C, 0x00, 0x00, 0x22, 0x00, 0x00, 0x00, 0x22, 0x00, 0x00, 0x00,
 0xA1, 0x2E, 0x00, 0x00, 0x22, 0x00, 0x00, 0x00, 0x22, 0x00, 0x00, 0x00, 0x22, 0xE5, 0x93, 0xB4,
 0x01, 0x09, 0xE5, 0x9C, 0x45, 0xA1, 0xF4, 0x52, 0x75, 0x52, 0x76, 0x22, 0xE0, 0x54, 0x0C, 0xFF,
 0x90, 0x02, 0xE8, 0xE0, 0x54, 0x0C, 0x6F, 0x22, 0xCC, 0xEF, 0xCC, 0xD1, 0xB6, 0xE5, 0xCE, 0x54,
 0x03, 0xFD, 0xE0, 0xFF, 0x74, 0x11, 0xC8, 0xED, 0xC8, 0x08, 0x80, 0x02, 0xC3, 0x33, 0xD8, 0xFC,
 0xF4, 0x5F, 0x90, 0x06, 0x04, 0xD1, 0xC9, 0x34, 0x06, 0xF5, 0x83, 0xE0, 0xC4, 0x13, 0x13, 0x54,
 0x03, 0x4C, 0xFF, 0xAE, 0x94, 0x74, 0xA8, 0x2E, 0xD1, 0xAE, 0xEF, 0xF0, 0x74, 0xA8, 0x2D, 0xD1,
 0xAE, 0xE0, 0xFF, 0xC4, 0x13, 0x13, 0x54, 0x03, 0xF0, 0xE5, 0x9C, 0x45, 0xA1, 0xFD, 0xF5, 0xAC,
 0x42, 0x10, 0xEC, 0x54, 0x24, 0x60, 0x05, 0x78, 0x66, 0xE6, 0x4D, 0xF6, 0x8D, 0xA5, 0xED, 0xF4,
 0xFD, 0x52, 0x08, 0x52, 0x74, 0x02, 0x7E, 0x1B, 0xE5, 0xCE, 0x54, 0x03, 0x24, 0xA8, 0xF5, 0x82,
 0xE4, 0x34, 0x06, 0xF5, 0x83, 0x22, 0x90, 0x06, 0x04, 0xE0, 0xFF, 0xE5, 0x97, 0xF4, 0xFE, 0xEF,
 0x5E, 0xF0, 0x22, 0x90, 0x06, 0x10, 0xE0, 0x45, 0x95, 0xF0, 0xAF, 0x94, 0x74, 0xA8, 0x2F, 0xF5,
 0x82, 0xE4, 0x22, 0x90, 0x02, 0xEB, 0xEF, 0xF0, 0x64, 0x04, 0x60, 0x11, 0xE5, 0x08, 0x55, 0x9C,
 0x70, 0x06, 0xE5, 0x74, 0x55, 0x9C, 0x60, 0x05, 0x7F, 0x01, 0x12, 0x21, 0xD7, 0x90, 0x02, 0xEB,
 0xF1, 0x88, 0x12, 0xB6, 0x7F, 0xEF, 0xF0, 0x85, 0x9C, 0xAC, 0x85, 0x9C, 0xA3, 0xE5, 0x76, 0x55,
 0x9C, 0x60, 0x0A, 0xE5, 0xA1, 0xF4, 0x52, 0x12, 0xE5, 0xA1, 0xF4, 0x52, 0x74, 0x12, 0x10, 0xA5,
 0x12, 0x19, 0x94, 0x90, 0x02, 0xEB, 0xE0, 0xB4, 0x06, 0x06, 0x12, 0xA5, 0x5D, 0x74, 0xFF, 0xF0,
 0xF1, 0x80, 0x60, 0x23, 0xF1, 0xA5, 0xF1, 0x78, 0xF0, 0xE5, 0x76, 0x55, 0x9C, 0x60, 0x18, 0xF1,
 0x98, 0x60, 0x14, 0x12, 0xB6, 0xB7, 0x74, 0x01, 0xC8, 0xEE, 0xC8, 0x08, 0x80, 0x02, 0xC3, 0x33,
 0xD8, 0xFC, 0x4F, 0x90, 0x06, 0x04, 0xF0, 0xF1, 0x90, 0xE5, 0x08, 0x55, 0xA1, 0x60, 0x28, 0xB1,
 0x1B, 0xE6, 0xB4, 0x0B, 0x22, 0xE5, 0x94, 0xC3, 0x94, 0x02, 0x90, 0x02, 0xEB, 0x50, 0x05, 0x74,
 0x08, 0xF0, 0x80, 0x03, 0x74, 0x80, 0xF0, 0x90, 0x02, 0xEB, 0xE0, 0xFF, 0x90, 0x06, 0x29, 0xE0,
 0x5F, 0x60, 0x04, 0xB1, 0x0F, 0x76, 0x0B, 0x22, 0xF0, 0x90, 0x06, 0x04, 0xE0, 0x45, 0x95, 0x22,
 0x90, 0x05, 0xCF, 0xE0, 0xFF, 0x55, 0x9C, 0x22, 0xE0, 0xFF, 0xAE, 0x94, 0x74, 0x0C, 0x2E, 0x22,
 0xE5, 0x9C, 0x45, 0xA1, 0xF4, 0x52, 0x76, 0x22, 0x90, 0x05, 0xCF, 0xE0, 0xFF, 0x55, 0xA1, 0x22,
 0x90, 0x02, 0x13, 0xE0, 0xFF, 0xE5, 0x9C, 0xF4, 0xFE, 0xEF, 0x5E, 0x22, 0xE5, 0x76, 0x55, 0x9C,
 0x60, 0x24, 0x12, 0x8F, 0x4E, 0x64, 0x06, 0x60, 0x1D, 0x12, 0x8F, 0x4E, 0x64, 0x02, 0x60, 0x16,
 0x12, 0x8F, 0x4E, 0x64, 0x08, 0x60, 0x0F, 0xB1, 0x0F, 0xE6, 0xD3, 0x94, 0x22, 0x40, 0x07, 0xB1,
 0xF9, 0x76, 0x06, 0x02, 0x1A, 0x52, 0xE5, 0x76, 0x55, 0x9C, 0x60, 0x04, 0xE5, 0xA1, 0x42, 0x10,
 0x12, 0x0F, 0x3D, 0x7D, 0x08, 0xE4, 0xFF, 0x12, 0x88, 0x15, 0x90, 0x03, 0x25, 0xF1, 0xA3, 0xF0,
 0x85, 0x9C, 0xAC, 0x12, 0x19, 0x94, 0xE5, 0x9C, 0x42, 0x1B, 0x12, 0x88, 0x0C, 0x12, 0x0F, 0xC5,
 0x12, 0x88, 0x0C, 0x12, 0x0F, 0xC5, 0x12, 0x85, 0x1B, 0x76, 0x05, 0x22, 0x7B, 0x81, 0x7A, 0x02,
 0x7D, 0x0B, 0xAF, 0xF4, 0x22, 0x90, 0x02, 0xD5, 0xEF, 0xF0, 0xA3, 0xED, 0xF0, 0x78, 0x6E, 0xE6,
 0xFF, 0x55, 0x9C, 0x60, 0x26, 0xE5, 0x9C, 0xF4, 0x5F, 0xF6, 0xE5, 0x76, 0x55, 0x9C, 0x60, 0x10,
 0xF1, 0xC3, 0xE0, 0xFF, 0xC4, 0x54, 0x0F, 0xC3, 0x94, 0x08, 0x40, 0x04, 0xE5, 0xA1, 0x42, 0x10,
 0x12, 0x00, 0xB6, 0x12, 0x45, 0xA0, 0x12, 0x0D, 0x24, 0x80, 0x7D, 0x85, 0x9C, 0xAC, 0x85, 0x9C,
 0xA7, 0xE5, 0x9C, 0xF4, 0x52, 0x08, 0x12, 0x87, 0xA0, 0xF0, 0x12, 0xB8, 0x51, 0x90, 0x05, 0xD8,
 0x12, 0x87, 0xA3, 0xF0, 0x12, 0x1A, 0x52, 0x12, 0x45, 0x70, 0x12, 0x19, 0x94, 0x90, 0x05, 0xCE,
 0xE0, 0x55, 0x9C, 0xF0, 0x90, 0x05, 0xCF, 0xE0, 0x55, 0x9C, 0x12, 0x86, 0xC9, 0x34, 0x06, 0xF5,
 0x83, 0x12, 0xB7, 0x7F, 0xFE, 0x4F, 0xFF, 0xAD, 0x94, 0x74, 0xA8, 0x2D, 0x12, 0x86, 0xAE, 0xEF,
 0xF0, 0xEE, 0xB4, 0x08, 0x13, 0xE5, 0x76, 0x55, 0x9C, 0x60, 0x0D, 0x12, 0x86, 0xA8, 0x12, 0xB7,
 0x7F, 0x4F, 0xFF, 0x12, 0x86, 0xA8, 0xEF, 0xF0, 0x90, 0x06, 0x10, 0x12, 0x86, 0xB9, 0x90, 0x02,
 0xD6, 0xE0, 0x64, 0x10, 0x60, 0x06, 0x85, 0x9C, 0xA5, 0x12, 0x86, 0xB6, 0x85, 0x9C, 0xA3, 0x85,
 0x9C, 0xA4, 0x90, 0x06, 0xAE, 0xE5, 0x96, 0xF0, 0x12, 0xA5, 0x5D, 0xE4, 0xF0, 0x12, 0xA5, 0x19,
 0x12, 0xA5, 0x02, 0xF1, 0xC3, 0xE4, 0x12, 0xA5, 0x3D, 0x34, 0x06, 0xF5, 0x83, 0x74, 0xFF, 0xF0,
 0xE5, 0xCE, 0x54, 0x03, 0x24, 0x1E, 0xF5, 0x82, 0xE4, 0x34, 0x06, 0xF5, 0x83, 0xE0, 0xB4, 0xFF,
 0x08, 0x12, 0xA5, 0x51, 0xF5, 0x83, 0x74, 0xFF, 0xF0, 0x12, 0x85, 0xF9, 0xE4, 0xF6, 0x12, 0x1F,
 0xDA, 0x12, 0x1D, 0x33, 0x90, 0x05, 0xCF, 0x12, 0x87, 0xA3, 0xF0, 0xE5, 0x9C, 0xF4, 0x78, 0x6F,
 0x56, 0xF6, 0xE5, 0x76, 0x55, 0x9C, 0x60, 0x23, 0x12, 0x85, 0x0F, 0xE6, 0xC3, 0x94, 0x0A, 0x50,
 0x07, 0xE5, 0x9C, 0x45, 0x9C, 0xF4, 0x52, 0x76, 0xF1, 0x4E, 0xC3, 0x94, 0x08, 0x40, 0x0C, 0xAF,
 0xCE, 0x74, 0x43, 0x2F, 0xF8, 0x76, 0x01, 0xE5, 0xA1, 0x42, 0x10, 0xAF, 0x91, 0xEF, 0x12, 0xB8,
 0x59, 0x12, 0x02, 0x5A, 0x00, 0x00, 0x00, 0x00, 0xE5, 0x94, 0xD3, 0x94, 0x01, 0x40, 0x12, 0x12,
 0x85, 0x0F, 0xE6, 0xC3, 0x94, 0x22, 0x50, 0x19, 0x90, 0x06, 0x2D, 0xE0, 0x54, 0x55, 0xF0, 0x80,
 0x10, 0x12, 0x85, 0x0F, 0xE6, 0xC3, 0x94, 0x22, 0x50, 0x07, 0x90, 0x06, 0x2D, 0xE0, 0x54, 0xAA,
 0xF0, 0xF1, 0x47, 0xE4, 0xF6, 0x90, 0x06, 0x40, 0xE0, 0xFF, 0xE5, 0x95, 0x12, 0x85, 0x16, 0xE6,
 0xD3, 0x94, 0x01, 0x40, 0x4F, 0x90, 0x02, 0xD5, 0xE0, 0x70, 0x07, 0x78, 0x66, 0xE6, 0x55, 0x9C,
 0x60, 0x3D, 0x12, 0xB8, 0x08, 0x52, 0x11, 0x52, 0x12, 0x78, 0x66, 0x56, 0xF6, 0xE5, 0x93, 0xD3,
 0x94, 0x01, 0x40, 0x2B, 0xE5, 0xAE, 0x90, 0x02, 0xD7, 0x60, 0x07, 0xE4, 0xF0, 0xA3, 0x04, 0xF0,
 0x80, 0x07, 0x74, 0x0E, 0xF0, 0xA3, 0x74, 0x89, 0xF0, 0x90, 0x02, 0xD7, 0xE0, 0xFA, 0xA3, 0xE0,
 0xFB, 0x7D, 0x03, 0xAF, 0xF5, 0x12, 0x0F, 0xC5, 0x12, 0x85, 0x1B, 0xE4, 0xF6, 0x80, 0x05, 0x12,
 0x85, 0x1B, 0x76, 0x01, 0xE5, 0x93, 0xD3, 0x94, 0x01, 0x50, 0x0C, 0x7D, 0x03, 0xAF, 0xF5, 0x12,
 0x0C, 0xE8, 0x12, 0x85, 0x1B, 0x76, 0x01, 0x90, 0x00, 0xFC, 0xE0, 0x30, 0xE1, 0x16, 0x90, 0x00,
 0xDD, 0xE0, 0x54, 0x07, 0x60, 0x0E, 0x90, 0x00, 0x11, 0xE0, 0x30, 0xE7, 0x07, 0x90, 0x06, 0x14,
 0xE0, 0x45, 0x97, 0xF0, 0xE5, 0x9C, 0xF4, 0x52, 0x10, 0x90, 0x03, 0x25, 0xE0, 0x45, 0x9C, 0xF0,
 0xE5, 0x15, 0x55, 0x9C, 0x60, 0x20, 0x12, 0xB8, 0x08, 0xFF, 0x52, 0x15, 0x90, 0x03, 0x24, 0xE0,
 0xFE, 0x55, 0x9C, 0x60, 0x05, 0xEE, 0x5F, 0xF0, 0x80, 0x0C, 0x7D, 0x03, 0xAF, 0xF5, 0x12, 0x0C,
 0xE8, 0x12, 0x85, 0x1B, 0x76, 0x01, 0xAF, 0x94, 0x74, 0x51, 0x2F, 0x12, 0xA1, 0x0F, 0xE4, 0xF0,
 0x22, 0xF1, 0x47, 0xE6, 0xB4, 0x07, 0x00, 0x40, 0x02, 0xE1, 0x46, 0x90, 0x8A, 0x52, 0xF8, 0x28,
 0x28, 0x73, 0x02, 0x8A, 0x67, 0x02, 0x8A, 0x6C, 0x02, 0x8A, 0x92, 0x02, 0x8D, 0xBA, 0x02, 0x8E,
 0xDA, 0x02, 0x8F, 0x18, 0x02, 0x8D, 0xBA, 0x12, 0x26, 0x0E, 0xE1, 0x42, 0x90, 0x06, 0x92, 0xE5,
 0x95, 0xF0, 0x90, 0x06, 0x93, 0xE5, 0x95, 0xF0, 0x12, 0xB6, 0xF7, 0x78, 0xBB, 0xE6, 0x55, 0x9C,
 0x7D, 0x08, 0x7F, 0x02, 0x60, 0x05, 0x12, 0x25, 0x1B, 0x80, 0x03, 0x12, 0x26, 0xEB, 0xAF, 0x91,
 0xC1, 0xCC, 0x90, 0x06, 0x93, 0xE0, 0x55, 0x95, 0x70, 0x02, 0x81, 0xBE, 0x90, 0x06, 0x95, 0x74,
 0x03, 0xF0, 0xAF, 0x94, 0xEF, 0x25, 0xE0, 0x24, 0xB8, 0xF5, 0x82, 0xE4, 0x34, 0x06, 0xF5, 0x83,
 0xE0, 0x54, 0x3F, 0xF5, 0x72, 0xA3, 0xE0, 0xF5, 0x73, 0xFF, 0xAE, 0x72, 0x12, 0x24, 0x5C, 0xAD,
 0x91, 0xED, 0x25, 0xE0, 0x24, 0x4C, 0xF8, 0xEE, 0xF6, 0x08, 0xEF, 0xF6, 0x90, 0x06, 0x93, 0xE5,
 0x95, 0xF0, 0xE5, 0x95, 0xC3, 0x94, 0x04, 0x50, 0x05, 0x75, 0x77, 0x03, 0x80, 0x03, 0x75, 0x77,
 0x0C, 0xE5, 0x76, 0x55, 0x9C, 0x60, 0x08, 0x90, 0x06, 0x13, 0xE0, 0x55, 0x77, 0x70, 0x12, 0xE5,
 0x76, 0x55, 0x9C, 0x60, 0x02, 0x81, 0xB3, 0x90, 0x06, 0x13, 0xE0, 0x55, 0x95, 0x70, 0x02, 0x81,
 0xB3, 0x12, 0x85, 0xF9, 0xE6, 0xB4, 0x0B, 0x00, 0x40, 0x02, 0x81, 0xBE, 0x90, 0x8B, 0x13, 0xF8,
 0x28, 0x28, 0x73, 0x02, 0x8B, 0x34, 0x02, 0x8B, 0x39, 0x02, 0x8B, 0xC9, 0x02, 0x8B, 0xE8, 0x02,
 0x8B, 0xFD, 0x02, 0x8C, 0x45, 0x02, 0x8C, 0x81, 0x02, 0x8C, 0xB1, 0x02, 0x8B, 0x87, 0x02, 0x8B,
 0xA4, 0x02, 0x8B, 0xB4, 0x12, 0x85, 0xF9, 0x76, 0x01, 0x12, 0x7C, 0xF7, 0xEF, 0x64, 0x01, 0x60,
 0x02, 0x81, 0xBE, 0xE5, 0x76, 0x55, 0x9C, 0x60, 0x3C, 0x12, 0x85, 0x0F, 0xE6, 0xD3, 0x94, 0x22,
 0x40, 0x33, 0xF1, 0xC3, 0x12, 0xB7, 0x8B, 0x50, 0x1E, 0xF1, 0x4E, 0xC3, 0x94, 0x08, 0x40, 0x02,
 0x61, 0xE3, 0xF1, 0x4E, 0x60, 0x7D, 0xF1, 0x4E, 0x64, 0x02, 0x60, 0x77, 0xF1, 0x4E, 0x64, 0x06,
 0x60, 0x71, 0x12, 0x00, 0x0D, 0x80, 0x48, 0xF1, 0x4E, 0xB4, 0x01, 0x07, 0x12, 0x85, 0xF9, 0x76,
 0x02, 0x81, 0xBE, 0x80, 0x5E, 0x80, 0x5C, 0x85, 0x9C, 0xA4, 0x12, 0x5A, 0xEE, 0xEF, 0x60, 0x07,
 0x12, 0x85, 0xF9, 0x76, 0x09, 0x81, 0xBE, 0x12, 0x85, 0x0F, 0xE6, 0xC3, 0x94, 0x0A, 0x40, 0x02,
 0x81, 0xBE, 0x81, 0xAB, 0x12, 0x5A, 0xEE, 0xEF, 0xAF, 0x91, 0x60, 0x15, 0x74, 0x43, 0x2F, 0xF8,
 0x76, 0x0A, 0x81, 0xBE, 0x12, 0x5A, 0xEE, 0xEF, 0x60, 0x05, 0x12, 0x17, 0x48, 0x81, 0xBB, 0xAF,
 0x91, 0x74, 0x43, 0x2F, 0xF8, 0x76, 0x08, 0x81, 0xBE, 0x12, 0x85, 0x0F, 0xE6, 0xC3, 0x94, 0x0A,
 0x50, 0x02, 0x81, 0xAB, 0xF1, 0x4E, 0xB4, 0x01, 0x0A, 0x12, 0x7C, 0xBD, 0xEF, 0x60, 0x02, 0x81,
 0xBE, 0x81, 0xBB, 0x12, 0x5A, 0xBE, 0x81, 0xBE, 0x12, 0x1A, 0x52, 0xE5, 0xF2, 0x55, 0x9C, 0x60,
 0x02, 0x80, 0x1E, 0x12, 0x7C, 0xBD, 0xEF, 0x60, 0x02, 0x81, 0xBE, 0x81, 0x87, 0xE5, 0xF1, 0x55,
 0x9C, 0x60, 0x02, 0x80, 0x4E, 0x12, 0x7C, 0x83, 0xBF, 0x01, 0x10, 0xE5, 0xF2, 0x55, 0x9C, 0x60,
 0x03, 0x02, 0x87, 0xAC, 0x12, 0x85, 0xF9, 0x76, 0x05, 0x81, 0xBE, 0x12, 0x7C, 0xBD, 0xEF, 0x60,
 0x02, 0x81, 0xBE, 0xF1, 0xF1, 0x70, 0x0D, 0xE5, 0x9C, 0x4F, 0xF0, 0x90, 0x03, 0x32, 0x12, 0x87,
 0xA3, 0xF0, 0x81, 0xBE, 0x90, 0x03, 0x32, 0xE0, 0xFF, 0x55, 0x9C, 0x70, 0x06, 0xE5, 0x9C, 0x4F,
 0xF0, 0x80, 0x7B, 0x80, 0x0E, 0x12, 0x7C, 0xBD, 0xEF, 0x70, 0x1F, 0x90, 0x03, 0x32, 0xE0, 0x55,
 0x9C, 0x60, 0x05, 0x12, 0x5B, 0x15, 0x80, 0x66, 0xF1, 0xF1, 0x70, 0x05, 0xE5, 0x9C, 0x4F, 0x80,
 0x06, 0x90, 0x03, 0x32, 0xE0, 0x45, 0x9C, 0xF0, 0x80, 0x27, 0xE5, 0xF1, 0x55, 0x9C, 0x60, 0x4E,
 0x7D, 0x06, 0xAF, 0xF4, 0x12, 0x0C, 0xE8, 0x12, 0x1A, 0x52, 0x12, 0x85, 0xF9, 0x76, 0x03, 0x80,
 0x3D, 0x12, 0x7C, 0xBD, 0xEF, 0x70, 0x11, 0x7B, 0x2E, 0xFA, 0x7D, 0x06, 0xAF, 0xF4, 0x12, 0x0F,
 0xC5, 0x12, 0x85, 0xF9, 0x76, 0x04, 0x80, 0x26, 0xF1, 0x4E, 0xB4, 0x06, 0x05, 0x12, 0x87, 0xAC,
 0x80, 0x1C, 0x12, 0x85, 0x0F, 0xE6, 0xC3, 0x94, 0x0A, 0x50, 0x13, 0xE5, 0x9C, 0x42, 0x10, 0x80,
 0x0D, 0x80, 0x08, 0x12, 0x85, 0xF9, 0xE6, 0x64, 0x01, 0x60, 0x03, 0x12, 0x0F, 0x3D, 0x78, 0xBB,
 0xE6, 0xFF, 0x55, 0x9C, 0x60, 0x3F, 0xAE, 0x91, 0x74, 0x43, 0x2E, 0xF8, 0xE6, 0xC3, 0x94, 0x02,
 0x50, 0x56, 0xAE, 0x91, 0xEE, 0x25, 0xE0, 0x24, 0x4D, 0xF9, 0xD3, 0xE7, 0x94, 0x18, 0x19, 0xE7,
 0x94, 0x0D, 0x40, 0x44, 0xE5, 0x9C, 0xF4, 0x5F, 0x78, 0xBB, 0xF6, 0x12, 0x46, 0x74, 0xE5, 0x75,
 0x55, 0x9C, 0x60, 0x0A, 0x78, 0xBB, 0xE6, 0x55, 0xA1, 0x70, 0x03, 0x12, 0x47, 0x4C, 0xE5, 0x9C,
 0xF4, 0x52, 0xC7, 0x80, 0x1F, 0xAF, 0x91, 0xEF, 0x25, 0xE0, 0x24, 0x4D, 0xF9, 0xC3, 0xE7, 0x94,
 0xA8, 0x19, 0xE7, 0x94, 0x00, 0x50, 0x11, 0x78, 0xBB, 0xE6, 0x45, 0x9C, 0xF6, 0xE5, 0x9C, 0x42,
 0xC7, 0x12, 0x1D, 0x33, 0xF1, 0x47, 0x76, 0x01, 0xE5, 0xBC, 0x55, 0x9C, 0x70, 0x02, 0xE1, 0x46,
 0x12, 0xB7, 0xBB, 0x70, 0x03, 0xE5, 0x72, 0xF4, 0x70, 0x02, 0xE1, 0x46, 0x90, 0x06, 0x10, 0xE0,
 0x55, 0x96, 0x70, 0x17, 0xAF, 0x94, 0xEF, 0x12, 0xB5, 0xA5, 0xF1, 0x98, 0xD3, 0x94, 0x00, 0xEE,
 0x94, 0x20, 0x40, 0x07, 0x90, 0x06, 0x10, 0xE0, 0x45, 0x96, 0xF0, 0x90, 0x02, 0xE2, 0xE0, 0x55,
 0x9C, 0x70, 0x06, 0xE5, 0xD7, 0x55, 0x9C, 0x60, 0x32, 0x78, 0xBB, 0xE6, 0x55, 0x9C, 0x60, 0x13,
 0xF1, 0xB7, 0x12, 0xB7, 0x0A, 0x8F, 0x73, 0x12, 0x25, 0xC8, 0x7D, 0x08, 0x7F, 0x02, 0x12, 0x25,
 0x1B, 0x80, 0x0C, 0x12, 0x00, 0xB6, 0x7D, 0x08, 0x7F, 0x02, 0x12, 0x26, 0xEB, 0xF1, 0xB7, 0xF1,
 0x9F, 0xEE, 0xF0, 0xA3, 0xEF, 0xF0, 0xF1, 0x47, 0x76, 0x06, 0x22, 0x7F, 0x01, 0x12, 0x17, 0xA5,
 0xF1, 0xB7, 0x78, 0xBB, 0xE6, 0x55, 0x9C, 0x60, 0x05, 0x12, 0xB7, 0x0A, 0x8F, 0x73, 0xF1, 0x9F,
 0xEE, 0xF0, 0xA3, 0xEF, 0xF0, 0xF1, 0x47, 0x76, 0x03, 0x22, 0xF1, 0x47, 0xE6, 0xB4, 0x03, 0x03,
 0x12, 0x17, 0xE5, 0xF1, 0x57, 0xE0, 0xD3, 0x94, 0x00, 0x50, 0x02, 0xC1, 0x5F, 0xAF, 0x94, 0xEF,
 0xF1, 0xA9, 0xE0, 0xF5, 0x72, 0xA3, 0xE0, 0xF5, 0x73, 0xF1, 0x57, 0xE0, 0xFF, 0x90, 0x03, 0x00,
 0xE0, 0xFE, 0xEF, 0x6E, 0x70, 0x23, 0xAF, 0x91, 0xEF, 0x25, 0xE0, 0x24, 0x03, 0xF5, 0x82, 0xE4,
 0x34, 0x02, 0xF1, 0x98, 0xF1, 0x7C, 0x12, 0xA4, 0xFB, 0xFD, 0x12, 0xA0, 0x33, 0x90, 0x06, 0x50,
 0x12, 0xA5, 0x22, 0xF1, 0x56, 0xE4, 0xF0, 0xC1, 0xB7, 0xF1, 0x57, 0xE0, 0xD3, 0x94, 0x00, 0x50,
 0x02, 0xC1, 0xB7, 0xF1, 0x66, 0xE0, 0xFE, 0xA3, 0xE0, 0x25, 0x73, 0xF5, 0x73, 0xEE, 0x35, 0x72,
 0xF5, 0x72, 0xC3, 0x13, 0xF5, 0x72, 0xE5, 0x73, 0x13, 0xF1, 0x64, 0xF1, 0x75, 0xF0, 0xAF, 0x91,
 0xEF, 0xF1, 0x80, 0xF1, 0x98, 0xFF, 0xAD, 0x91, 0xED, 0xF1, 0x69, 0xE0, 0xFC, 0xA3, 0xE0, 0xD3,
 0x9F, 0xEC, 0x9E, 0x40, 0x0F, 0xF1, 0x66, 0xE0, 0xFE, 0xA3, 0xE0, 0xF1, 0x7C, 0xF1, 0xE9, 0x12,
 0x46, 0x7E, 0xF1, 0xDD, 0xF1, 0x66, 0xF1, 0x75, 0xF1, 0x56, 0xE0, 0x04, 0xF0, 0x80, 0x58, 0xF1,
 0xD0, 0xE0, 0xFF, 0x90, 0x03, 0x27, 0xE0, 0xFE, 0xEF, 0x6E, 0x70, 0x10, 0xE5, 0x0D, 0x64, 0x01,
 0x60, 0x0A, 0x90, 0x06, 0x1C, 0xE0, 0x55, 0x96, 0x60, 0x02, 0x80, 0x0D, 0x90, 0x06, 0x50, 0xE0,
 0x55, 0x96, 0x60, 0x30, 0xF1, 0x57, 0xE0, 0x70, 0x2B, 0xF1, 0x57, 0x74, 0x01, 0xF0, 0xAF, 0x94,
 0xEF, 0xF1, 0xA9, 0xE0, 0xF5, 0x72, 0xA3, 0xE0, 0xF1, 0x64, 0xF1, 0x75, 0xF0, 0xAF, 0x91, 0xEF,
 0xF1, 0x80, 0xF5, 0x83, 0xF1, 0x75, 0xF0, 0xAF, 0x94, 0xEF, 0x12, 0xB5, 0xA5, 0xF1, 0x98, 0xFF,
 0xF1, 0xDD, 0x80, 0x03, 0xF1, 0x57, 0xE0, 0xF1, 0xD0, 0xE0, 0xC3, 0x94, 0x64, 0x50, 0x05, 0xF1,
 0xD0, 0xE0, 0x04, 0xF0, 0xF1, 0x47, 0xE6, 0xAF, 0x91, 0xB4, 0x06, 0x07, 0x74, 0x5E, 0x2F, 0xF8,
 0x76, 0x02, 0x22, 0x74, 0x5E, 0x2F, 0xF8, 0x76, 0x04, 0x22, 0x12, 0x46, 0x7E, 0x8E, 0x72, 0x8F,
 0x73, 0x12, 0xA5, 0x3E, 0x34, 0x06, 0xF5, 0x83, 0xE0, 0xFF, 0xAD, 0x73, 0xAC, 0x72, 0x12, 0x47,
 0xD8, 0x8E, 0x72, 0x8F, 0x73, 0x12, 0x64, 0x33, 0x85, 0xF6, 0xC1, 0xE5, 0x94, 0x30, 0xE0, 0x13,
 0xE5, 0x75, 0x55, 0x9C, 0x60, 0x0D, 0x12, 0x64, 0x8A, 0x8E, 0xCC, 0x8F, 0xCB, 0xE5, 0xBA, 0x24,
 0x20, 0xF5, 0xC1, 0xF1, 0x47, 0x76, 0x05, 0x22, 0x12, 0xB7, 0xBB, 0x70, 0x03, 0xE5, 0x72, 0xF4,
 0x70, 0x07, 0xE5, 0xD7, 0x55, 0x9C, 0x70, 0x08, 0x22, 0xAF, 0x73, 0xAE, 0x72, 0x12, 0x4B, 0xDB,
 0x12, 0x26, 0x0E, 0x12, 0x85, 0xF9, 0xE6, 0x64, 0x01, 0x60, 0x07, 0x90, 0x02, 0xE2, 0xE0, 0x45,
 0x9C, 0xF0, 0xF1, 0x47, 0x76, 0x01, 0x22, 0xAF, 0x91, 0x74, 0x5E, 0x2F, 0xF8, 0x22, 0xAF, 0xCE,
 0x74, 0x43, 0x2F, 0xF8, 0xE6, 0x22, 0xF0, 0xAF, 0x91, 0x74, 0x3E, 0x2F, 0xF5, 0x82, 0xE4, 0x34,
 0x02, 0xF5, 0x83, 0x22, 0xF5, 0x73, 0xAF, 0x91, 0xEF, 0x25, 0xE0, 0x24, 0x1C, 0xF5, 0x82, 0xE4,
 0x34, 0x02, 0xF5, 0x83, 0x22, 0xE5, 0x72, 0xF0, 0xA3, 0xE5, 0x73, 0x22, 0xFF, 0xAD, 0x91, 0xED,
 0x25, 0xE0, 0x24, 0x2C, 0xF5, 0x82, 0xE4, 0x34, 0x02, 0x22, 0xAF, 0x91, 0xEF, 0x75, 0xF0, 0x08,
 0xA4, 0x24, 0x55, 0xF5, 0x82, 0xE4, 0x34, 0x02, 0xF5, 0x83, 0xE0, 0xFE, 0xA3, 0xE0, 0x22, 0xAF,
 0x73, 0xAE, 0x72, 0x12, 0x00, 0x55, 0xAD, 0x94, 0xED, 0x25, 0xE0, 0x25, 0xE0, 0x24, 0x30, 0xF5,
 0x82, 0xE4, 0x34, 0x06, 0xF5, 0x83, 0x22, 0xAF, 0x73, 0xAE, 0x72, 0x12, 0x24, 0x5C, 0x8E, 0x72,
 0x8F, 0x73, 0x22, 0xAF, 0x94, 0x74, 0x4C, 0x2F, 0xF5, 0x82, 0xE4, 0x34, 0x06, 0xF5, 0x83, 0x22,
 0xAF, 0x91, 0x74, 0xF8, 0x2F, 0xF5, 0x82, 0xE4, 0x34, 0x05, 0xF5, 0x83, 0x22, 0xAD, 0x91, 0xED,
 0x25, 0xE0, 0x24, 0x03, 0xF5, 0x82, 0xE4, 0x34, 0x02, 0xF5, 0x83, 0xEE, 0xF0, 0xA3, 0xEF, 0xF0,
 0x22, 0x90, 0x03, 0x22, 0xE0, 0xFF, 0x55, 0x9C, 0x22, 0xE5, 0x10, 0x55, 0x9C, 0x60, 0x07, 0xC2,
 0xAF, 0xE4, 0xFD, 0xFF, 0xC1, 0x29, 0xC2, 0xAF, 0x85, 0x93, 0x0D, 0xE5, 0x0D, 0x70, 0x03, 0x02,
 0xA0, 0x13, 0x12, 0x85, 0x1B, 0xE6, 0xC3, 0x94, 0x22, 0x40, 0x09, 0x12, 0x85, 0x1B, 0xE6, 0xD3,
 0x94, 0x24, 0x40, 0x0C, 0x12, 0x85, 0x1B, 0xE6, 0xB4, 0x01, 0x0E, 0xE5, 0x0D, 0xB4, 0x01, 0x09,
 0xD2, 0xAF, 0x12, 0x26, 0x21, 0xC2, 0xAF, 0x80, 0x0E, 0xE5, 0x0A, 0x55, 0x9C, 0x60, 0x08, 0xE5,
 0x9C, 0xF4, 0x52, 0x0A, 0x12, 0xB6, 0xF7, 0xE5, 0x0D, 0x64, 0x01, 0x70, 0x1B, 0xE5, 0x9C, 0xF4,
 0x52, 0x08, 0x12, 0x85, 0x1B, 0xE6, 0x70, 0x10, 0x7D, 0x03, 0xAF, 0xF5, 0x12, 0x0C, 0xE8, 0x90,
 0x03, 0x24, 0x12, 0x87, 0xA3, 0xF0, 0xA1, 0x45, 0x90, 0x00, 0x9F, 0xE0, 0x30, 0xE0, 0x15, 0x90,
 0x06, 0x15, 0xE0, 0x55, 0x96, 0x60, 0x0D, 0xE5, 0x9C, 0xF4, 0x52, 0x08, 0x90, 0x06, 0x0A, 0xE0,
 0x44, 0x02, 0xF0, 0x22, 0xE5, 0x16, 0x55, 0x9C, 0x60, 0x24, 0xE5, 0x9C, 0xF4, 0x52, 0x16, 0x12,
 0x85, 0x1B, 0xE6, 0xC3, 0x70, 0x01, 0xD3, 0x50, 0x03, 0x02, 0xA0, 0x13, 0x12, 0x85, 0x1B, 0xE6,
 0xC3, 0x94, 0x22, 0x40, 0x03, 0x02, 0xA0, 0x13, 0x12, 0x86, 0x2D, 0x02, 0x49, 0x22, 0x12, 0x85,
 0x1B, 0xE6, 0xB4, 0x2F, 0x00, 0x40, 0x03, 0x02, 0xA0, 0x13, 0x90, 0x90, 0xC1, 0xF8, 0x28, 0x28,
 0x73, 0x02, 0x91, 0x4E, 0x02, 0x91, 0x7E, 0x02, 0x94, 0x8F, 0x02, 0x94, 0xF9, 0x02, 0x95, 0x0E,
 0x02, 0x93, 0xCA, 0x02, 0x93, 0xE5, 0x02, 0x93, 0xF6, 0x02, 0x94, 0x5D, 0x02, 0x94, 0x77, 0x02,
 0x93, 0x42, 0x02, 0x98, 0xB6, 0x02, 0x99, 0x90, 0x02, 0x99, 0x9B, 0x02, 0x99, 0xA4, 0x02, 0x99,
 0xB9, 0x02, 0x99, 0xC7, 0x02, 0x99, 0xEC, 0x02, 0x9A, 0x11, 0x02, 0x9A, 0x26, 0x02, 0x9A, 0x34,
 0x02, 0xA0, 0x13, 0x02, 0xA0, 0x13, 0x02, 0x9C, 0x16, 0x02, 0xA0, 0x13, 0x02, 0x9D, 0xF3, 0x02,
 0x9D, 0xA7, 0x02, 0x9E, 0x65, 0x02, 0x93, 0x85, 0x02, 0x9C, 0xE0, 0x02, 0x9C, 0xE9, 0x02, 0x9E,
 0x09, 0x02, 0x9F, 0x80, 0x02, 0x95, 0x48, 0x02, 0x95, 0x8D, 0x02, 0x95, 0x8D, 0x02, 0x97, 0xCD,
 0x02, 0x95, 0x8D, 0x02, 0x97, 0xEA, 0x02, 0x96, 0xA4, 0x02, 0x96, 0xF1, 0x02, 0x97, 0x39, 0x02,
 0x98, 0x12, 0x02, 0x98, 0x22, 0x02, 0x98, 0xB3, 0x02, 0x98, 0xB3, 0x02, 0x9F, 0x6B, 0x12, 0xB7,
 0x48, 0xE4, 0xFB, 0xFA, 0x7D, 0x03, 0xAF, 0xF5, 0x12, 0x05, 0xF7, 0xEF, 0x60, 0x03, 0x02, 0xA0,
 0x13, 0x90, 0x03, 0x24, 0x12, 0x87, 0xA3, 0xF0, 0xE5, 0x76, 0x55, 0x9C, 0x60, 0x0E, 0x12, 0x85,
 0x0F, 0xE6, 0xC3, 0x94, 0x2C, 0x40, 0x05, 0xAF, 0x91, 0x02, 0x9C, 0x89, 0xA1, 0x45, 0xE5, 0x75,
 0x55, 0x9C, 0x60, 0x1A, 0xE5, 0x93, 0x65, 0xF3, 0x60, 0x03, 0x02, 0xA0, 0x13, 0xE5, 0x76, 0x55,
 0x9C, 0x60, 0x0B, 0x12, 0x85, 0x0F, 0xE6, 0x64, 0x05, 0x70, 0x03, 0x02, 0xA0, 0x13, 0xE5, 0x0D,
 0x64, 0x01, 0x60, 0x02, 0x41, 0x39, 0xE5, 0x9C, 0xF4, 0x52, 0x76, 0x90, 0x06, 0x14, 0xE0, 0xF5,
 0x0E, 0x55, 0x97, 0x90, 0x06, 0xAC, 0xF0, 0xE5, 0x92, 0x70, 0x0F, 0xE5, 0x0E, 0x55, 0x95, 0x12,
 0xB7, 0x78, 0xFF, 0xC4, 0x54, 0x0F, 0x42, 0x12, 0x80, 0x0A, 0xE5, 0x0E, 0x55, 0x95, 0xFF, 0x12,
 0xB7, 0x75, 0x42, 0x12, 0xE5, 0x75, 0x55, 0x9C, 0x60, 0x46, 0xE5, 0x11, 0x55, 0x9C, 0x60, 0x40,
 0x12, 0x85, 0x0F, 0xE6, 0x64, 0x0B, 0x70, 0x03, 0x02, 0xA0, 0x13, 0xE5, 0x11, 0x55, 0xA1, 0x70,
 0x25, 0x12, 0xA5, 0xFF, 0x80, 0x05, 0xC3, 0x33, 0xCE, 0x33, 0xCE, 0xD8, 0xF9, 0x12, 0xB7, 0x51,
 0x70, 0x14, 0xE5, 0x9C, 0x45, 0xA1, 0xF4, 0x52, 0x11, 0x12, 0xB6, 0x89, 0xFF, 0x12, 0x17, 0x67,
 0x12, 0x85, 0x1B, 0x76, 0x0A, 0x22, 0xE5, 0x94, 0x30, 0xE0, 0x03, 0x02, 0xA0, 0x13, 0x80, 0x06,
 0xE5, 0x11, 0x55, 0x9C, 0x60, 0x08, 0x12, 0x65, 0x9D, 0xE4, 0xFF, 0x02, 0x17, 0x67, 0xE5, 0x12,
 0x55, 0x9C, 0x70, 0x03, 0x02, 0xA0, 0x13, 0x61, 0x72, 0xE5, 0x0D, 0xC3, 0x94, 0x02, 0x50, 0x03,
 0x02, 0xA0, 0x13, 0xE5, 0x76, 0x55, 0x9C, 0x60, 0x19, 0x12, 0x85, 0x0F, 0xE6, 0xC3, 0x94, 0x2C,
 0x40, 0x10, 0xE5, 0x08, 0x55, 0x9C, 0x60, 0x02, 0x81, 0xAA, 0x12, 0x4D, 0x73, 0xEF, 0x60, 0x02,
 0x81, 0xAA, 0xE5, 0x76, 0x55, 0x9C, 0x60, 0x09, 0x12, 0x85, 0x0F, 0xE6, 0x70, 0x03, 0x02, 0x19,
 0x94, 0x90, 0x06, 0x14, 0xE0, 0xF5, 0x0E, 0xE5, 0x08, 0x55, 0x9C, 0x70, 0x0A, 0xE5, 0x9C, 0xF4,
 0x52, 0x11, 0xE5, 0x9C, 0xF4, 0x52, 0x12, 0xE5, 0x75, 0x55, 0x9C, 0x60, 0x14, 0xE5, 0x0D, 0x64,
 0x02, 0x60, 0x0E, 0xE5, 0x0D, 0x64, 0x03, 0x70, 0x59, 0xE5, 0x0E, 0x55, 0x97, 0x65, 0x97, 0x70,
 0x51, 0xE5, 0x75, 0x55, 0x9C, 0x60, 0x2D, 0x12, 0x85, 0x0F, 0xE6, 0xC3, 0x94, 0x0A, 0x50, 0x24,
 0xE5, 0x0E, 0x54, 0x03, 0xFF, 0xBF, 0x03, 0x07, 0xE5, 0x94, 0xC3, 0x94, 0x02, 0x40, 0x0F, 0xE5,
 0x0E, 0x54, 0x0C, 0x64, 0x0C, 0x70, 0x2B, 0xE5, 0x94, 0xD3, 0x94, 0x01, 0x40, 0x24, 0xE5, 0x92,
 0x70, 0x17, 0x80, 0x04, 0xE5, 0x92, 0x70, 0x11, 0xE5, 0x0E, 0x55, 0x95, 0x42, 0x11, 0xE5, 0x0E,
 0xC4, 0x54, 0x0F, 0x55, 0x95, 0x42, 0x12, 0x80, 0x09, 0xE5, 0x0E, 0x55, 0x95, 0x12, 0xB7, 0x75,
 0x42, 0x12, 0xE5, 0x11, 0x55, 0x9C, 0x70, 0x03, 0x02, 0xA0, 0x13, 0xE5, 0x1B, 0x55, 0x9C, 0x60,
 0x0C, 0x12, 0xB8, 0x39, 0x12, 0x05, 0xF7, 0xEF, 0x60, 0x03, 0x02, 0xA0, 0x13, 0x90, 0x03, 0x25,
 0xE0, 0xFF, 0x55, 0x9C, 0x60, 0x21, 0x12, 0x87, 0xA5, 0xF0, 0x90, 0x00, 0xD7, 0xE0, 0x30, 0xE5,
 0x04, 0x7B, 0x01, 0x80, 0x02, 0x7B, 0xB1, 0x7A, 0x00, 0x7D, 0x0C, 0xAF, 0xF4, 0x12, 0x0F, 0xC5,
 0x12, 0x85, 0x1B, 0x76, 0x02, 0x80, 0x08, 0x12, 0x65, 0x9D, 0xE4, 0xFF, 0x12, 0x17, 0x67, 0x02,
 0x45, 0x5B, 0x12, 0xA5, 0xF2, 0x70, 0x03, 0x02, 0xA0, 0x13, 0x12, 0x87, 0x80, 0x60, 0x07, 0x12,
 0x87, 0xA5, 0x12, 0x87, 0x78, 0xF0, 0xE5, 0x0D, 0xC3, 0x94, 0x02, 0x50, 0x03, 0x02, 0x99, 0x8A,
 0x12, 0xB6, 0x9E, 0x70, 0x18, 0x12, 0xB6, 0xEA, 0x60, 0x04, 0xE5, 0x9C, 0x42, 0x77, 0xE5, 0x77,
 0x60, 0x03, 0x02, 0x26, 0xAB, 0x7F, 0x04, 0x12, 0xB7, 0xFF, 0x02, 0x9D, 0xD4, 0xAF, 0x0E, 0x12,
 0xB7, 0xFF, 0x02, 0x4D, 0xF7, 0x12, 0xA0, 0x1B, 0x70, 0x03, 0x02, 0xA0, 0x13, 0x12, 0xB6, 0xD7,
 0x60, 0x07, 0xE5, 0x9C, 0xF4, 0x5F, 0xF6, 0x80, 0x26, 0xE5, 0x0D, 0xC3, 0x94, 0x02, 0x40, 0x1F,
 0x12, 0xA0, 0x22, 0x64, 0x04, 0x70, 0x18, 0xE5, 0x74, 0x55, 0x9C, 0x60, 0x12, 0x12, 0x8F, 0xC3,
 0xE0, 0xFF, 0xC4, 0x54, 0x0F, 0x60, 0x03, 0x02, 0x9F, 0xD9, 0x7F, 0x03, 0x12, 0x21, 0xD7, 0x12,
 0xA0, 0x2A, 0xB4, 0x01, 0x02, 0xA1, 0x45, 0x02, 0x9D, 0xD4, 0xE5, 0xF1, 0x55, 0x9C, 0x70, 0x03,
 0x02, 0xA0, 0x13, 0x7D, 0x09, 0xAF, 0xF4, 0x12, 0x0C, 0xE8, 0x7F, 0xB0, 0x12, 0x16, 0x1F, 0x12,
 0x85, 0x1B, 0x76, 0x06, 0x22, 0x7F, 0x02, 0x12, 0x0B, 0x3C, 0xEF, 0x60, 0x03, 0x02, 0xA0, 0x13,
 0x12, 0x85, 0x1B, 0x76, 0x07, 0x22, 0x12, 0xB6, 0x92, 0xF4, 0x70, 0x02, 0xEE, 0xF4, 0x70, 0x03,
 0x02, 0xA0, 0x13, 0x12, 0xB5, 0xB1, 0x12, 0x16, 0x7F, 0x12, 0xB6, 0x95, 0xD3, 0x94, 0xAB, 0xEE,
 0x94, 0x02, 0x40, 0x1C, 0x78, 0x4B, 0xE6, 0x55, 0x9C, 0x90, 0x05, 0xD5, 0x60, 0x09, 0x74, 0x0A,
 0xF0, 0xA3, 0x74, 0xD9, 0xF0, 0x80, 0x20, 0x74, 0x0B, 0xF0, 0xA3, 0x74, 0xEF, 0xF0, 0x80, 0x17,
 0x78, 0xBC, 0xE6, 0x55, 0x9C, 0x90, 0x05, 0xD5, 0x60, 0x08, 0xE4, 0xF0, 0xA3, 0x74, 0xBA, 0xF0,
 0x80, 0x05, 0xE4, 0xF0, 0xA3, 0x04, 0xF0, 0x90, 0x05, 0xD5, 0xE0, 0xFA, 0xA3, 0xE0, 0xFB, 0x7D,
 0x04, 0xAF, 0xF4, 0x12, 0x0F, 0xC5, 0xE5, 0x9C, 0x42, 0x1B, 0x02, 0x9C, 0xDD, 0xE5, 0xF2, 0x55,
 0x9C, 0x70, 0x03, 0x02, 0xA0, 0x13, 0x7B, 0xD3, 0x7A, 0x0E, 0x7D, 0x13, 0xAF, 0xF5, 0x12, 0x0F,
 0xC5, 0x12, 0x85, 0x1B, 0x76, 0x09, 0x22, 0xE5, 0xF2, 0x55, 0x9C, 0x70, 0x03, 0x02, 0xA0, 0x13,
 0x7D, 0x13, 0xAF, 0xF5, 0x12, 0x0C, 0xE8, 0xE5, 0x9C, 0xF4, 0x52, 0x1B, 0x02, 0x9C, 0xDD, 0xE5,
 0x76, 0x55, 0x9C, 0x60, 0x4E, 0x12, 0x85, 0x0F, 0xE6, 0xC3, 0x94, 0x2C, 0x40, 0x45, 0xE5, 0x08,
 0x55, 0x9C, 0x70, 0x06, 0x12, 0x4D, 0x73, 0xEF, 0x60, 0x39, 0xE5, 0x9C, 0xF4, 0x52, 0x08, 0x12,
 0xB7, 0xA9, 0x12, 0x8F, 0xC8, 0xE0, 0xC4, 0x54, 0x0F, 0xFF, 0x12, 0x18, 0x40, 0x12, 0xB6, 0x79,
 0x12, 0x87, 0x88, 0x12, 0xB6, 0x7F, 0xEF, 0xF0, 0x7B, 0x0A, 0x7A, 0x00, 0x7D, 0x02, 0xAF, 0xF4,
 0x12, 0x0F, 0xC5, 0x12, 0x86, 0xC3, 0x34, 0x06, 0xF5, 0x83, 0xE0, 0x44, 0x01, 0x12, 0x85, 0x1A,
 0x76, 0x26, 0x22, 0xE5, 0xF1, 0x55, 0x9C, 0x70, 0x03, 0x02, 0xA0, 0x13, 0x7D, 0x0C, 0xAF, 0xF4,
 0x12, 0x0C, 0xE8, 0x12, 0x85, 0x1B, 0x76, 0x03, 0x22, 0x7F, 0xB0, 0x12, 0x16, 0x1F, 0x7F, 0x02,
 0x12, 0xA4, 0xCE, 0x70, 0x03, 0x02, 0xA0, 0x13, 0x12, 0x85, 0x1B, 0x76, 0x04, 0x22, 0x12, 0xB6,
 0x92, 0xF4, 0x70, 0x02, 0xEE, 0xF4, 0x70, 0x03, 0x02, 0xA0, 0x13, 0x78, 0x67, 0xE6, 0xFF, 0x12,
 0x17, 0x35, 0x12, 0xB5, 0xB1, 0x12, 0x16, 0x7F, 0x12, 0xB6, 0x95, 0xD3, 0x94, 0xAB, 0xEE, 0x94,
 0x02, 0x40, 0x12, 0xE5, 0x9C, 0x42, 0x1B, 0x7B, 0xBE, 0x7A, 0x01, 0x7D, 0x0B, 0xAF, 0xF4, 0x12,
 0x0F, 0xC5, 0x02, 0x9F, 0xFC, 0x02, 0x9C, 0xDD, 0x12, 0x85, 0x0F, 0xE6, 0xB4, 0x01, 0x03, 0x02,
 0x9C, 0xDD, 0xE5, 0x08, 0x55, 0x9C, 0x70, 0x03, 0x02, 0xA0, 0x13, 0xE5, 0x9C, 0xF4, 0x52, 0x11,
 0x12, 0xB6, 0x79, 0x12, 0x87, 0x88, 0x12, 0xB6, 0x7F, 0xEF, 0x12, 0xB7, 0xA8, 0x12, 0x8F, 0xC8,
 0xE0, 0x54, 0xF0, 0xFF, 0xAE, 0x94, 0x74, 0x4C, 0x2E, 0x12, 0x8F, 0xC8, 0xE0, 0x54, 0x0F, 0x4F,
 0x12, 0x86, 0xC9, 0x34, 0x06, 0xF5, 0x83, 0x74, 0x41, 0xF0, 0x02, 0x98, 0x0C, 0xE5, 0xF1, 0x55,
 0x9C, 0x70, 0x03, 0x02, 0xA0, 0x13, 0xE4, 0xFD, 0xAF, 0xF4, 0x12, 0x0C, 0xE8, 0xE4, 0xFD, 0xAF,
 0xF5, 0x12, 0x0C, 0xE8, 0xAF, 0x91, 0x74, 0xCE, 0x2F, 0xF8, 0xE4, 0xF6, 0xAF, 0xBA, 0x74, 0xD6,
 0x2F, 0xF8, 0xE4, 0xF6, 0xAF, 0x94, 0xEF, 0x12, 0xB7, 0x5A, 0xE0, 0x20, 0xE6, 0x6E, 0xE5, 0x76,
 0x55, 0x9C, 0x60, 0x09, 0x12, 0x85, 0x0F, 0xE6, 0xD3, 0x94, 0x27, 0x50, 0x5F, 0x85, 0x9C, 0xAC,
 0xE5, 0x76, 0x55, 0x9C, 0x60, 0x4C, 0x85, 0x91, 0x14, 0x85, 0xCE, 0x91, 0x90, 0x06, 0x04, 0xE0,
 0xF5, 0x0E, 0xE4, 0xFD, 0x7F, 0x02, 0x12, 0x88, 0x15, 0x90, 0x06, 0x04, 0xE0, 0x45, 0x0E, 0xF0,
 0x85, 0x14, 0x91, 0xAF, 0x94, 0x74, 0x0C, 0x2F, 0xF9, 0xE4, 0x34, 0x06, 0xFA, 0x7B, 0x01, 0xE9,
 0xC0, 0xE0, 0xE5, 0xCE, 0x54, 0x03, 0x7E, 0x00, 0x24, 0x0C, 0xF9, 0xEE, 0x34, 0x06, 0xC8, 0xE9,
 0xC8, 0xFC, 0x7D, 0x01, 0xD0, 0xE0, 0xF9, 0x7F, 0x01, 0x12, 0x01, 0x96, 0x78, 0x66, 0xE6, 0x45,
 0xA1, 0xF6, 0x12, 0x5A, 0x38, 0x7D, 0x10, 0x7F, 0x02, 0x02, 0x88, 0x15, 0x7F, 0x80, 0x12, 0x16,
 0x1F, 0x12, 0xB6, 0xAE, 0x76, 0x00, 0x08, 0x76, 0xBE, 0xE5, 0x93, 0xD3, 0x94, 0x01, 0x40, 0x26,
 0x12, 0x4B, 0x78, 0xEF, 0x70, 0x3A, 0x12, 0x49, 0xDB, 0x8F, 0x0E, 0xE5, 0x0E, 0xD3, 0x94, 0x1F,
 0x40, 0x0A, 0x90, 0x06, 0xAF, 0xE5, 0x96, 0xF0, 0xAF, 0x92, 0x80, 0x14, 0x90, 0x06, 0xAE, 0xE5,
 0x96, 0xF0, 0xAF, 0x92, 0x80, 0x13, 0x90, 0x06, 0x40, 0xE0, 0x55, 0x96, 0xAF, 0x92, 0x60, 0x09,
 0x12, 0xB7, 0xB0, 0xE0, 0x45, 0x96, 0xF0, 0x80, 0x07, 0x12, 0xB7, 0xB0, 0x12, 0xA5, 0x22, 0xF0,
 0x90, 0x06, 0x40, 0xE0, 0x55, 0x96, 0x78, 0x67, 0x60, 0x07, 0xE6, 0x44, 0xD3, 0xF5, 0x77, 0x80,
 0x05, 0xE6, 0x44, 0x43, 0xF5, 0x77, 0xAF, 0x77, 0x12, 0x17, 0x35, 0x12, 0x0D, 0x3C, 0x12, 0x85,
 0x1B, 0x76, 0x27, 0x22, 0x12, 0xB7, 0x68, 0x12, 0x8F, 0x98, 0x78, 0x02, 0xC3, 0x33, 0xCE, 0x33,
 0xCE, 0xD8, 0xF9, 0xFF, 0xE4, 0xFC, 0xFD, 0xAB, 0x91, 0xEB, 0x12, 0xB8, 0x59, 0x12, 0x02, 0x42,
 0x12, 0x8F, 0xD0, 0xE4, 0x12, 0x8F, 0x56, 0xE4, 0xF0, 0xE5, 0xAE, 0x90, 0x03, 0x27, 0x60, 0x0B,
 0x74, 0x01, 0xF0, 0x90, 0x03, 0x00, 0x74, 0x05, 0xF0, 0x80, 0x08, 0x74, 0x0F, 0xF0, 0x90, 0x03,
 0x00, 0x04, 0xF0, 0x12, 0xB8, 0x51, 0xE5, 0x9C, 0xF4, 0x52, 0xC7, 0x12, 0x85, 0x1B, 0x76, 0x28,
 0x22, 0x90, 0x02, 0xE2, 0x12, 0x87, 0xA3, 0x12, 0xA5, 0x3D, 0x34, 0x06, 0xF5, 0x83, 0xE0, 0xF5,
 0x0E, 0x12, 0x46, 0x7E, 0x90, 0x05, 0xD5, 0xEE, 0xF0, 0xFC, 0xA3, 0xEF, 0xF0, 0xFD, 0xAF, 0x0E,
 0x12, 0x47, 0xD8, 0x12, 0xB6, 0x95, 0x12, 0x64, 0x33, 0xE4, 0xFD, 0xAF, 0xF6, 0x12, 0x0C, 0xE8,
 0x12, 0x47, 0x30, 0xCA, 0xEE, 0xCA, 0xCB, 0xEF, 0xCB, 0x7D, 0x08, 0xAF, 0xF6, 0x12, 0x0D, 0x52,
 0x12, 0x8A, 0x41, 0x12, 0x85, 0x1B, 0x76, 0x29, 0x22, 0x12, 0x8A, 0x41, 0xE5, 0x76, 0x55, 0x9C,
 0x60, 0x54, 0xE5, 0x0D, 0xB4, 0x03, 0x13, 0xE5, 0x94, 0xD3, 0x94, 0x01, 0x90, 0x06, 0x2D, 0xE0,
 0x40, 0x05, 0x44, 0xA0, 0xF0, 0x80, 0x03, 0x44, 0x50, 0xF0, 0xE5, 0x0D, 0x64, 0x01, 0x60, 0x19,
 0x12, 0x7C, 0x75, 0x8F, 0x0E, 0x12, 0x8F, 0xC3, 0x12, 0xB7, 0x8B, 0x90, 0x06, 0x2D, 0xE0, 0x50,
 0x05, 0x12, 0xB7, 0x28, 0x80, 0x03, 0x45, 0x0E, 0xF0, 0x12, 0x85, 0x0F, 0xE6, 0xC3, 0x94, 0x24,
 0x40, 0x39, 0xE5, 0x94, 0xD3, 0x94, 0x01, 0x40, 0x05, 0x75, 0x0E, 0x08, 0x80, 0x03, 0x75, 0x0E,
 0x04, 0x12, 0xB8, 0x49, 0x80, 0x14, 0xE5, 0x75, 0x55, 0x9C, 0x60, 0x13, 0xE5, 0x0D, 0x64, 0x01,
 0x60, 0x08, 0x12, 0x7C, 0x75, 0x8F, 0x0E, 0x12, 0xB8, 0x49, 0x12, 0x47, 0x4C, 0x80, 0x0C, 0xE5,
 0x0D, 0x64, 0x01, 0x60, 0x06, 0x90, 0x06, 0x2D, 0x12, 0xB7, 0x27, 0x12, 0x8F, 0x47, 0xE4, 0xF6,
 0x90, 0x06, 0x50, 0xE0, 0xFF, 0xE5, 0x96, 0x12, 0x85, 0x16, 0x76, 0x2A, 0x22, 0x12, 0x85, 0x0F,
 0xE6, 0xC3, 0x94, 0x2A, 0x50, 0x03, 0x02, 0xA0, 0x13, 0x75, 0x78, 0x00, 0x75, 0x79, 0x01, 0xAB,
 0x79, 0xAA, 0x78, 0x7D, 0x02, 0xAF, 0xF4, 0x12, 0x0F, 0xC5, 0x85, 0x9C, 0xA3, 0x12, 0x00, 0xB6,
 0x7F, 0x80, 0x12, 0x16, 0x1F, 0x78, 0x67, 0xE6, 0x44, 0x42, 0xFF, 0x12, 0x17, 0x35, 0x12, 0x86,
 0xC3, 0x34, 0x06, 0xF5, 0x83, 0xE0, 0x44, 0x01, 0xF0, 0x12, 0x0D, 0x24, 0x12, 0x85, 0x1B, 0x76,
 0x25, 0x22, 0x7F, 0x03, 0x12, 0x0B, 0x3C, 0xBF, 0x01, 0x02, 0x01, 0xB3, 0x12, 0x85, 0x1B, 0x76,
 0x2B, 0x22, 0x12, 0xB6, 0x92, 0xF4, 0x70, 0x02, 0xEE, 0xF4, 0x70, 0x03, 0x02, 0xA0, 0x13, 0x12,
 0xB7, 0xE4, 0x12, 0x44, 0x94, 0x12, 0xB6, 0x95, 0xC3, 0x94, 0xD1, 0xEE, 0x94, 0x06, 0x50, 0x6A,
 0xE5, 0x76, 0x55, 0x9C, 0x60, 0x59, 0x90, 0x05, 0xD8, 0xE0, 0xFF, 0x55, 0xA1, 0x60, 0x1C, 0xAE,
 0x94, 0x74, 0xA8, 0x2E, 0x12, 0x86, 0xAE, 0xE0, 0x44, 0x82, 0xF0, 0x12, 0x86, 0xA8, 0xE0, 0x44,
 0x02, 0xF0, 0x12, 0xB7, 0xF6, 0x90, 0x05, 0xD8, 0xF0, 0x80, 0x3F, 0xE5, 0x74, 0x45, 0x08, 0x55,
 0xA1, 0xAF, 0x94, 0x70, 0x16, 0x12, 0x86, 0xCC, 0x34, 0x06, 0xF5, 0x83, 0xE0, 0x44, 0x82, 0xF0,
 0x90, 0x05, 0xD8, 0xE0, 0xFF, 0x12, 0xB7, 0xF6, 0xF0, 0x80, 0x1F, 0x12, 0x86, 0xCC, 0x34, 0x06,
 0xF5, 0x83, 0xE0, 0x44, 0x80, 0xF0, 0x90, 0x05, 0xD8, 0xE0, 0x45, 0x9C, 0xF0, 0x80, 0x0B, 0x12,
 0x86, 0xCA, 0x34, 0x06, 0xF5, 0x83, 0xE0, 0x44, 0x82, 0xF0, 0x12, 0xB7, 0x48, 0x12, 0x85, 0x1B,
 0x76, 0x2C, 0x22, 0x02, 0x8A, 0x41, 0xE5, 0x93, 0x65, 0xF3, 0x60, 0x02, 0x81, 0xDD, 0x12, 0xA5,
 0xF2, 0x70, 0x03, 0x02, 0xA0, 0x13, 0xE5, 0x0D, 0xC3, 0x94, 0x02, 0x50, 0x08, 0xE5, 0x75, 0x55,
 0x9C, 0x70, 0x02, 0x21, 0x8A, 0x12, 0xB6, 0x9E, 0x70, 0x42, 0xE5, 0x76, 0x55, 0x9C, 0x70, 0x15,
 0x12, 0x85, 0x0F, 0xE6, 0xD3, 0x94, 0x22, 0x40, 0x0C, 0x90, 0x05, 0xCF, 0x12, 0x87, 0xA3, 0x12,
 0x87, 0x78, 0xF0, 0xA1, 0xCB, 0xE5, 0x0D, 0x64, 0x01, 0x70, 0x1B, 0xE5, 0x11, 0x55, 0xA1, 0x70,
 0x10, 0x90, 0x05, 0xCF, 0x12, 0x87, 0xA3, 0x12, 0x87, 0x78, 0x12, 0x85, 0x1A, 0x76, 0x01, 0xE1,
 0x67, 0x12, 0x85, 0x0F, 0x76, 0x15, 0x12, 0x85, 0x1B, 0x76, 0x0C, 0x22, 0x90, 0x06, 0x17, 0xE0,
 0x30, 0xE0, 0x33, 0xE5, 0x0D, 0x64, 0x02, 0x70, 0x2D, 0xAF, 0x0E, 0x12, 0x86, 0xD3, 0xE5, 0x0E,
 0x64, 0x06, 0x70, 0x43, 0x90, 0x06, 0x1C, 0x12, 0xB6, 0xC1, 0x74, 0x10, 0xC8, 0xEE, 0xC8, 0x08,
 0x80, 0x02, 0xC3, 0x33, 0xD8, 0xFC, 0x12, 0xB7, 0xED, 0x12, 0xB6, 0x79, 0xE0, 0x64, 0x06, 0x70,
 0x26, 0x12, 0x23, 0x42, 0x80, 0x21, 0x12, 0xB8, 0x41, 0xB4, 0x06, 0x1B, 0x12, 0xB6, 0x79, 0x74,
 0x06, 0xF0, 0x90, 0x06, 0x1C, 0x12, 0xB6, 0xC1, 0x74, 0x10, 0xC8, 0xEE, 0xC8, 0x08, 0x80, 0x02,
 0xC3, 0x33, 0xD8, 0xFC, 0x12, 0xB7, 0xED, 0xE5, 0x9C, 0xF4, 0x52, 0x08, 0x12, 0x4D, 0xF7, 0xE5,
 0x76, 0x55, 0x9C, 0x70, 0x03, 0x02, 0xA0, 0x13, 0xA1, 0xA2, 0x85, 0x9C, 0xAC, 0x02, 0xA0, 0x07,
 0x7F, 0x8C, 0x12, 0x16, 0x09, 0x12, 0x85, 0x1B, 0x76, 0x0D, 0x22, 0x12, 0xA4, 0xD8, 0x12, 0x85,
 0x1B, 0x76, 0x0E, 0x22, 0xE5, 0xF1, 0x55, 0x9C, 0x70, 0x03, 0x02, 0xA0, 0x13, 0x7D, 0x09, 0xAF,
 0xF4, 0x12, 0x0C, 0xE8, 0x12, 0x85, 0x1B, 0x76, 0x0F, 0x12, 0xA4, 0xCC, 0x70, 0x03, 0x02, 0xA0,
 0x13, 0x12, 0x85, 0x1B, 0x76, 0x10, 0x22, 0x12, 0xB6, 0x92, 0xF4, 0x70, 0x02, 0xEE, 0xF4, 0x70,
 0x03, 0x02, 0xA0, 0x13, 0x12, 0xB6, 0xC9, 0x40, 0x07, 0x7F, 0x06, 0x12, 0x22, 0x6F, 0x80, 0x73,
 0x12, 0xB7, 0xE4, 0xAD, 0x91, 0xED, 0x12, 0xA6, 0x10, 0x12, 0x8F, 0xE9, 0x78, 0x67, 0xE6, 0xFF,
 0xE5, 0xCE, 0x54, 0x03, 0x12, 0xB7, 0x5A, 0xEF, 0xF0, 0xE5, 0xCE, 0x54, 0x03, 0x12, 0xB7, 0x3A,
 0x74, 0x89, 0xF0, 0x12, 0xA4, 0xD8, 0x12, 0x85, 0x0F, 0x76, 0x15, 0x12, 0x85, 0x1B, 0x76, 0x12,
 0x22, 0xE5, 0xF1, 0x55, 0x9C, 0x70, 0x03, 0x02, 0xA0, 0x13, 0x7D, 0x09, 0xAF, 0xF4, 0x12, 0x0C,
 0xE8, 0x12, 0x85, 0x1B, 0x76, 0x13, 0x12, 0xA4, 0xCC, 0x70, 0x03, 0x02, 0xA0, 0x13, 0x12, 0x85,
 0x1B, 0x76, 0x14, 0x22, 0x12, 0xB6, 0x92, 0xF4, 0x70, 0x02, 0xEE, 0xF4, 0x70, 0x03, 0x02, 0xA0,
 0x13, 0x12, 0xB6, 0xC9, 0x40, 0x12, 0x7F, 0x06, 0x12, 0x22, 0x6F, 0x85, 0xA1, 0xAC, 0xE5, 0x9C,
 0xF4, 0x52, 0x08, 0x12, 0x87, 0xF0, 0xA1, 0xA2, 0x12, 0xA6, 0x0D, 0x12, 0x8F, 0x98, 0xFF, 0x90,
 0x05, 0xD5, 0xE0, 0xFC, 0xA3, 0xE0, 0xFD, 0xD3, 0x9F, 0xEC, 0x9E, 0x40, 0x10, 0x12, 0xA6, 0x0D,
 0x12, 0x8F, 0x98, 0xFF, 0xC3, 0x90, 0x05, 0xD5, 0x12, 0xA9, 0x86, 0x80, 0x07, 0xE4, 0x90, 0x05,
 0xD5, 0xF0, 0xA3, 0xF0, 0xE5, 0x9C, 0x55, 0xA1, 0xF5, 0xAC, 0x12, 0xB6, 0xC9, 0x40, 0x0C, 0x7F,
 0x06, 0x12, 0x22, 0x6F, 0x12, 0xA5, 0x5D, 0x74, 0xFF, 0xA1, 0x40, 0xD3, 0x90, 0x05, 0xD6, 0xE0,
 0x94, 0x67, 0x90, 0x05, 0xD5, 0xE0, 0x94, 0x06, 0x40, 0x2F, 0x12, 0x85, 0x1B, 0x76, 0x16, 0x12,
 0x85, 0x0F, 0x76, 0x17, 0xAF, 0xCE, 0x12, 0xB6, 0x8B, 0xE5, 0x9C, 0x45, 0xA1, 0x42, 0x76, 0x12,
 0xB6, 0xE1, 0x54, 0x03, 0x60, 0x08, 0x53, 0x0E, 0xFC, 0x43, 0x0E, 0x01, 0x80, 0x06, 0x53, 0x0E,
 0xF3, 0x43, 0x0E, 0x04, 0x12, 0xA0, 0x14, 0x81, 0x13, 0x90, 0x06, 0x17, 0xE0, 0x30, 0xE0, 0x06,
 0xE5, 0x0D, 0x64, 0x02, 0x60, 0x18, 0x12, 0xB6, 0xE1, 0x54, 0x03, 0x60, 0x08, 0x53, 0x0E, 0xFC,
 0x43, 0x0E, 0x02, 0x80, 0x06, 0x53, 0x0E, 0xF3, 0x43, 0x0E, 0x08, 0x12, 0xA0, 0x14, 0xE5, 0x08,
 0x55, 0x9C, 0x60, 0x06, 0xE5, 0x08, 0x55, 0xA1, 0x70, 0x06, 0x12, 0x4D, 0x73, 0xEF, 0x60, 0x28,
 0x12, 0xB7, 0xD4, 0xE5, 0x91, 0xAF, 0x91, 0x30, 0xE0, 0x0F, 0x74, 0x23, 0x2F, 0xF8, 0x76, 0x19,
 0x12, 0x85, 0x0F, 0x76, 0x1A, 0xAF, 0xCE, 0xC1, 0x06, 0x74, 0x23, 0x2F, 0xF8, 0x76, 0x1A, 0x12,
 0x85, 0x0F, 0x76, 0x19, 0xAF, 0x91, 0xC1, 0x06, 0xE5, 0x0D, 0x64, 0x01, 0x70, 0x1A, 0xE5, 0x75,
 0x55, 0x9C, 0x60, 0x14, 0xE5, 0x91, 0x30, 0xE0, 0x02, 0x81, 0x03, 0x12, 0x85, 0x1B, 0x76, 0x1B,
 0x12, 0x85, 0x0F, 0x12, 0xB6, 0x87, 0x81, 0x03, 0xE5, 0x08, 0x55, 0x9C, 0x70, 0x0A, 0x90, 0x06,
 0x14, 0xE0, 0x55, 0x95, 0x70, 0x02, 0xA1, 0xD4, 0xE5, 0x91, 0x20, 0xE0, 0x4E, 0xE5, 0x08, 0x55,
 0x9C, 0x60, 0x26, 0x12, 0x85, 0x1B, 0x76, 0x1A, 0x12, 0xB6, 0x89, 0x12, 0xA5, 0xFF, 0x80, 0x05,
 0xC3, 0x33, 0xCE, 0x33, 0xCE, 0xD8, 0xF9, 0x12, 0xB7, 0x51, 0x60, 0x74, 0x12, 0x85, 0x0F, 0x76,
 0x1B, 0x90, 0x02, 0x13, 0xE0, 0x45, 0xA1, 0xF0, 0x22, 0xE5, 0x08, 0x55, 0xA1, 0x60, 0x64, 0x12,
 0x85, 0x0F, 0x76, 0x1A, 0xAF, 0xCE, 0x12, 0xB6, 0x8B, 0x90, 0x06, 0x14, 0xE0, 0x55, 0x95, 0x60,
 0x08, 0x12, 0x85, 0x1B, 0x12, 0xB6, 0x87, 0x80, 0x1D, 0xA1, 0xD4, 0xE5, 0x08, 0x55, 0xA1, 0x60,
 0x1A, 0x12, 0x85, 0x0F, 0x76, 0x1A, 0xAF, 0xCE, 0x12, 0xB6, 0x8B, 0xE5, 0x12, 0x55, 0x9C, 0x60,
 0x08, 0x12, 0x85, 0x1B, 0x76, 0x1B, 0x02, 0xB8, 0x31, 0xA1, 0xD4, 0xE5, 0x08, 0x55, 0x9C, 0x60,
 0x22, 0x12, 0x85, 0x1B, 0x76, 0x1A, 0x12, 0xB6, 0x89, 0x12, 0xA5, 0xFF, 0x80, 0x05, 0xC3, 0x33,
 0xCE, 0x33, 0xCE, 0xD8, 0xF9, 0x12, 0xB7, 0x51, 0x60, 0x06, 0x12, 0x85, 0x0F, 0x76, 0x1B, 0x22,
 0x02, 0x51, 0x10, 0x12, 0xB6, 0x89, 0x12, 0x85, 0x07, 0x76, 0x1B, 0x12, 0x85, 0x1B, 0x76, 0x1B,
 0x12, 0x87, 0x90, 0x02, 0xB7, 0xD4, 0x12, 0xA5, 0xF2, 0x70, 0x03, 0x02, 0xA0, 0x13, 0xE5, 0x9C,
 0xF4, 0x52, 0x11, 0x12, 0x87, 0x80, 0x60, 0x26, 0x12, 0x87, 0xA5, 0x12, 0x87, 0x78, 0xF0, 0xE5,
 0x76, 0x55, 0x9C, 0x60, 0x19, 0x12, 0x87, 0x98, 0x60, 0x14, 0x12, 0xB6, 0xB7, 0x74, 0x01, 0xC8,
 0xEE, 0xC8, 0x08, 0x80, 0x02, 0xC3, 0x33, 0xD8, 0xFC, 0x4F, 0x90, 0x06, 0x04, 0xF0, 0x12, 0xB7,
 0xD4, 0xE5, 0x0D, 0xC3, 0x94, 0x02, 0x40, 0x6E, 0x12, 0xB6, 0x9E, 0x70, 0x48, 0x12, 0xB6, 0xEA,
 0x60, 0x04, 0xE5, 0x9C, 0x42, 0x77, 0xE5, 0x77, 0x70, 0x0C, 0xE5, 0x08, 0x55, 0x9C, 0x60, 0x06,
 0x12, 0xB7, 0x48, 0x02, 0xA0, 0x07, 0xE5, 0x08, 0x55, 0xA1, 0x70, 0x14, 0xE5, 0x08, 0x55, 0x9C,
 0x60, 0x0E, 0x12, 0x85, 0x1B, 0x76, 0x1D, 0xAF, 0xCE, 0x74, 0x23, 0x2F, 0xF8, 0x76, 0x21, 0x22,
 0xE5, 0x08, 0x55, 0xA1, 0x60, 0x08, 0xE5, 0x08, 0x55, 0x9C, 0x70, 0x02, 0x80, 0x34, 0x12, 0x85,
 0x1B, 0x76, 0x18, 0x80, 0x32, 0x12, 0xB8, 0x41, 0xB4, 0x06, 0x0F, 0x12, 0x23, 0xB7, 0xE5, 0x76,
 0x55, 0x9C, 0x60, 0x06, 0x12, 0xB6, 0x79, 0x74, 0x06, 0xF0, 0xE5, 0x9C, 0x45, 0xA1, 0xF4, 0x52,
 0x08, 0x12, 0x4D, 0xF7, 0xA1, 0xA2, 0xE5, 0x75, 0x55, 0x9C, 0x60, 0x11, 0xE5, 0x12, 0x55, 0x9C,
 0x60, 0x0B, 0x12, 0x85, 0x1B, 0x76, 0x21, 0x12, 0x85, 0x0F, 0x76, 0x1D, 0x22, 0x02, 0xA0, 0x07,
 0x12, 0x26, 0xAB, 0x12, 0x85, 0x1B, 0x76, 0x1E, 0x22, 0x12, 0xA0, 0x1B, 0x70, 0x03, 0x02, 0xA0,
 0x13, 0x12, 0xB6, 0xD7, 0x60, 0x18, 0xE5, 0x9C, 0xF4, 0x5F, 0xF6, 0x12, 0x1F, 0xDA, 0xE5, 0x08,
 0x55, 0x9C, 0x70, 0x02, 0xA1, 0x8D, 0x90, 0x06, 0xAD, 0xE5, 0x97, 0xF0, 0x80, 0x7F, 0xE5, 0x0D,
 0xC3, 0x94, 0x02, 0x40, 0x78, 0x12, 0xA0, 0x22, 0x64, 0x04, 0x70, 0x71, 0xE5, 0x74, 0x55, 0x9C,
 0x60, 0x6B, 0xE5, 0x08, 0x55, 0xA1, 0x70, 0x1C, 0x12, 0x8F, 0xC3, 0x12, 0xB7, 0x8B, 0x40, 0x14,
 0x7F, 0x03, 0x12, 0x21, 0xD7, 0x12, 0x8F, 0xC3, 0xE4, 0x12, 0xB7, 0xA8, 0x12, 0x8F, 0xC8, 0xE4,
 0xF0, 0x02, 0xA0, 0x10, 0x12, 0x8F, 0xC3, 0xE0, 0xC4, 0x54, 0x0F, 0x60, 0x3B, 0x12, 0x85, 0x0F,
 0xE6, 0x64, 0x18, 0x70, 0x31, 0xE5, 0x76, 0x55, 0x9C, 0x60, 0x09, 0x12, 0x49, 0x0F, 0xEF, 0xC3,
 0x94, 0x08, 0x40, 0x06, 0x12, 0x49, 0x0F, 0xEF, 0x70, 0x18, 0xE5, 0x74, 0x55, 0xA1, 0xAF, 0xCE,
 0x70, 0x08, 0x74, 0x23, 0x2F, 0xF8, 0x76, 0x01, 0x80, 0x0C, 0x74, 0x23, 0x2F, 0xF8, 0x76, 0x24,
 0x80, 0x04, 0xE5, 0xA1, 0x42, 0x16, 0xE1, 0xD9, 0x7F, 0x03, 0x12, 0x21, 0xD7, 0x12, 0xA0, 0x2A,
 0xB4, 0x01, 0x03, 0x02, 0xA0, 0x07, 0x12, 0x87, 0xF0, 0xE5, 0x76, 0x55, 0x9C, 0x70, 0x03, 0x02,
 0xA0, 0x13, 0xAF, 0xCE, 0x02, 0xA0, 0x09, 0x12, 0xA5, 0xF2, 0x70, 0x03, 0x02, 0xA0, 0x13, 0x12,
 0x87, 0x80, 0x60, 0x07, 0x12, 0x87, 0xA5, 0x12, 0x87, 0x78, 0xF0, 0x12, 0xB6, 0x9E, 0x70, 0x17,
 0xE5, 0x12, 0x55, 0x9C, 0x70, 0x05, 0x12, 0xB6, 0xF0, 0x60, 0x09, 0x12, 0x26, 0xAB, 0x12, 0x85,
 0x1B, 0x76, 0x1F, 0x22, 0x02, 0xA0, 0x10, 0xAF, 0x0E, 0x12, 0x22, 0x6F, 0x12, 0x5A, 0x38, 0x12,
 0x4D, 0xF7, 0x12, 0x85, 0x0F, 0xE6, 0x64, 0x19, 0x60, 0x03, 0x02, 0xA0, 0x13, 0x12, 0x85, 0x07,
 0x76, 0x1A, 0x22, 0x12, 0x85, 0x0F, 0xE6, 0xC3, 0x94, 0x2C, 0x50, 0x03, 0x02, 0xA0, 0x13, 0x12,
 0x85, 0x1B, 0x76, 0x1A, 0xAF, 0x91, 0x02, 0xB6, 0x8B, 0x12, 0xA0, 0x1B, 0x70, 0x03, 0x02, 0xA0,
 0x13, 0x12, 0x26, 0xCA, 0xAF, 0x94, 0x74, 0x0C, 0x2F, 0x12, 0xB6, 0x7F, 0xE0, 0xC4, 0x54, 0x0F,
 0x60, 0x2F, 0x12, 0xB6, 0xDA, 0x60, 0x07, 0xE5, 0x9C, 0xF4, 0x5F, 0xF6, 0x80, 0x23, 0x12, 0xA0,
 0x22, 0x64, 0x04, 0x70, 0x1C, 0xE5, 0x74, 0x55, 0x9C, 0x70, 0x05, 0xE5, 0x0D, 0xB4, 0x03, 0x11,
 0x12, 0x8F, 0xC3, 0xE0, 0xFF, 0xC4, 0x54, 0x0F, 0x60, 0x02, 0xE1, 0xD9, 0x7F, 0x03, 0x12, 0x21,
 0xD7, 0x12, 0x85, 0x0F, 0xE6, 0xB4, 0x19, 0x0A, 0x12, 0x85, 0x0F, 0x76, 0x1A, 0xAF, 0xCE, 0x12,
 0xB6, 0x8B, 0x02, 0xA0, 0x10, 0x12, 0xA5, 0xF2, 0x70, 0x03, 0x02, 0xA0, 0x13, 0xE5, 0x9C, 0xF4,
 0x52, 0x11, 0x12, 0x87, 0x80, 0x60, 0x4A, 0xAE, 0xCE, 0x74, 0x23, 0x2E, 0xF8, 0xE6, 0x64, 0x1B,
 0x60, 0x3F, 0xE5, 0x91, 0x54, 0x06, 0xFE, 0x74, 0x03, 0xC8, 0xEE, 0xC8, 0x08, 0x80, 0x02, 0xC3,
 0x33, 0xD8, 0xFC, 0xF5, 0x0E, 0xE5, 0x91, 0xC3, 0x94, 0x04, 0x90, 0x06, 0x04, 0xE0, 0x50, 0x0A,
 0xFE, 0xE5, 0x0E, 0x5F, 0xFF, 0xEE, 0x4F, 0xF0, 0x80, 0x11, 0xFF, 0x90, 0x05, 0xCF, 0xE0, 0x55,
 0x0E, 0xC4, 0x54, 0x0F, 0xFE, 0xEF, 0x4E, 0x90, 0x06, 0x04, 0xF0, 0x90, 0x05, 0xCF, 0x12, 0xB7,
 0x27, 0x12, 0xB6, 0x9E, 0x70, 0x61, 0x90, 0x06, 0x17, 0xE0, 0x30, 0xE0, 0x32, 0xE5, 0x75, 0x55,
 0x9C, 0x60, 0x2C, 0xE5, 0x0D, 0x64, 0x02, 0x70, 0x26, 0xE5, 0x76, 0x55, 0x9C, 0x70, 0x20, 0x12,
 0xB6, 0x79, 0xE0, 0x64, 0x04, 0x70, 0x18, 0x12, 0xB6, 0xE1, 0x54, 0x03, 0x60, 0x08, 0x53, 0x0E,
 0xFC, 0x43, 0x0E, 0x02, 0x80, 0x06, 0x53, 0x0E, 0xF3, 0x43, 0x0E, 0x08, 0x12, 0xA0, 0x14, 0x12,
 0xB6, 0xF0, 0xFF, 0xE5, 0x12, 0x55, 0x9C, 0x4F, 0xF5, 0x77, 0x60, 0x16, 0xE5, 0x91, 0x30, 0xE0,
 0x66, 0x7B, 0xBB, 0x7A, 0x00, 0x7D, 0x04, 0xAF, 0xF4, 0x12, 0x0F, 0xC5, 0x12, 0x85, 0x1B, 0x76,
 0x2E, 0x22, 0x12, 0x87, 0xF0, 0x80, 0x40, 0x90, 0x06, 0x17, 0xE0, 0x30, 0xE0, 0x31, 0xE5, 0x75,
 0x55, 0x9C, 0x60, 0x2B, 0xE5, 0x0D, 0x64, 0x02, 0x70, 0x25, 0xE5, 0x76, 0x55, 0x9C, 0x70, 0x1F,
 0xAF, 0x0E, 0x12, 0x86, 0xD3, 0x12, 0xB6, 0xE1, 0x54, 0x03, 0x60, 0x08, 0x53, 0x0E, 0xFC, 0x43,
 0x0E, 0x03, 0x80, 0x06, 0x53, 0x0E, 0xF3, 0x43, 0x0E, 0x0C, 0x12, 0xA0, 0x14, 0x80, 0x05, 0xAF,
 0x0E, 0x12, 0x22, 0x6F, 0x12, 0x4D, 0xF7, 0x85, 0x9C, 0xAC, 0x22, 0x12, 0xB8, 0x39, 0x12, 0x05,
 0xF7, 0xEF, 0x60, 0x03, 0x02, 0xA0, 0x13, 0x12, 0x26, 0xAB, 0x12, 0x85, 0x1B, 0x76, 0x20, 0x22,
 0x12, 0xA0, 0x1B, 0x70, 0x03, 0x02, 0xA0, 0x13, 0x12, 0xB6, 0xD7, 0x60, 0x07, 0xE5, 0x9C, 0xF4,
 0x5F, 0xF6, 0x80, 0x6E, 0xE5, 0x0D, 0xC3, 0x94, 0x02, 0x40, 0x67, 0x12, 0xA0, 0x22, 0x64, 0x04,
 0x70, 0x60, 0xE5, 0x74, 0x55, 0x9C, 0x60, 0x11, 0xE5, 0x91, 0x20, 0xE0, 0x0C, 0x12, 0x8F, 0xC3,
 0xE0, 0xFF, 0xC4, 0x54, 0x0F, 0x60, 0x28, 0x80, 0x20, 0xE5, 0x08, 0x55, 0x9C, 0x60, 0x43, 0xE5,
 0x91, 0x30, 0xE0, 0x3E, 0x90, 0x02, 0x47, 0xE0, 0x55, 0x9C, 0x70, 0x05, 0xE5, 0x0D, 0xB4, 0x03,
 0x15, 0x12, 0x8F, 0xC3, 0xE0, 0x54, 0xF0, 0x60, 0x06, 0x12, 0x49, 0x22, 0x02, 0xB5, 0xD1, 0x7F,
 0x03, 0x12, 0x21, 0xD7, 0x80, 0x1C, 0x12, 0x87, 0xA0, 0xF0, 0x90, 0x02, 0x47, 0xE0, 0x45, 0x9C,
 0xF0, 0xE5, 0x9C, 0x42, 0x11, 0xE5, 0x9C, 0x42, 0x12, 0x85, 0x9C, 0xAC, 0x12, 0x85, 0x1B, 0x76,
 0x05, 0x22, 0x11, 0x2A, 0xB4, 0x01, 0x09, 0xAF, 0x91, 0x74, 0x23, 0x2F, 0xF8, 0x76, 0x01, 0x22,
 0x12, 0x87, 0xF0, 0x22, 0x90, 0x06, 0x1C, 0xE5, 0x0E, 0xF0, 0x22, 0x12, 0xA9, 0x90, 0xEF, 0x64,
 0x01, 0x22, 0xE4, 0xFD, 0xFF, 0x12, 0x16, 0x32, 0xEF, 0x22, 0x12, 0x19, 0x94, 0x85, 0x9C, 0xAC,
 0xE5, 0x0D, 0x22, 0xCB, 0xEF, 0xCB, 0xCA, 0xEE, 0xCA, 0x74, 0x40, 0x2B, 0xFB, 0xE4, 0x3A, 0xFA,
 0xEB, 0x25, 0xE0, 0xEA, 0x33, 0xFB, 0x7A, 0x00, 0x74, 0x20, 0x2D, 0xFD, 0xE4, 0x3C, 0xFC, 0xED,
 0xCE, 0xEC, 0xCE, 0x78, 0x02, 0xC3, 0x33, 0xCE, 0x33, 0xCE, 0xD8, 0xF9, 0xCC, 0xEE, 0xCC, 0xEC,
 0xFD, 0x7C, 0x00, 0xCE, 0xEA, 0xCE, 0xCF, 0xEB, 0xCF, 0x12, 0x01, 0xBC, 0x31, 0x1A, 0x24, 0x5C,
 0xFF, 0xE4, 0x35, 0x78, 0xFE, 0x7D, 0xB8, 0x12, 0x01, 0xCE, 0x8E, 0x78, 0x8F, 0x79, 0xD3, 0xE5,
 0x79, 0x94, 0x7E, 0xE5, 0x78, 0x94, 0x00, 0x40, 0x06, 0x75, 0x78, 0x00, 0x75, 0x79, 0x7E, 0x85,
 0x79, 0x77, 0xE5, 0x77, 0xC3, 0x94, 0x02, 0x50, 0x03, 0x75, 0x77, 0x02, 0xAF, 0x94, 0x74, 0x51,
 0x2F, 0x31, 0x0F, 0xE5, 0x77, 0xF0, 0xE5, 0x76, 0x55, 0x9C, 0x60, 0x3D, 0x31, 0x09, 0xE0, 0x60,
 0x57, 0xB1, 0xFF, 0x80, 0x05, 0xC3, 0x33, 0xCE, 0x33, 0xCE, 0xD8, 0xF9, 0xFF, 0xAD, 0x95, 0xEF,
 0x4D, 0xFF, 0x90, 0x06, 0x50, 0xE0, 0xFD, 0xEF, 0x5D, 0x60, 0x3D, 0x31, 0x09, 0xE0, 0xFF, 0xAE,
 0x94, 0x74, 0x51, 0x2E, 0x31, 0x0F, 0xE0, 0x2F, 0xF5, 0x77, 0xFF, 0xB1, 0x7E, 0x8F, 0x77, 0xB1,
 0x51, 0xB1, 0x34, 0x50, 0x23, 0xB1, 0x51, 0x80, 0x1A, 0x90, 0x06, 0x50, 0xE0, 0x55, 0x95, 0x60,
 0x17, 0xAF, 0x77, 0xB1, 0x7E, 0x8F, 0x77, 0xB1, 0x3E, 0x34, 0x06, 0xB1, 0x34, 0x50, 0x09, 0xB1,
 0x3E, 0x34, 0x06, 0xF5, 0x83, 0xE5, 0x77, 0xF0, 0x22, 0xE5, 0xCE, 0x54, 0x03, 0x24, 0x51, 0xF5,
 0x82, 0xE4, 0x34, 0x06, 0xF5, 0x83, 0x22, 0x12, 0x0C, 0x75, 0x8E, 0x78, 0x8F, 0x79, 0xE5, 0x79,
 0x22, 0xAF, 0x91, 0x74, 0x33, 0x2F, 0xF8, 0xE6, 0x90, 0x02, 0xE9, 0xF0, 0xE0, 0xB4, 0x18, 0x00,
 0x40, 0x02, 0x81, 0xBC, 0x90, 0xA1, 0x3B, 0xF8, 0x28, 0x28, 0x73, 0x02, 0xA1, 0x83, 0x02, 0xA1,
 0x96, 0x02, 0xA1, 0xAB, 0x02, 0xA1, 0xB9, 0x02, 0xA1, 0xD8, 0x02, 0xA1, 0xED, 0x02, 0xA1, 0xFB,
 0x02, 0xA2, 0x22, 0x02, 0xA2, 0x37, 0x02, 0xA2, 0x45, 0x02, 0xA2, 0xC2, 0x02, 0xA2, 0xD7, 0x02,
 0xA2, 0xE5, 0x02, 0xA4, 0x53, 0x02, 0xA4, 0x72, 0x02, 0xA4, 0x80, 0x02, 0xA3, 0x2A, 0x02, 0xA3,
 0x1F, 0x02, 0xA3, 0xE3, 0x02, 0xA4, 0x04, 0x02, 0xA4, 0x13, 0x02, 0xA3, 0x5A, 0x02, 0xA3, 0x79,
 0x02, 0xA3, 0xBA, 0x7D, 0x09, 0xAF, 0xF4, 0x12, 0x0C, 0xE8, 0x7F, 0x89, 0x91, 0xD5, 0x90, 0x02,
 0xE9, 0x74, 0x01, 0xF0, 0x81, 0xBC, 0xE5, 0xF1, 0x55, 0x9C, 0x70, 0x02, 0x81, 0xBC, 0x7D, 0x09,
 0xAF, 0xF4, 0x12, 0x0C, 0xE8, 0x90, 0x02, 0xE9, 0x74, 0x02, 0xF0, 0x91, 0xCC, 0x70, 0x02, 0x81,
 0xBC, 0x90, 0x02, 0xE9, 0x74, 0x03, 0xF0, 0x81, 0xBC, 0x31, 0x17, 0xF4, 0x70, 0x03, 0xE5, 0x78,
 0xF4, 0x70, 0x02, 0x81, 0xBC, 0x91, 0xDF, 0xB1, 0x11, 0xB1, 0x2B, 0xF0, 0x7F, 0x8B, 0x91, 0xD5,
 0x90, 0x02, 0xE9, 0x74, 0x04, 0xF0, 0x81, 0xBC, 0xE5, 0xF1, 0x55, 0x9C, 0x70, 0x02, 0x81, 0xBC,
 0x7D, 0x09, 0xAF, 0xF4, 0x12, 0x0C, 0xE8, 0x90, 0x02, 0xE9, 0x74, 0x05, 0xF0, 0x91, 0xCC, 0x70,
 0x02, 0x81, 0xBC, 0x90, 0x02, 0xE9, 0x74, 0x06, 0xF0, 0x81, 0xBC, 0x31, 0x17, 0xF4, 0x70, 0x03,
 0xE5, 0x78, 0xF4, 0x70, 0x02, 0x81, 0xBC, 0x91, 0xDF, 0xB1, 0x09, 0xB1, 0x6A, 0x94, 0x99, 0xEE,
 0x94, 0x29, 0x40, 0x02, 0x61, 0x03, 0x7F, 0x89, 0x91, 0xD5, 0x90, 0x02, 0xE9, 0x74, 0x07, 0xF0,
 0x81, 0xBC, 0xE5, 0xF1, 0x55, 0x9C, 0x70, 0x02, 0x81, 0xBC, 0x7D, 0x09, 0xAF, 0xF4, 0x12, 0x0C,
 0xE8, 0x90, 0x02, 0xE9, 0x74, 0x08, 0xF0, 0x91, 0xCC, 0x70, 0x02, 0x81, 0xBC, 0x90, 0x02, 0xE9,
 0x74, 0x09, 0xF0, 0x81, 0xBC, 0x31, 0x17, 0xF4, 0x70, 0x03, 0xE5, 0x78, 0xF4, 0x70, 0x02, 0x81,
 0xBC, 0xD1, 0x0D, 0xB1, 0x2B, 0xF0, 0xE5, 0x93, 0x64, 0x01, 0x70, 0x5A, 0x91, 0xEF, 0x80, 0x02,
 0xC3, 0x13, 0xD8, 0xFC, 0x54, 0x03, 0x64, 0x01, 0x70, 0x4C, 0x12, 0x8F, 0x8A, 0x24, 0x34, 0xFF,
 0xEE, 0x34, 0x03, 0xFE, 0xD3, 0xE5, 0x79, 0x9F, 0xE5, 0x78, 0x9E, 0x40, 0x39, 0xAF, 0x91, 0x74,
 0xC5, 0x2F, 0xF8, 0x76, 0x03, 0x7D, 0x03, 0x7F, 0x01, 0x12, 0x16, 0x32, 0x12, 0x10, 0xA5, 0x12,
 0x8F, 0x8A, 0xFF, 0xAD, 0x91, 0xED, 0x75, 0xF0, 0x08, 0xA4, 0xB1, 0x09, 0x91, 0xFB, 0xC3, 0x9F,
 0xFF, 0xEC, 0x9E, 0xFE, 0x12, 0x21, 0x5E, 0x8F, 0x77, 0xB1, 0x5D, 0xE5, 0x77, 0xF0, 0x12, 0x05,
 0x8B, 0x85, 0x9C, 0xA3, 0x81, 0x38, 0x7F, 0x8B, 0x91, 0xD5, 0x90, 0x02, 0xE9, 0x74, 0x0A, 0xF0,
 0x81, 0xBC, 0xE5, 0xF1, 0x55, 0x9C, 0x70, 0x02, 0x81, 0xBC, 0x7D, 0x09, 0xAF, 0xF4, 0x12, 0x0C,
 0xE8, 0x90, 0x02, 0xE9, 0x74, 0x0B, 0xF0, 0x91, 0xCC, 0x70, 0x02, 0x81, 0xBC, 0x90, 0x02, 0xE9,
 0x74, 0x0C, 0xF0, 0x81, 0xBC, 0x31, 0x17, 0xF4, 0x70, 0x03, 0xE5, 0x78, 0xF4, 0x70, 0x02, 0x81,
 0xBC, 0x91, 0xDF, 0x24, 0x5B, 0xF5, 0x82, 0xE4, 0x34, 0x02, 0xB1, 0x6A, 0x94, 0x99, 0xEE, 0x94,
 0x29, 0x40, 0x0F, 0x7F, 0x8C, 0x91, 0xD5, 0x12, 0x10, 0xA5, 0x90, 0x02, 0xE9, 0x74, 0x15, 0xF0,
 0x81, 0xBC, 0x7F, 0x03, 0x12, 0x17, 0xA5, 0x90, 0x02, 0xE9, 0x74, 0x11, 0xF0, 0x81, 0xBC, 0x12,
 0x17, 0xE5, 0x90, 0x02, 0xE9, 0x74, 0x12, 0xF0, 0x81, 0xBC, 0x90, 0x06, 0x5F, 0xE0, 0x45, 0x96,
 0xF0, 0x90, 0x01, 0x5F, 0xE0, 0x45, 0x96, 0xF0, 0xD1, 0x1C, 0xBF, 0x01, 0x03, 0x7F, 0x01, 0x22,
 0x90, 0x06, 0x5F, 0xB1, 0x22, 0xF0, 0x90, 0x01, 0x5F, 0xB1, 0x22, 0xF0, 0x78, 0x4B, 0xE6, 0x55,
 0x9C, 0x70, 0x02, 0x81, 0x48, 0xB1, 0x47, 0x7F, 0x01, 0x22, 0xE5, 0xF1, 0x55, 0x9C, 0x70, 0x02,
 0x81, 0xBC, 0x7D, 0x09, 0xAF, 0xF4, 0x12, 0x0C, 0xE8, 0x7F, 0x02, 0x91, 0xCE, 0x70, 0x02, 0x81,
 0xBC, 0x90, 0x02, 0xE9, 0x74, 0x16, 0xF0, 0x81, 0xBC, 0x31, 0x17, 0xF4, 0x70, 0x03, 0xE5, 0x78,
 0xF4, 0x70, 0x02, 0x81, 0xBC, 0xAD, 0x79, 0xAC, 0x78, 0xE4, 0xFF, 0x12, 0x16, 0x7F, 0xD3, 0xEF,
 0x94, 0x77, 0xEE, 0x94, 0x17, 0xAF, 0x91, 0x74, 0xC5, 0x40, 0x06, 0x2F, 0xF8, 0x76, 0x06, 0x80,
 0x04, 0x2F, 0xF8, 0x76, 0x05, 0xB1, 0x5D, 0x74, 0xFF, 0xF0, 0x91, 0xDF, 0xB1, 0x11, 0x91, 0xFB,
 0xFD, 0x7F, 0x01, 0x12, 0x16, 0x7F, 0x8E, 0x78, 0x8F, 0x79, 0xE5, 0x93, 0xB4, 0x01, 0x22, 0x91,
 0xEF, 0x80, 0x02, 0xC3, 0x13, 0xD8, 0xFC, 0xFF, 0xBF, 0x01, 0x16, 0xC3, 0xE5, 0x79, 0x94, 0xCC,
 0xE5, 0x78, 0x94, 0x3C, 0x50, 0x44, 0x78, 0x4B, 0xE6, 0x45, 0x9C, 0xF6, 0x12, 0x05, 0x8B, 0x80,
 0x57, 0x80, 0x37, 0x12, 0x27, 0x12, 0x31, 0x1A, 0xF4, 0x70, 0x03, 0xE5, 0x78, 0xF4, 0x70, 0x02,
 0x81, 0xBC, 0xAF, 0x79, 0xAE, 0x78, 0x12, 0x26, 0x7D, 0x12, 0x26, 0x0E, 0x90, 0x02, 0xE9, 0x74,
 0x13, 0xF0, 0x81, 0xBC, 0x12, 0x20, 0xB3, 0x74, 0xC5, 0xB1, 0xF8, 0x90, 0x02, 0xE9, 0x74, 0x14,
 0xF0, 0x81, 0xBC, 0x78, 0x4B, 0xE6, 0x55, 0x9C, 0x60, 0x04, 0xB1, 0x47, 0x81, 0xBC, 0xE5, 0x93,
 0xB4, 0x01, 0x1D, 0x91, 0xEF, 0x80, 0x02, 0xC3, 0x13, 0xD8, 0xFC, 0xFF, 0xBF, 0x01, 0x11, 0x91,
 0xE7, 0x64, 0x04, 0x60, 0x0B, 0x12, 0x05, 0x8B, 0x90, 0x02, 0xE9, 0x74, 0x10, 0xF0, 0x80, 0x7C,
 0xB1, 0x19, 0xB1, 0x02, 0xB1, 0x19, 0xB1, 0x02, 0x91, 0xE7, 0xFD, 0x7F, 0x01, 0x12, 0x16, 0x32,
 0x7F, 0x00, 0x22, 0xE5, 0xF1, 0x55, 0x9C, 0x60, 0x63, 0x7D, 0x09, 0xAF, 0xF4, 0x12, 0x0C, 0xE8,
 0xE5, 0x9C, 0xF4, 0x78, 0x4B, 0x56, 0xF6, 0x7F, 0xB0, 0x12, 0x16, 0x1F, 0x90, 0x02, 0xE9, 0x74,
 0x0E, 0xF0, 0x7F, 0x03, 0x91, 0xCE, 0x60, 0x44, 0x90, 0x02, 0xE9, 0x74, 0x0F, 0xF0, 0x80, 0x3C,
 0x31, 0x17, 0xF4, 0x70, 0x03, 0xE5, 0x78, 0xF4, 0x60, 0x32, 0xAF, 0x79, 0xAE, 0x78, 0x12, 0x44,
 0x94, 0x8E, 0x78, 0x8F, 0x79, 0xC3, 0xE5, 0x79, 0x94, 0x33, 0xE5, 0x78, 0x94, 0x13, 0x50, 0x05,
 0x75, 0x77, 0x0E, 0x80, 0x04, 0x91, 0xE7, 0xF5, 0x77, 0xAD, 0x77, 0x7F, 0x01, 0x12, 0x16, 0x32,
 0x85, 0x9C, 0xAC, 0x91, 0xE7, 0xFF, 0x12, 0x21, 0x4E, 0x7F, 0x00, 0x22, 0x90, 0x02, 0xE9, 0xE0,
 0xFF, 0xAE, 0x91, 0x74, 0x33, 0x2E, 0xF8, 0xEF, 0xF6, 0x7F, 0x01, 0x22, 0x7F, 0x01, 0x12, 0x0B,
 0x3C, 0xEF, 0x64, 0x01, 0x22, 0x12, 0x16, 0x09, 0x7F, 0x24, 0x7E, 0x02, 0x02, 0x05, 0xD5, 0xAF,
 0x91, 0xEF, 0x75, 0xF0, 0x08, 0xA4, 0x22, 0xAF, 0x91, 0x74, 0xC5, 0x2F, 0xF8, 0xE6, 0x22, 0xAF,
 0x9A, 0x90, 0x06, 0x22, 0xE0, 0xFE, 0xC8, 0xEF, 0xC8, 0x08, 0x22, 0xF5, 0x83, 0xE0, 0xFC, 0xA3,
 0xE0, 0x22, 0x34, 0x06, 0xF5, 0x83, 0xE4, 0xF0, 0x22, 0x24, 0x57, 0xF5, 0x82, 0xE4, 0x34, 0x02,
 0x22, 0x24, 0x55, 0xF5, 0x82, 0xE4, 0x34, 0x02, 0x22, 0xAF, 0x94, 0x74, 0x48, 0x2F, 0xF5, 0x82,
 0xE4, 0x22, 0xE0, 0xFF, 0xE5, 0x96, 0xF4, 0xFE, 0xEF, 0x5E, 0x22, 0xF5, 0x83, 0xE5, 0x78, 0xF0,
 0xA3, 0xE5, 0x79, 0x22, 0xF5, 0x83, 0xE0, 0xFF, 0xE5, 0x77, 0xC3, 0x9F, 0x22, 0xF0, 0xAF, 0x94,
 0x74, 0x1E, 0x2F, 0xF5, 0x82, 0xE4, 0x22, 0x12, 0x17, 0x16, 0x90, 0x02, 0xE9, 0x74, 0x0D, 0xF0,
 0x22, 0xE5, 0xBA, 0x54, 0x01, 0x24, 0x2A, 0xF5, 0x82, 0xE4, 0x34, 0x06, 0x22, 0xAF, 0x94, 0x74,
 0x44, 0x2F, 0xF5, 0x82, 0xE4, 0x34, 0x06, 0xF5, 0x83, 0x22, 0xF5, 0x83, 0xE5, 0x78, 0xF0, 0xA3,
 0xE5, 0x79, 0xF0, 0xFD, 0xAC, 0x78, 0x7F, 0x01, 0x12, 0x16, 0x7F, 0xD3, 0xEF, 0x22, 0xEF, 0xD3,
 0x94, 0x92, 0x40, 0x06, 0x74, 0x12, 0x2F, 0xFF, 0x80, 0x5F, 0xEF, 0xD3, 0x94, 0x88, 0x40, 0x06,
 0x74, 0x10, 0x2F, 0xFF, 0x80, 0x53, 0xEF, 0xD3, 0x94, 0x7E, 0x40, 0x06, 0x74, 0x0E, 0x2F, 0xFF,
 0x80, 0x47, 0xEF, 0xD3, 0x94, 0x74, 0x40, 0x06, 0x74, 0x0C, 0x2F, 0xFF, 0x80, 0x3B, 0xEF, 0xD3,
 0x94, 0x67, 0x40, 0x06, 0x74, 0x0A, 0x2F, 0xFF, 0x80, 0x2F, 0xEF, 0xD3, 0x94, 0x5A, 0x40, 0x06,
 0x74, 0x08, 0x2F, 0xFF, 0x80, 0x23, 0xEF, 0xD3, 0x94, 0x49, 0x40, 0x06, 0x74, 0x06, 0x2F, 0xFF,
 0x80, 0x17, 0xEF, 0xD3, 0x94, 0x34, 0x40, 0x06, 0x74, 0x04, 0x2F, 0xFF, 0x80, 0x0B, 0xEF, 0xD3,
 0x94, 0x25, 0x40, 0x04, 0x0F, 0x0F, 0x80, 0x01, 0x0F, 0xEF, 0xC3, 0x94, 0x04, 0x50, 0x02, 0x7F,
 0x04, 0x22, 0x31, 0x21, 0xEF, 0x64, 0x01, 0x22, 0xAE, 0x91, 0x2E, 0xF8, 0xEF, 0xF6, 0x22, 0xE5,
 0xCE, 0x54, 0x03, 0xFF, 0x74, 0x01, 0x7E, 0x00, 0xC8, 0xEF, 0xC8, 0x08, 0x22, 0xAF, 0x91, 0xEF,
 0x75, 0xF0, 0x08, 0xA4, 0x24, 0x59, 0xF5, 0x82, 0xE4, 0x34, 0x02, 0x22, 0xAF, 0x91, 0x74, 0xBD,
 0x2F, 0xF8, 0xE6, 0x90, 0x02, 0x1B, 0xF0, 0xE0, 0x54, 0x0F, 0x14, 0xB4, 0x09, 0x00, 0x40, 0x03,
 0x02, 0xA9, 0x20, 0x90, 0xA6, 0x41, 0x75, 0xF0, 0x03, 0xA4, 0xC5, 0x83, 0x25, 0xF0, 0xC5, 0x83,
 0x73, 0x02, 0xA6, 0x5C, 0x02, 0xA6, 0x85, 0x02, 0xA6, 0x96, 0x02, 0xA7, 0x02, 0x02, 0xA7, 0x67,
 0x02, 0xA7, 0x9D, 0x02, 0xA8, 0xE5, 0x02, 0xA8, 0xFB, 0x02, 0xA9, 0x0D, 0x12, 0xA9, 0x76, 0x12,
 0x05, 0xF7, 0xEF, 0x60, 0x03, 0x02, 0xA9, 0x20, 0xAF, 0x94, 0xEF, 0x12, 0xB7, 0x3A, 0x74, 0x8F,
 0xF0, 0x7B, 0x09, 0x7A, 0x00, 0x7D, 0x09, 0xAF, 0xF4, 0x12, 0x05, 0xF7, 0x90, 0x02, 0x1B, 0x74,
 0x27, 0xF0, 0x02, 0xA9, 0x20, 0x7D, 0x84, 0x7C, 0x0E, 0x7F, 0x00, 0x7E, 0x38, 0x12, 0x0F, 0x60,
 0x90, 0x02, 0x1B, 0x74, 0x03, 0xF0, 0x12, 0xB4, 0xF3, 0xE6, 0x60, 0x03, 0x02, 0xA9, 0x20, 0xE4,
 0x90, 0x06, 0x7C, 0xF0, 0xE5, 0x94, 0x44, 0x84, 0x12, 0xB5, 0x9B, 0x90, 0x00, 0x6F, 0xE0, 0x30,
 0xE0, 0x07, 0xE4, 0x90, 0x06, 0x7E, 0xF0, 0x80, 0x06, 0x90, 0x06, 0x7E, 0x74, 0x40, 0xF0, 0xAF,
 0x9E, 0xEF, 0x14, 0x60, 0x0F, 0x14, 0x60, 0x11, 0x14, 0x60, 0x14, 0x24, 0x03, 0x70, 0x1B, 0x90,
 0x06, 0xEC, 0x80, 0x08, 0x90, 0x06, 0xEC, 0x80, 0x09, 0x90, 0x06, 0xED, 0xE0, 0x80, 0x05, 0x90,
 0x06, 0xED, 0xE0, 0xC4, 0x54, 0x0F, 0x90, 0x02, 0x1A, 0xF0, 0x90, 0x06, 0xE7, 0xE0, 0x90, 0x02,
 0x1A, 0x12, 0xB5, 0xBF, 0x90, 0x06, 0x7C, 0x74, 0x03, 0xF0, 0x90, 0x02, 0x1B, 0x04, 0xF0, 0x02,
 0xA9, 0x20, 0x12, 0x10, 0x83, 0x12, 0xA9, 0x5D, 0xF0, 0xF4, 0x70, 0x02, 0xEE, 0xF4, 0x70, 0x03,
 0x02, 0xA9, 0x20, 0x85, 0xF4, 0xC1, 0x90, 0x02, 0x16, 0x12, 0xB5, 0xB7, 0x12, 0x4C, 0xEA, 0x12,
 0xA9, 0x5D, 0xF0, 0x12, 0x00, 0x55, 0x90, 0x06, 0xB0, 0xEE, 0xF0, 0xA3, 0xEF, 0xF0, 0x90, 0x02,
 0x17, 0xE0, 0x24, 0xB5, 0xF0, 0x90, 0x02, 0x16, 0xE0, 0x34, 0x01, 0xF0, 0xE0, 0xFE, 0xA3, 0xE0,
 0xFF, 0x8E, 0xCC, 0x8F, 0xCB, 0x12, 0x00, 0x55, 0x90, 0x06, 0xB4, 0xEE, 0xF0, 0xA3, 0xEF, 0xF0,
 0x85, 0xF4, 0xC1, 0x7B, 0xF2, 0x7A, 0x00, 0x7D, 0x0F, 0xAF, 0xF5, 0x12, 0x05, 0xF7, 0x90, 0x02,
 0x1B, 0x74, 0x05, 0xF0, 0x02, 0xA9, 0x20, 0x85, 0xF4, 0xC1, 0xE5, 0xC4, 0x30, 0xE0, 0x09, 0x90,
 0x02, 0x1B, 0x74, 0x06, 0xF0, 0x02, 0xA9, 0x20, 0xE4, 0xFB, 0xFA, 0x7D, 0x0F, 0xAF, 0xF5, 0x12,
 0x05, 0xF7, 0xEF, 0x60, 0x03, 0x02, 0xA9, 0x20, 0xB1, 0x19, 0x34, 0x06, 0xF5, 0x83, 0x74, 0xFF,
 0x12, 0xA9, 0x7E, 0x7D, 0x11, 0xAF, 0xF4, 0x12, 0x0C, 0xE8, 0x7F, 0x00, 0x22, 0x12, 0x10, 0x83,
 0x90, 0x02, 0x18, 0x12, 0xB4, 0xFA, 0x70, 0x02, 0xEE, 0xF4, 0x70, 0x03, 0x02, 0xA9, 0x20, 0x90,
 0x02, 0x18, 0x12, 0xB5, 0xB7, 0x12, 0x4C, 0xEA, 0x90, 0x02, 0x18, 0x12, 0xB5, 0x93, 0x12, 0xB7,
 0xDB, 0x12, 0x0D, 0x24, 0x85, 0xF4, 0xC1, 0x90, 0x02, 0x18, 0xE5, 0xC6, 0xF0, 0xA3, 0xE5, 0xC5,
 0xF0, 0x90, 0x02, 0x18, 0x12, 0xA9, 0x30, 0x12, 0xB7, 0xDB, 0xAF, 0xC9, 0xAE, 0xCA, 0xD3, 0x74,
 0x84, 0x9F, 0x74, 0x0E, 0x9E, 0x40, 0x10, 0x74, 0x84, 0x9F, 0x90, 0x02, 0x19, 0xF0, 0x74, 0x0E,
 0x9E, 0x90, 0x02, 0x18, 0xF0, 0x80, 0x08, 0x90, 0x02, 0x18, 0xE4, 0xF0, 0xA3, 0x04, 0xF0, 0x7D,
 0x11, 0xAF, 0xF4, 0x12, 0x0C, 0xE8, 0x7D, 0x0F, 0xAF, 0xF5, 0x12, 0x0C, 0xE8, 0x90, 0x02, 0x18,
 0x31, 0x30, 0x90, 0x06, 0xB6, 0xEE, 0xF0, 0xA3, 0xEF, 0xF0, 0x90, 0x06, 0xB0, 0x31, 0x30, 0xEE,
 0xC0, 0xE0, 0xEF, 0xC0, 0xE0, 0x31, 0x2D, 0xD0, 0xE0, 0xFD, 0xD0, 0xE0, 0xFC, 0xD3, 0xEF, 0x9D,
 0xEE, 0x9C, 0x40, 0x21, 0x90, 0x06, 0xB0, 0x31, 0x30, 0xEE, 0xC0, 0xE0, 0xEF, 0xC0, 0xE0, 0x31,
 0x2D, 0xCC, 0xEE, 0xCC, 0xCD, 0xEF, 0xCD, 0xD0, 0xE0, 0xFF, 0xD0, 0xE0, 0xFE, 0xC3, 0x90, 0x02,
 0x16, 0x31, 0x86, 0x80, 0x0A, 0x90, 0x02, 0x16, 0x74, 0x0F, 0xF0, 0xA3, 0x74, 0xFF, 0xF0, 0x31,
 0x65, 0x4E, 0x70, 0x09, 0x90, 0x02, 0x16, 0xF0, 0xA3, 0x04, 0xF0, 0x80, 0x45, 0xC3, 0xEF, 0x94,
 0xCE, 0xEE, 0x94, 0x00, 0x50, 0x09, 0x7C, 0x01, 0x7D, 0x3D, 0x31, 0x3A, 0xF0, 0x80, 0x33, 0x31,
 0x65, 0xC3, 0x94, 0x9E, 0xEE, 0x94, 0x01, 0x50, 0x11, 0x7D, 0x9E, 0x31, 0x38, 0xF0, 0xE0, 0x25,
 0xE0, 0xF0, 0x90, 0x02, 0x16, 0xE0, 0x33, 0xF0, 0x80, 0x18, 0x31, 0x65, 0x7D, 0x4F, 0x31, 0x38,
 0xF0, 0x31, 0x6E, 0x78, 0x02, 0xC3, 0x33, 0xCE, 0x33, 0xCE, 0xD8, 0xF9, 0xF0, 0xEE, 0x90, 0x02,
 0x16, 0xF0, 0x31, 0x6E, 0xFF, 0xC3, 0x94, 0xFF, 0xEE, 0x94, 0x00, 0x90, 0x02, 0x16, 0x50, 0x07,
 0xE4, 0xF0, 0xA3, 0xEF, 0xF0, 0x80, 0x06, 0xE4, 0xF0, 0xA3, 0x74, 0xFF, 0xF0, 0x90, 0x02, 0x16,
 0xA3, 0xE0, 0xFF, 0xAE, 0x94, 0x74, 0x48, 0x2E, 0xF5, 0x82, 0xE4, 0x34, 0x06, 0xF5, 0x83, 0xEF,
 0x31, 0x7E, 0x7F, 0x00, 0x22, 0x31, 0x76, 0x12, 0x05, 0xF7, 0xEF, 0x70, 0x33, 0xE5, 0x95, 0xF4,
 0x52, 0x0A, 0x90, 0x02, 0x1B, 0xE0, 0x54, 0xF0, 0x44, 0x08, 0xF0, 0x7F, 0x02, 0x12, 0xA4, 0xCE,
 0x60, 0x1E, 0x90, 0x02, 0x1B, 0xE0, 0x54, 0xF0, 0x44, 0x09, 0xF0, 0x80, 0x13, 0x12, 0x0C, 0x75,
 0xEF, 0xF4, 0x70, 0x02, 0xEE, 0xF4, 0x60, 0x08, 0x90, 0x02, 0x1B, 0xE0, 0xC4, 0x54, 0x0F, 0xF0,
 0x90, 0x02, 0x1B, 0xE0, 0xFF, 0x74, 0xBD, 0x12, 0xA5, 0xF8, 0x7F, 0x01, 0x22, 0x90, 0x06, 0xB2,
 0xE0, 0xFE, 0xA3, 0xE0, 0xFF, 0x02, 0x00, 0x55, 0x7C, 0x00, 0x12, 0x01, 0xBC, 0x90, 0x02, 0x18,
 0xEE, 0xF0, 0xFA, 0xA3, 0xEF, 0xF0, 0xFB, 0x90, 0x02, 0x16, 0xE0, 0xFC, 0xA3, 0xE0, 0xFD, 0xEC,
 0xC3, 0x13, 0xFE, 0xED, 0x13, 0x2B, 0xFF, 0xEE, 0x3A, 0xFE, 0x12, 0x01, 0xCE, 0x90, 0x02, 0x16,
 0xEE, 0xF0, 0xA3, 0xEF, 0x22, 0x90, 0x02, 0x18, 0xE0, 0xFE, 0xA3, 0xE0, 0xFF, 0x22, 0x90, 0x02,
 0x16, 0xE0, 0xFE, 0xA3, 0xE0, 0x22, 0xE4, 0xFB, 0xFA, 0x7D, 0x09, 0xAF, 0xF4, 0x22, 0xF0, 0x12,
 0x0C, 0xA5, 0x85, 0x9C, 0xAC, 0x22, 0xED, 0x9F, 0xFF, 0xEC, 0x9E, 0xF0, 0xA3, 0xEF, 0xF0, 0x22,
 0xAF, 0x91, 0x74, 0x3B, 0x2F, 0xF8, 0xE6, 0xF5, 0x13, 0xB4, 0x26, 0x00, 0x40, 0x03, 0x02, 0xB1,
 0xBE, 0x90, 0xA9, 0xA8, 0xF8, 0x28, 0x28, 0x73, 0x02, 0xAA, 0x1A, 0x02, 0xAA, 0x62, 0x02, 0xAA,
 0x71, 0x02, 0xAA, 0x7A, 0x02, 0xAA, 0x43, 0x02, 0xAA, 0x4C, 0x02, 0xAA, 0xA7, 0x02, 0xAA, 0xB0,
 0x02, 0xAB, 0x08, 0x02, 0xAB, 0x1C, 0x02, 0xAB, 0x25, 0x02, 0xAB, 0x3B, 0x02, 0xAB, 0x48, 0x02,
 0xAD, 0x71, 0x02, 0xB1, 0xAE, 0x02, 0xAD, 0x83, 0x02, 0xAD, 0x95, 0x02, 0xAD, 0x9E, 0x02, 0xAD,
 0xB8, 0x02, 0xB1, 0x12, 0x02, 0xAD, 0xD6, 0x02, 0xAE, 0x18, 0x02, 0xAE, 0x21, 0x02, 0xAD, 0xE8,
 0x02, 0xAD, 0xF1, 0x02, 0xAE, 0x3D, 0x02, 0xAF, 0xBD, 0x02, 0xB0, 0x09, 0x02, 0xB0, 0x11, 0x02,
 0xAF, 0xCC, 0x02, 0xAF, 0xD5, 0x02, 0xAF, 0xEF, 0x02, 0xB0, 0xC3, 0x02, 0xB1, 0xBE, 0x02, 0xB1,
 0xBE, 0x02, 0xB0, 0xDA, 0x02, 0xB0, 0xE2, 0x02, 0xB0, 0xF9, 0x12, 0x0F, 0xD6, 0xE4, 0xFF, 0x12,
 0x18, 0x40, 0xE5, 0x75, 0x55, 0x9C, 0x60, 0x0B, 0xE5, 0x76, 0x55, 0x9C, 0x70, 0x05, 0xE5, 0x94,
 0x20, 0xE0, 0x05, 0xE5, 0x9C, 0xF4, 0x52, 0x74, 0x7F, 0x03, 0x12, 0x25, 0xD3, 0x75, 0x13, 0x04,
 0x02, 0xB1, 0xC1, 0x12, 0x49, 0x02, 0x75, 0x13, 0x05, 0x02, 0xB1, 0xC1, 0x12, 0xB1, 0xE1, 0xF4,
 0x70, 0x02, 0xEE, 0xF4, 0x70, 0x03, 0x02, 0xB1, 0xC1, 0x12, 0x26, 0x73, 0x75, 0x13, 0x01, 0x02,
 0xB1, 0xC1, 0xE5, 0xF1, 0x55, 0x9C, 0x70, 0x03, 0x02, 0xB1, 0xC1, 0x75, 0x13, 0x02, 0x02, 0xB1,
 0xC1, 0x12, 0x25, 0x0A, 0x75, 0x13, 0x03, 0x02, 0xB1, 0xC1, 0xE5, 0xBC, 0x55, 0x9C, 0x70, 0x03,
 0x02, 0xB1, 0xC1, 0x12, 0x27, 0x12, 0x12, 0xA1, 0x1A, 0xF4, 0x70, 0x03, 0xE5, 0x78, 0xF4, 0x70,
 0x03, 0x02, 0xB1, 0xC1, 0x12, 0xB6, 0xAE, 0xA6, 0x78, 0x08, 0xA6, 0x79, 0x7F, 0x03, 0x12, 0x25,
 0xD3, 0x75, 0x13, 0x06, 0x02, 0xB1, 0xC1, 0x12, 0x49, 0x02, 0x75, 0x13, 0x07, 0x02, 0xB1, 0xC1,
 0x12, 0xB1, 0xE1, 0xF4, 0x70, 0x02, 0xEE, 0xF4, 0x70, 0x03, 0x02, 0xB1, 0xC1, 0x12, 0xB7, 0x68,
 0x12, 0x8F, 0x98, 0xFF, 0x90, 0x05, 0xD3, 0xE0, 0x2F, 0xFF, 0x90, 0x05, 0xD2, 0xE0, 0x3E, 0xFE,
 0xEF, 0x24, 0x01, 0xFF, 0xE4, 0x3E, 0xC3, 0x13, 0xFE, 0xEF, 0x13, 0xFF, 0xEE, 0xF0, 0xA3, 0xEF,
 0xF0, 0x12, 0xB6, 0xAB, 0x12, 0xB8, 0x19, 0x12, 0x24, 0x28, 0x75, 0x13, 0x08, 0x90, 0x00, 0xD7,
 0xE0, 0x30, 0xE4, 0x06, 0x7B, 0x01, 0x7A, 0x00, 0x80, 0x04, 0x7B, 0xB8, 0x7A, 0x02, 0x7D, 0x09,
 0xAF, 0xF4, 0x12, 0x0F, 0xC5, 0x02, 0xB1, 0xC1, 0xE5, 0xF1, 0x55, 0x9C, 0x70, 0x03, 0x02, 0xB1,
 0xC1, 0x7F, 0x03, 0x12, 0x25, 0xD3, 0x75, 0x13, 0x09, 0x02, 0xB1, 0xC1, 0x12, 0x49, 0x02, 0x75,
 0x13, 0x0A, 0x02, 0xB1, 0xC1, 0x12, 0xB1, 0xE1, 0xF4, 0x70, 0x02, 0xEE, 0xF4, 0x70, 0x03, 0x02,
 0xB1, 0xC1, 0x12, 0x26, 0x73, 0x75, 0x13, 0x0B, 0x02, 0xB1, 0xC1, 0x7D, 0x03, 0x7F, 0x02, 0x12,
 0x25, 0x1B, 0x75, 0x13, 0x0C, 0x02, 0xB1, 0xC1, 0x12, 0x27, 0x12, 0x12, 0xA1, 0x1A, 0xF4, 0x70,
 0x03, 0xE5, 0x78, 0xF4, 0x70, 0x03, 0x02, 0xB1, 0xC1, 0xAF, 0x79, 0xAE, 0x78, 0x12, 0x24, 0x5C,
 0x8E, 0x78, 0x8F, 0x79, 0x12, 0x24, 0x06, 0xE5, 0x08, 0x55, 0x9C, 0x60, 0x08, 0x90, 0x02, 0x13,
 0xE0, 0x55, 0x9C, 0x60, 0x06, 0xE5, 0x93, 0x64, 0x03, 0x70, 0x70, 0xE5, 0x75, 0x55, 0x9C, 0x60,
 0x0B, 0xE5, 0x76, 0x55, 0x9C, 0x70, 0x05, 0xE5, 0x94, 0x20, 0xE0, 0x1B, 0xE5, 0x9C, 0xF4, 0x52,
 0x08, 0xE5, 0x9C, 0x42, 0x74, 0xE5, 0x93, 0x64, 0x03, 0x70, 0x3E, 0xE5, 0x76, 0x55, 0x9C, 0x60,
 0x38, 0xE5, 0xA1, 0x42, 0x08, 0x80, 0x32, 0x12, 0x85, 0x0F, 0xE6, 0xD3, 0x94, 0x22, 0x40, 0x02,
 0x80, 0x1E, 0x12, 0x85, 0x0F, 0xE6, 0xC3, 0x94, 0x0A, 0x40, 0x0F, 0x12, 0x85, 0x0F, 0xE6, 0x64,
 0x20, 0x60, 0x07, 0x12, 0x85, 0x0F, 0xE6, 0xB4, 0x1F, 0x0C, 0xE5, 0x08, 0x55, 0xA1, 0x70, 0x09,
 0xE5, 0x9C, 0x42, 0x74, 0x80, 0x03, 0x12, 0xB8, 0x31, 0xAF, 0x94, 0x74, 0x0C, 0x2F, 0x12, 0xB6,
 0x7F, 0xE0, 0xC4, 0x54, 0x0F, 0xFF, 0x12, 0x4B, 0xAD, 0x80, 0x04, 0x12, 0x87, 0xA0, 0xF0, 0x12,
 0xB1, 0xCC, 0x78, 0xBC, 0xE6, 0x55, 0x9C, 0x60, 0x03, 0x02, 0xB0, 0x9F, 0x90, 0x05, 0xD1, 0xE0,
 0xFD, 0x64, 0x06, 0x60, 0x2D, 0xD3, 0xE5, 0x79, 0x94, 0xD6, 0xE5, 0x78, 0x94, 0x02, 0x50, 0x22,
 0x90, 0x06, 0x1C, 0xE0, 0x45, 0x96, 0xF0, 0xE5, 0x76, 0x55, 0x9C, 0x60, 0x36, 0xE5, 0xA1, 0x54,
 0xF0, 0x60, 0x06, 0xE0, 0x45, 0xA1, 0xF0, 0x80, 0x2A, 0x12, 0xB7, 0x9D, 0xFE, 0xEF, 0x4E, 0xF0,
 0x80, 0x21, 0x90, 0x06, 0x1C, 0x12, 0xA5, 0x22, 0xF0, 0xE5, 0x76, 0x55, 0x9C, 0x60, 0x14, 0xE5,
 0xA1, 0x54, 0xF0, 0x60, 0x06, 0xE0, 0xFF, 0xE5, 0xA1, 0x80, 0x03, 0x12, 0xB7, 0x9D, 0xF4, 0xFE,
 0xEF, 0x5E, 0xF0, 0xED, 0x64, 0x04, 0x60, 0x7C, 0x90, 0x05, 0xD1, 0xE0, 0xFF, 0xD3, 0x94, 0x02,
 0x40, 0x04, 0xEF, 0xB4, 0x06, 0x06, 0x75, 0x13, 0x13, 0x02, 0xB1, 0xC1, 0x12, 0xB8, 0x29, 0x70,
 0x03, 0x02, 0xB1, 0xA6, 0xE5, 0x76, 0x55, 0x9C, 0x60, 0x0D, 0x7F, 0x03, 0x12, 0x18, 0x40, 0x7F,
 0x03, 0x12, 0x18, 0x5A, 0x02, 0xB1, 0xA6, 0xE5, 0x75, 0x55, 0x9C, 0x60, 0x13, 0x12, 0xB7, 0x1D,
 0x94, 0x1E, 0x50, 0x08, 0x12, 0xB1, 0xFB, 0x52, 0x74, 0x02, 0xB1, 0xA6, 0x7F, 0x03, 0x80, 0x2E,
 0xE5, 0x75, 0x55, 0x9C, 0x60, 0x07, 0x90, 0x05, 0xD1, 0xE0, 0xFF, 0x80, 0x21, 0x12, 0x32, 0x66,
 0x12, 0xB7, 0x20, 0x94, 0x1E, 0x40, 0x08, 0x90, 0x05, 0xD1, 0x74, 0x03, 0xF0, 0x80, 0x0A, 0xE4,
 0x90, 0x05, 0xD1, 0xF0, 0x12, 0xB2, 0x00, 0x52, 0x74, 0x90, 0x05, 0xD1, 0xE0, 0xFF, 0x12, 0x18,
 0x40, 0x02, 0xB1, 0xA6, 0xE5, 0x74, 0x55, 0x9C, 0x70, 0x02, 0xA1, 0x6B, 0xE5, 0x75, 0x55, 0x9C,
 0x60, 0x5E, 0xE5, 0x76, 0x55, 0x9C, 0x60, 0x28, 0x12, 0x23, 0xC7, 0xEF, 0xC3, 0x94, 0x03, 0x50,
 0x15, 0x12, 0xB7, 0x93, 0xE5, 0x08, 0x55, 0xA1, 0x60, 0x04, 0x7F, 0x03, 0x80, 0x02, 0xE4, 0xFF,
 0x12, 0x18, 0x5A, 0x02, 0xB1, 0xA6, 0x78, 0xBC, 0xE6, 0x55, 0x9C, 0x60, 0x5E, 0x02, 0xB1, 0xC1,
 0x12, 0x32, 0x10, 0x8F, 0x77, 0xE5, 0x77, 0xC3, 0x94, 0x1E, 0x50, 0x0B, 0x12, 0xB8, 0x11, 0x12,
 0x21, 0xD7, 0x12, 0x19, 0x94, 0x80, 0x44, 0xE5, 0x77, 0xC3, 0x94, 0x3C, 0x50, 0x3D, 0x12, 0xB7,
 0x93, 0x75, 0x13, 0x0E, 0xE5, 0x9C, 0xF4, 0x52, 0x74, 0xE5, 0x9C, 0x42, 0x16, 0x02, 0xB1, 0xC1,
 0x12, 0x32, 0x66, 0x12, 0xB7, 0x20, 0x94, 0x3C, 0x50, 0x21, 0x7F, 0x0C, 0x12, 0x31, 0x48, 0x12,
 0xB1, 0xF3, 0x50, 0x0F, 0x12, 0xB8, 0x11, 0x12, 0x21, 0xD7, 0x75, 0x13, 0x0D, 0x12, 0x19, 0x94,
 0x02, 0xB1, 0xC1, 0x7F, 0x03, 0x12, 0x18, 0x40, 0x02, 0xB1, 0xA9, 0x75, 0x13, 0x0D, 0x02, 0xB1,
 0xC1, 0xE5, 0xF1, 0x55, 0x9C, 0x70, 0x03, 0x02, 0xB1, 0xC1, 0x12, 0x0F, 0xD6, 0x75, 0x13, 0x0F,
 0x02, 0xB1, 0xC1, 0xE5, 0xF1, 0x55, 0x9C, 0x70, 0x03, 0x02, 0xB1, 0xC1, 0x12, 0x26, 0x0E, 0x75,
 0x13, 0x10, 0x02, 0xB1, 0xC1, 0x12, 0x25, 0x40, 0x75, 0x13, 0x11, 0x02, 0xB1, 0xC1, 0x12, 0x27,
 0x12, 0x12, 0xA1, 0x1A, 0xF4, 0x70, 0x03, 0xE5, 0x78, 0xF4, 0x70, 0x03, 0x02, 0xB1, 0xC1, 0x12,
 0xB1, 0xED, 0x75, 0x13, 0x12, 0x02, 0xB1, 0xC1, 0xE5, 0xF1, 0x55, 0x9C, 0x70, 0x03, 0x02, 0xB1,
 0xC1, 0x7F, 0x01, 0x12, 0xB1, 0xCE, 0x64, 0x04, 0x60, 0x03, 0x02, 0xB0, 0x9F, 0x12, 0x0F, 0xD6,
 0x75, 0x13, 0x14, 0x02, 0xB1, 0xC1, 0xE5, 0xF1, 0x55, 0x9C, 0x70, 0x03, 0x02, 0xB1, 0xC1, 0x12,
 0x26, 0x0E, 0x75, 0x13, 0x17, 0x02, 0xB1, 0xC1, 0x12, 0x25, 0x40, 0x75, 0x13, 0x18, 0x02, 0xB1,
 0xC1, 0x12, 0x27, 0x12, 0x12, 0xA1, 0x1A, 0xF4, 0x70, 0x03, 0xE5, 0x78, 0xF4, 0x70, 0x03, 0x02,
 0xB1, 0xC1, 0x12, 0xB6, 0xAE, 0xA6, 0x78, 0x08, 0xA6, 0x79, 0x12, 0x24, 0x06, 0x7F, 0x03, 0x12,
 0x25, 0xD3, 0x75, 0x13, 0x15, 0x02, 0xB1, 0xC1, 0x12, 0x49, 0x02, 0x75, 0x13, 0x16, 0x02, 0xB1,
 0xC1, 0x12, 0xB1, 0xE1, 0xF4, 0x70, 0x02, 0xEE, 0xF4, 0x70, 0x03, 0x02, 0xB1, 0xC1, 0x12, 0xB6,
 0xAB, 0x12, 0xB8, 0x19, 0x12, 0x24, 0x28, 0x75, 0x13, 0x19, 0x02, 0xB1, 0xC1, 0xE5, 0xF1, 0x55,
 0x9C, 0x70, 0x03, 0x02, 0xB1, 0xC1, 0x7F, 0x02, 0x12, 0xB1, 0xCE, 0x78, 0xBC, 0xE6, 0x55, 0x9C,
 0x60, 0x03, 0x02, 0xB0, 0x9F, 0xE5, 0x75, 0x55, 0x9C, 0x70, 0x3C, 0x90, 0x05, 0xD1, 0xE0, 0x14,
 0x60, 0x18, 0x14, 0x60, 0x10, 0x24, 0xFC, 0x60, 0x16, 0x24, 0x03, 0x70, 0x18, 0x90, 0x05, 0xD1,
 0x74, 0x0B, 0xF0, 0x80, 0x10, 0x12, 0xB7, 0xC6, 0x80, 0x0B, 0x12, 0xB7, 0xCD, 0x80, 0x06, 0x90,
 0x05, 0xD1, 0x74, 0x08, 0xF0, 0x90, 0x05, 0xD1, 0xE0, 0xFF, 0x12, 0xB8, 0x29, 0x60, 0x05, 0x7F,
 0x04, 0x12, 0x18, 0x40, 0x7F, 0x00, 0x22, 0xE5, 0x76, 0x55, 0x9C, 0x60, 0x72, 0x90, 0x05, 0xD1,
 0xE0, 0x14, 0x60, 0x12, 0x14, 0x60, 0x14, 0x14, 0x60, 0x16, 0x24, 0xFD, 0x70, 0x18, 0x90, 0x05,
 0xD1, 0x74, 0x08, 0xF0, 0x80, 0x10, 0x12, 0xB7, 0xCD, 0x80, 0x0B, 0x12, 0xB7, 0xC6, 0x80, 0x06,
 0x90, 0x05, 0xD1, 0x74, 0x0B, 0xF0, 0xE5, 0x74, 0x55, 0x9C, 0x60, 0x3D, 0x12, 0x32, 0x28, 0xBF,
 0x5A, 0x0A, 0x90, 0x05, 0xD1, 0xE0, 0x64, 0x08, 0x70, 0x02, 0xE1, 0xB4, 0x12, 0x32, 0x28, 0xEF,
 0xD3, 0x94, 0x5A, 0x40, 0x0A, 0x90, 0x05, 0xD1, 0xE0, 0x64, 0x04, 0x60, 0x02, 0xE1, 0xB4, 0x7F,
 0x04, 0x12, 0x18, 0x40, 0xE5, 0x08, 0x55, 0xA1, 0x60, 0x04, 0x7F, 0x04, 0x80, 0x02, 0xE4, 0xFF,
 0x12, 0x18, 0x5A, 0x90, 0x05, 0xD1, 0x02, 0xB0, 0x9F, 0x90, 0x05, 0xD1, 0x02, 0xB0, 0x9F, 0x90,
 0x05, 0xD1, 0xE0, 0x14, 0x60, 0x12, 0x14, 0x60, 0x17, 0x14, 0x60, 0x1C, 0x24, 0xFD, 0x70, 0x1E,
 0x90, 0x05, 0xD1, 0x74, 0x04, 0xF0, 0x80, 0x16, 0x12, 0x17, 0xF1, 0x12, 0xB7, 0xCD, 0x80, 0x0E,
 0x12, 0x17, 0xF1, 0x12, 0xB7, 0xC6, 0x80, 0x06, 0x90, 0x05, 0xD1, 0x74, 0x0D, 0xF0, 0xE5, 0x74,
 0x55, 0x9C, 0x60, 0x6A, 0xE5, 0x91, 0x20, 0xE0, 0x2A, 0x90, 0x05, 0xD1, 0xE0, 0x64, 0x04, 0x60,
 0x09, 0x12, 0x32, 0x28, 0xEF, 0xC3, 0x94, 0x5A, 0x50, 0x06, 0x12, 0xB7, 0x31, 0x02, 0xB0, 0x9F,
 0x90, 0x05, 0xD1, 0xE0, 0x64, 0x0D, 0x70, 0x4C, 0x12, 0xB8, 0x21, 0x50, 0x47, 0x12, 0xB7, 0x31,
 0x02, 0xB0, 0x9F, 0x12, 0xB7, 0x1D, 0x94, 0x5A, 0x40, 0x09, 0x90, 0x05, 0xD1, 0xE0, 0xD3, 0x94,
 0x04, 0x50, 0x18, 0x90, 0x05, 0xD0, 0xE0, 0xC3, 0x94, 0x3C, 0x40, 0x04, 0x7F, 0x04, 0x80, 0x02,
 0xE4, 0xFF, 0x12, 0x18, 0x40, 0x90, 0x05, 0xD1, 0x02, 0xB0, 0x9F, 0x90, 0x05, 0xD1, 0xE0, 0x64,
 0x0D, 0x70, 0x11, 0x12, 0xB8, 0x21, 0x50, 0x0C, 0x12, 0xB7, 0x31, 0x02, 0xB0, 0x9F, 0x90, 0x05,
 0xD1, 0x02, 0xB0, 0x9F, 0x12, 0x0F, 0xD6, 0x75, 0x13, 0x1A, 0x02, 0xB1, 0xC1, 0xE5, 0xF1, 0x55,
 0x9C, 0x70, 0x03, 0x02, 0xB1, 0xC1, 0x75, 0x13, 0x1D, 0x02, 0xB1, 0xC1, 0x12, 0x25, 0x40, 0x75,
 0x13, 0x1E, 0x02, 0xB1, 0xC1, 0x12, 0x27, 0x12, 0x12, 0xA1, 0x1A, 0xF4, 0x70, 0x03, 0xE5, 0x78,
 0xF4, 0x70, 0x03, 0x02, 0xB1, 0xC1, 0x12, 0xB1, 0xED, 0x75, 0x13, 0x1F, 0x02, 0xB1, 0xC1, 0xE5,
 0xF1, 0x55, 0x9C, 0x70, 0x03, 0x02, 0xB1, 0xC1, 0x7D, 0x09, 0xAF, 0xF4, 0x12, 0x0C, 0xE8, 0x7F,
 0x03, 0x12, 0x25, 0xD3, 0x75, 0x13, 0x1B, 0x21, 0xC1, 0x12, 0x49, 0x02, 0x75, 0x13, 0x1C, 0x21,
 0xC1, 0x31, 0xE1, 0xF4, 0x70, 0x02, 0xEE, 0xF4, 0x70, 0x02, 0x21, 0xC1, 0x90, 0x05, 0xD2, 0xE0,
 0xFE, 0xA3, 0xE0, 0xFF, 0x12, 0x26, 0x7D, 0x7F, 0x03, 0x31, 0xCE, 0x78, 0xBC, 0xE6, 0x55, 0x9C,
 0x60, 0x0C, 0x90, 0x06, 0x08, 0xE0, 0x45, 0x95, 0xF0, 0x90, 0x05, 0xD1, 0x80, 0x61, 0xE5, 0x76,
 0x55, 0x9C, 0x60, 0x5F, 0x90, 0x05, 0xD1, 0xE0, 0xB4, 0x06, 0x0E, 0x7F, 0x08, 0x12, 0x18, 0x40,
 0x7F, 0x08, 0x12, 0x18, 0x5A, 0x7F, 0x08, 0x21, 0x0C, 0x90, 0x05, 0xD1, 0xE0, 0xB4, 0x01, 0x06,
 0x31, 0xD7, 0x7F, 0x09, 0x21, 0x0C, 0x90, 0x05, 0xD1, 0xE0, 0xB4, 0x02, 0x0F, 0x12, 0x23, 0xC7,
 0xEF, 0xD3, 0x94, 0x05, 0x50, 0x45, 0x31, 0xD7, 0x7F, 0x0A, 0x21, 0x0C, 0x90, 0x05, 0xD1, 0xE0,
 0xB4, 0x03, 0x0F, 0x12, 0x23, 0xC7, 0xEF, 0xD3, 0x94, 0x06, 0x50, 0x2F, 0x31, 0xD7, 0x7F, 0x0B,
 0x80, 0x7A, 0xE4, 0xFF, 0x12, 0x18, 0x40, 0xE4, 0xFF, 0x12, 0x18, 0x5A, 0x90, 0x05, 0xD1, 0xE0,
 0xFF, 0x80, 0x69, 0x90, 0x05, 0xD1, 0xE0, 0xB4, 0x03, 0x05, 0x74, 0x0D, 0xF0, 0x80, 0x01, 0xE4,
 0xFF, 0x12, 0x18, 0x40, 0x90, 0x05, 0xD1, 0xE0, 0xFF, 0x80, 0x51, 0x12, 0x0F, 0xD6, 0x75, 0x13,
 0x20, 0x21, 0xC1, 0xE5, 0xF1, 0x55, 0x9C, 0x70, 0x02, 0x21, 0xC1, 0x7D, 0x09, 0xAF, 0xF4, 0x12,
 0x0C, 0xE8, 0x12, 0x26, 0x0E, 0x75, 0x13, 0x23, 0x21, 0xC1, 0x12, 0x25, 0x40, 0x75, 0x13, 0x24,
 0x21, 0xC1, 0x12, 0x27, 0x12, 0x12, 0xA1, 0x1A, 0xF4, 0x70, 0x03, 0xE5, 0x78, 0xF4, 0x70, 0x02,
 0x21, 0xC1, 0x31, 0xED, 0x75, 0x13, 0x25, 0x21, 0xC1, 0xE5, 0xF1, 0x55, 0x9C, 0x70, 0x02, 0x21,
 0xC1, 0x7D, 0x09, 0xAF, 0xF4, 0x12, 0x0C, 0xE8, 0x7F, 0x04, 0x31, 0xCE, 0x12, 0x31, 0x48, 0x7F,
 0x00, 0x22, 0x31, 0xCC, 0x12, 0x31, 0x48, 0xE5, 0x75, 0x55, 0x9C, 0x60, 0x10, 0xE5, 0x76, 0x55,
 0x9C, 0x60, 0x05, 0x12, 0x32, 0x28, 0x80, 0x08, 0x12, 0x32, 0x10, 0x80, 0x03, 0x12, 0x32, 0x66,
 0x90, 0x05, 0xD0, 0xEF, 0xF0, 0x90, 0x05, 0xD1, 0xE0, 0xFF, 0xB4, 0x01, 0x11, 0x90, 0x05, 0xD0,
 0xE0, 0xC3, 0x94, 0x08, 0x40, 0x08, 0x90, 0x05, 0xD1, 0x74, 0x01, 0xF0, 0x80, 0x3C, 0xEF, 0xB4,
 0x02, 0x11, 0x90, 0x05, 0xD0, 0xE0, 0xC3, 0x94, 0x0E, 0x40, 0x08, 0x90, 0x05, 0xD1, 0x74, 0x02,
 0xF0, 0x80, 0x27, 0x90, 0x05, 0xD1, 0xE0, 0xB4, 0x06, 0x0C, 0x31, 0xF3, 0x40, 0x08, 0x90, 0x05,
 0xD1, 0x74, 0x03, 0xF0, 0x80, 0x14, 0x31, 0xFB, 0x52, 0x74, 0xE5, 0x76, 0x55, 0x9C, 0x60, 0x0A,
 0xE4, 0xFF, 0x12, 0x18, 0x5A, 0xE5, 0xA1, 0xF4, 0x52, 0x74, 0xE5, 0x74, 0x55, 0x9C, 0x60, 0x16,
 0x90, 0x05, 0xD1, 0xE0, 0xFF, 0x12, 0x18, 0x40, 0xE5, 0x76, 0x55, 0x9C, 0x60, 0x08, 0x90, 0x05,
 0xD1, 0xE0, 0xFF, 0x12, 0x18, 0x5A, 0x12, 0x26, 0x0E, 0x75, 0x13, 0x0E, 0x80, 0x13, 0xE5, 0xF1,
 0x55, 0x9C, 0x60, 0x0D, 0x7D, 0x09, 0xAF, 0xF4, 0x12, 0x0C, 0xE8, 0x7F, 0x00, 0x22, 0xE4, 0xF5,
 0x13, 0xAF, 0x91, 0x74, 0x3B, 0x2F, 0xF8, 0xA6, 0x13, 0x7F, 0x01, 0x22, 0xE4, 0xFF, 0x12, 0x18,
 0x75, 0x90, 0x05, 0xD1, 0xEF, 0xF0, 0x22, 0x7F, 0x09, 0x12, 0x18, 0x40, 0x7F, 0x09, 0x02, 0x18,
 0x5A, 0x12, 0x27, 0x12, 0x90, 0x05, 0xD2, 0xEE, 0xF0, 0xA3, 0xEF, 0xF0, 0x22, 0x12, 0x24, 0x28,
 0x02, 0x24, 0x06, 0x90, 0x05, 0xD0, 0xE0, 0xC3, 0x94, 0x1E, 0x22, 0xE4, 0xFF, 0x12, 0x18, 0x40,
 0x7F, 0x03, 0x12, 0x21, 0xD7, 0xE5, 0x9C, 0xF4, 0x22, 0xE5, 0x93, 0x64, 0x03, 0x60, 0x0F, 0xE5,
 0x08, 0x45, 0x74, 0x55, 0xA1, 0x60, 0x02, 0x80, 0x02, 0xE4, 0xFF, 0x12, 0x18, 0x5A, 0x22, 0xC2,
 0xAF, 0xD3, 0xE5, 0x22, 0x94, 0x0F, 0xE5, 0x21, 0x94, 0x00, 0x40, 0x1A, 0x05, 0x22, 0xE5, 0x22,
 0x70, 0x02, 0x05, 0x21, 0xD3, 0x94, 0x90, 0xE5, 0x21, 0x94, 0x01, 0x50, 0x02, 0x41, 0xE3, 0xE4,
 0xF5, 0x21, 0xF5, 0x22, 0x41, 0xE3, 0xE5, 0x22, 0x54, 0x0F, 0xFF, 0xE4, 0xC3, 0x13, 0xEF, 0x13,
 0x78, 0xDA, 0xF6, 0xF5, 0x91, 0x12, 0x85, 0x1B, 0xE6, 0xC3, 0x94, 0x2C, 0x50, 0x2B, 0x85, 0x9C,
 0xA4, 0x91, 0xF3, 0xE5, 0x94, 0x44, 0x64, 0x66, 0x70, 0x12, 0xE5, 0x22, 0x30, 0xE0, 0x08, 0x05,
 0x22, 0xE5, 0x22, 0x70, 0x02, 0x05, 0x21, 0x12, 0x0C, 0xA5, 0x80, 0x67, 0x74, 0x02, 0x25, 0x22,
 0xF5, 0x22, 0xE4, 0x35, 0x21, 0xF5, 0x21, 0x80, 0x5A, 0xE5, 0x22, 0x30, 0xE0, 0x42, 0x12, 0x0C,
 0x75, 0x90, 0x02, 0xDA, 0x91, 0xFA, 0x70, 0x02, 0xEE, 0xF4, 0x60, 0x47, 0x90, 0x06, 0x10, 0xE0,
 0x55, 0x95, 0x60, 0x1F, 0x12, 0x85, 0xF9, 0xE6, 0x64, 0x08, 0x60, 0x17, 0x90, 0x02, 0xDA, 0xB1,
 0xB7, 0x12, 0x16, 0x7F, 0x90, 0x02, 0xDA, 0xB1, 0x93, 0xAD, 0x94, 0xED, 0xB1, 0xA5, 0x12, 0x8F,
 0xE9, 0x80, 0x03, 0x85, 0x9C, 0xA4, 0x05, 0x22, 0xE5, 0x22, 0x70, 0x02, 0x05, 0x21, 0x80, 0x13,
 0xB1, 0x26, 0xEF, 0x70, 0x0E, 0x91, 0xF3, 0x74, 0x40, 0x46, 0xF6, 0x05, 0x22, 0xE5, 0x22, 0x70,
 0x02, 0x05, 0x21, 0x78, 0xCD, 0xE6, 0xFF, 0x60, 0x0F, 0x30, 0xE0, 0x03, 0x12, 0x37, 0xA8, 0x78,
 0xCD, 0xE6, 0x30, 0xE1, 0x03, 0x12, 0x3C, 0x72, 0xD2, 0xAF, 0x7F, 0x01, 0x12, 0x25, 0xA0, 0xC2,
 0xAF, 0xE4, 0xF5, 0x91, 0x90, 0x02, 0xE7, 0xE0, 0x70, 0x02, 0x81, 0x75, 0x14, 0x60, 0x75, 0x14,
 0x70, 0x02, 0x61, 0x9A, 0x24, 0xFE, 0x60, 0x1A, 0x14, 0x60, 0x50, 0x24, 0x02, 0x60, 0x02, 0x81,
 0xDA, 0x78, 0xDD, 0xE6, 0x70, 0x02, 0x81, 0xDA, 0xE4, 0x78, 0xDD, 0xF6, 0x90, 0x02, 0xE4, 0x04,
 0x91, 0xEB, 0x90, 0x02, 0xE4, 0xE0, 0x14, 0x60, 0x0E, 0x14, 0x60, 0x13, 0x24, 0x02, 0x70, 0x15,
 0xE4, 0x90, 0x02, 0xE6, 0xF0, 0x80, 0x0E, 0x90, 0x02, 0xE6, 0x74, 0x07, 0xF0, 0x80, 0x06, 0x90,
 0x02, 0xE6, 0x74, 0x08, 0xF0, 0xE4, 0xF5, 0x91, 0x90, 0x02, 0xE6, 0xE0, 0xFF, 0x12, 0xA4, 0xCE,
 0x70, 0x02, 0x81, 0xDA, 0x90, 0x02, 0xE7, 0x74, 0x05, 0xF0, 0x22, 0x12, 0x0C, 0x75, 0x90, 0x02,
 0xE0, 0x91, 0xFA, 0x70, 0x02, 0xEE, 0xF4, 0x70, 0x02, 0x81, 0xDA, 0x90, 0x02, 0xE4, 0xE0, 0x90,
 0x02, 0xE7, 0xF0, 0x22, 0x90, 0x02, 0xE0, 0xE0, 0xFF, 0xA3, 0xE0, 0x90, 0x02, 0xDE, 0xCF, 0xF0,
 0xA3, 0xEF, 0xF0, 0x90, 0x02, 0xE4, 0x74, 0x02, 0x81, 0x73, 0x90, 0x02, 0xDE, 0xE0, 0xFE, 0xA3,
 0xE0, 0xFF, 0x90, 0x02, 0xE0, 0xE0, 0xFC, 0xA3, 0xE0, 0xFD, 0xC3, 0x9F, 0xEC, 0x9E, 0x50, 0x15,
 0xC3, 0x90, 0x02, 0xDF, 0xE0, 0x9D, 0xFE, 0x90, 0x02, 0xDE, 0xE0, 0x9C, 0x90, 0x02, 0xE0, 0xF0,
 0xA3, 0xCE, 0xF0, 0x80, 0x02, 0x91, 0xE3, 0x91, 0xDB, 0xFF, 0xC3, 0x94, 0x0E, 0xEE, 0x94, 0x06,
 0x50, 0x0C, 0x90, 0x02, 0xE0, 0x74, 0x06, 0xF0, 0xA3, 0x74, 0x0E, 0xF0, 0x80, 0x0D, 0xD3, 0xEF,
 0x94, 0x0A, 0xEE, 0x94, 0x0A, 0x40, 0x04, 0x74, 0x0A, 0x91, 0xE4, 0xE5, 0xAE, 0x70, 0x17, 0xB1,
 0x18, 0x40, 0x04, 0xB1, 0x0B, 0x80, 0x02, 0x91, 0xE3, 0x91, 0xDB, 0x78, 0x02, 0xCE, 0xC3, 0x13,
 0xCE, 0x13, 0xD8, 0xF9, 0xB1, 0x01, 0x90, 0x00, 0x2C, 0xE0, 0xD3, 0x94, 0xFE, 0x40, 0x2D, 0x90,
 0x02, 0xE3, 0xE0, 0xFF, 0xD3, 0x94, 0x01, 0x40, 0x14, 0xEF, 0x44, 0x01, 0xF0, 0x90, 0x00, 0x0A,
 0xE0, 0x44, 0x80, 0xF0, 0x90, 0x01, 0x0A, 0xE0, 0x44, 0x80, 0xF0, 0x80, 0x1D, 0x90, 0x02, 0xE3,
 0xE0, 0xC3, 0x94, 0x0A, 0x50, 0x14, 0xE0, 0x24, 0x02, 0xF0, 0x80, 0x0E, 0x90, 0x00, 0x2C, 0xE0,
 0xD3, 0x94, 0xF3, 0x50, 0x05, 0xE4, 0x90, 0x02, 0xE3, 0xF0, 0x90, 0x02, 0xE3, 0xE0, 0x30, 0xE0,
 0x03, 0x12, 0x38, 0xA4, 0xE5, 0xAE, 0x60, 0x17, 0xB1, 0x18, 0x40, 0x04, 0xB1, 0x0B, 0x80, 0x02,
 0x91, 0xE3, 0x91, 0xDB, 0x78, 0x02, 0xCE, 0xC3, 0x13, 0xCE, 0x13, 0xD8, 0xF9, 0xB1, 0x01, 0xE4,
 0x90, 0x02, 0xE4, 0x80, 0x76, 0x91, 0xDB, 0xFF, 0x90, 0x02, 0xDA, 0xEE, 0xF0, 0xFC, 0xA3, 0xEF,
 0xF0, 0xC3, 0x94, 0x43, 0xEC, 0x94, 0x1C, 0x50, 0x16, 0x90, 0x02, 0xDD, 0xE0, 0xC3, 0x94, 0x03,
 0x50, 0x0D, 0xE4, 0x90, 0x02, 0xE4, 0x91, 0xEB, 0x90, 0x02, 0xDD, 0xE0, 0x04, 0xF0, 0x22, 0xE4,
 0x90, 0x02, 0xDD, 0xF0, 0x12, 0x00, 0x55, 0x90, 0x02, 0xE0, 0xEE, 0xF0, 0xA3, 0xEF, 0xF0, 0x90,
 0x00, 0x2E, 0xEE, 0xF0, 0xA3, 0xEF, 0xF0, 0x90, 0x01, 0x2E, 0xEE, 0xF0, 0xA3, 0xEF, 0xF0, 0x12,
 0x3D, 0x07, 0x90, 0x06, 0xF2, 0xE0, 0x54, 0xC0, 0xC3, 0x13, 0x78, 0x5C, 0xF6, 0xE0, 0x54, 0xC0,
 0xC3, 0x13, 0x08, 0xF6, 0x90, 0x02, 0xE7, 0x74, 0x03, 0xF0, 0x22, 0x90, 0x02, 0xE0, 0xE0, 0xFE,
 0xA3, 0xE0, 0x22, 0xE4, 0x90, 0x02, 0xE0, 0xF0, 0xA3, 0xF0, 0x22, 0xF0, 0x90, 0x02, 0xE7, 0x74,
 0x04, 0xF0, 0x22, 0xAF, 0x92, 0x74, 0x1F, 0x2F, 0xF8, 0x22, 0xEE, 0xF0, 0xA3, 0xEF, 0xF0, 0xF4,
 0x22, 0x90, 0x00, 0x2C, 0xF0, 0xE0, 0x90, 0x01, 0x2C, 0xF0, 0x22, 0xA3, 0xE0, 0x24, 0xF2, 0xF0,
 0x90, 0x02, 0xE0, 0xE0, 0x34, 0xF9, 0xF0, 0x22, 0xD3, 0x90, 0x02, 0xE1, 0xE0, 0x94, 0x0E, 0x90,
 0x02, 0xE0, 0xE0, 0x94, 0x06, 0x22, 0x91, 0xF3, 0xE6, 0x60, 0x03, 0x7F, 0x01, 0x22, 0x90, 0x00,
 0xD7, 0xE0, 0x90, 0x06, 0xCB, 0x30, 0xE5, 0x05, 0x74, 0x11, 0xF0, 0x80, 0x03, 0x74, 0x50, 0xF0,
 0xE4, 0x90, 0x06, 0x7C, 0xF0, 0x90, 0x06, 0x93, 0x74, 0x10, 0xF0, 0xE4, 0xFF, 0x12, 0x0C, 0x64,
 0xAF, 0x9E, 0xEF, 0x14, 0x60, 0x0F, 0x14, 0x60, 0x11, 0x14, 0x60, 0x14, 0x24, 0x03, 0x70, 0x1B,
 0x90, 0x06, 0xF4, 0x80, 0x08, 0x90, 0x06, 0xF4, 0x80, 0x09, 0x90, 0x06, 0xF5, 0xE0, 0x80, 0x05,
 0x90, 0x06, 0xF5, 0xE0, 0xC4, 0x54, 0x0F, 0x90, 0x02, 0xEA, 0xF0, 0x90, 0x06, 0xE7, 0xE0, 0x90,
 0x02, 0xEA, 0xB1, 0xBF, 0xE5, 0x94, 0x44, 0x24, 0xB1, 0x9B, 0x90, 0x06, 0x7C, 0x74, 0x02, 0xF0,
 0x7F, 0x00, 0x22, 0xEE, 0xF0, 0xA3, 0xEF, 0xF0, 0x02, 0x00, 0x55, 0xFF, 0xAE, 0x92, 0x74, 0x1F,
 0x2E, 0xF8, 0xEF, 0xF6, 0x22, 0x25, 0xE0, 0x25, 0xE0, 0x24, 0x32, 0xF5, 0x82, 0xE4, 0x34, 0x06,
 0x22, 0x85, 0x9C, 0xAC, 0x90, 0x05, 0xD5, 0xE0, 0xFC, 0xA3, 0xE0, 0xFD, 0xE4, 0xFF, 0x22, 0x54,
 0xF0, 0xFF, 0xE0, 0x4F, 0x90, 0x06, 0xE7, 0xF0, 0xE5, 0x9F, 0x44, 0x02, 0x90, 0x06, 0x7D, 0xF0,
 0x22, 0x90, 0x06, 0x17, 0xE0, 0x20, 0xE0, 0x02, 0xC1, 0x78, 0xE5, 0x75, 0x55, 0x9C, 0x60, 0x75,
 0x12, 0x32, 0x28, 0x8F, 0x77, 0xE5, 0x76, 0x55, 0x9C, 0x60, 0x4B, 0xE5, 0x77, 0xD3, 0x94, 0x1F,
 0x50, 0x05, 0x75, 0x77, 0x03, 0x80, 0x35, 0xE5, 0x77, 0xB4, 0x3C, 0x05, 0x75, 0x77, 0x04, 0x80,
 0x2B, 0xE5, 0x77, 0xB4, 0x5A, 0x05, 0x75, 0x77, 0x08, 0x80, 0x21, 0xE5, 0x77, 0xB4, 0x78, 0x05,
 0x75, 0x77, 0x09, 0x80, 0x17, 0xE5, 0x77, 0xB4, 0x96, 0x05, 0x75, 0x77, 0x0A, 0x80, 0x0D, 0xE5,
 0x77, 0xB4, 0xB4, 0x05, 0x75, 0x77, 0x0B, 0x80, 0x03, 0xE4, 0xF5, 0x77, 0xAF, 0x77, 0x12, 0x18,
 0x40, 0xAF, 0x77, 0x02, 0x18, 0x5A, 0xE5, 0x77, 0xB4, 0x3C, 0x05, 0x75, 0x77, 0x03, 0x80, 0x33,
 0xE5, 0x77, 0xB4, 0x78, 0x05, 0x75, 0x77, 0x04, 0x80, 0x29, 0xE5, 0x77, 0x64, 0xB4, 0x70, 0x28,
 0x75, 0x77, 0x0D, 0x80, 0x1E, 0x12, 0x32, 0x66, 0x8F, 0x77, 0xE5, 0x77, 0xD3, 0x94, 0x1F, 0x50,
 0x05, 0x75, 0x77, 0x03, 0x80, 0x0D, 0xE5, 0x77, 0xB4, 0x3C, 0x05, 0x75, 0x77, 0x04, 0x80, 0x03,
 0xE4, 0xF5, 0x77, 0xAF, 0x77, 0x12, 0x18, 0x40, 0x22, 0xE5, 0xCE, 0x54, 0x03, 0x24, 0x0C, 0xF5,
 0x82, 0xE4, 0x34, 0x06, 0xF5, 0x83, 0x22, 0x76, 0x1B, 0xAF, 0x91, 0x74, 0x33, 0x2F, 0xF8, 0xE4,
 0xF6, 0x22, 0x12, 0x0C, 0x75, 0x90, 0x05, 0xD5, 0xEE, 0xF0, 0xA3, 0xEF, 0xF0, 0x22, 0xE4, 0xFD,
 0xFF, 0x12, 0x16, 0x32, 0x8F, 0x0E, 0xE5, 0x0E, 0x64, 0x04, 0x22, 0x12, 0x26, 0x73, 0xAF, 0x91,
 0xEF, 0x25, 0xE0, 0x24, 0x4C, 0xF8, 0x22, 0xE5, 0xA1, 0xF4, 0xFE, 0xEF, 0x5E, 0xF0, 0x90, 0x06,
 0x04, 0xE0, 0xFF, 0xE5, 0xCE, 0x54, 0x03, 0xFE, 0x22, 0xD3, 0x90, 0x05, 0xD6, 0xE0, 0x94, 0x32,
 0x90, 0x05, 0xD5, 0xE0, 0x94, 0x33, 0x22, 0x12, 0x26, 0xCA, 0x78, 0xBC, 0xE6, 0xFF, 0x55, 0x9C,
 0x22, 0x90, 0x06, 0x1C, 0xE0, 0xF5, 0x0E, 0xE5, 0x95, 0x22, 0xE5, 0x12, 0x55, 0x9C, 0xF5, 0x77,
 0x90, 0x06, 0x14, 0xE0, 0x55, 0x96, 0x22, 0xAF, 0x94, 0xEF, 0x75, 0xF0, 0x03, 0xA4, 0x24, 0x70,
 0xF5, 0x82, 0xE4, 0x34, 0x06, 0xF5, 0x83, 0xE4, 0xF0, 0x22, 0xE5, 0x73, 0x24, 0x05, 0xFF, 0xE4,
 0x35, 0x72, 0xFE, 0x7C, 0x00, 0x7D, 0x0A, 0x12, 0x01, 0xCE, 0x8E, 0x72, 0x22, 0x12, 0x32, 0x10,
 0x90, 0x05, 0xD0, 0xEF, 0xF0, 0xC3, 0x22, 0xE0, 0xFF, 0xE5, 0x0E, 0xF4, 0xFE, 0xEF, 0x5E, 0xF0,
 0x22, 0x7F, 0x04, 0x12, 0x18, 0x40, 0x90, 0x05, 0xD1, 0x22, 0x75, 0xF0, 0x03, 0xA4, 0x24, 0x72,
 0xF5, 0x82, 0xE4, 0x34, 0x06, 0xF5, 0x83, 0x22, 0x12, 0x19, 0x94, 0xE5, 0x9C, 0xF4, 0x52, 0x08,
 0x22, 0xFF, 0x90, 0x06, 0x14, 0xE0, 0xFD, 0xEF, 0x5D, 0x22, 0x75, 0xF0, 0x03, 0xA4, 0x24, 0x71,
 0xF5, 0x82, 0xE4, 0x34, 0x06, 0xF5, 0x83, 0x22, 0xAF, 0x91, 0xEF, 0x25, 0xE0, 0x24, 0xF0, 0xF5,
 0x82, 0xE4, 0x34, 0x02, 0x22, 0xC4, 0x54, 0xF0, 0x42, 0x11, 0xE5, 0x0E, 0x55, 0x96, 0x22, 0xE0,
 0xC4, 0x13, 0x13, 0x54, 0x03, 0xFF, 0x90, 0x02, 0xD6, 0xE0, 0x22, 0xE0, 0xC4, 0x54, 0x0F, 0xD3,
 0x94, 0x04, 0x22, 0x7F, 0x0C, 0x12, 0x31, 0x48, 0x7F, 0x03, 0x02, 0x18, 0x40, 0x90, 0x06, 0x1C,
 0xE0, 0xFF, 0xE5, 0xA1, 0xC4, 0x54, 0xF0, 0x22, 0xF0, 0xE5, 0xCE, 0x54, 0x03, 0x24, 0x4C, 0x22,
 0x74, 0x20, 0x2F, 0xF5, 0x82, 0xE4, 0x34, 0x03, 0xF5, 0x83, 0x22, 0x12, 0x27, 0x12, 0x8E, 0x72,
 0x8F, 0x73, 0xE5, 0x73, 0xF4, 0x22, 0x90, 0x05, 0xD1, 0x74, 0x0A, 0xF0, 0x22, 0x90, 0x05, 0xD1,
 0x74, 0x09, 0xF0, 0x22, 0xE5, 0x9C, 0x45, 0xA1, 0xF5, 0xAC, 0x22, 0x90, 0x06, 0xB2, 0xEE, 0xF0,
 0xA3, 0xEF, 0xF0, 0x22, 0x90, 0x05, 0xD5, 0xE0, 0xFE, 0xA3, 0xE0, 0xFF, 0x22, 0x45, 0x96, 0xF4,
 0x5F, 0x90, 0x06, 0x1C, 0xF0, 0x22, 0xE5, 0x9C, 0x45, 0xA1, 0xF4, 0xFE, 0xEF, 0x5E, 0x22, 0x12,
 0x22, 0x6F, 0xE5, 0x9C, 0xF4, 0x52, 0x08, 0x22, 0xE5, 0x9C, 0xF4, 0x90, 0x02, 0xD9, 0xF0, 0xE0,
 0x22, 0xE4, 0xFF, 0x12, 0x18, 0x40, 0x7F, 0x03, 0x22, 0xE6, 0xF5, 0x78, 0x08, 0xE6, 0xF5, 0x79,
 0x22, 0x12, 0x32, 0x28, 0xEF, 0xD3, 0x94, 0x78, 0x22, 0x12, 0x31, 0x48, 0xE5, 0x74, 0x55, 0x9C,
 0x22, 0x90, 0x02, 0x13, 0xE0, 0x45, 0x9C, 0xF0, 0x22, 0xE4, 0xFB, 0xFA, 0x7D, 0x04, 0xAF, 0xF4,
 0x22, 0xAF, 0x0E, 0x12, 0x22, 0x6F, 0xE5, 0x0E, 0x22, 0x90, 0x06, 0x2D, 0xE0, 0x45, 0x0E, 0xF0,
 0x22, 0xE5, 0x9C, 0xF4, 0x78, 0xBB, 0x56, 0xF6, 0x22, 0x25, 0xE0, 0x25, 0xE0, 0x24, 0x7B, 0xF8,
 0x22, 0x00, 0x00, 0x00, 0x00, 0x00, 0x00, 0x00, 0x00, 0x00, 0x00, 0x00, 0x00, 0x00, 0x00, 0x00,
 0x00, 0x00, 0x00, 0x00, 0x00, 0x00, 0x00, 0x00, 0x00, 0x00, 0x00, 0x00, 0x00, 0x00, 0x00, 0x00,
 0x00, 0x00, 0x00, 0x00, 0x00, 0x00, 0x00, 0x00, 0x00, 0x00, 0x00, 0x00, 0x00, 0x00, 0x00, 0x00,
 0x00, 0x00, 0x00, 0x00, 0x00, 0x00, 0x00, 0x00, 0x00, 0x00, 0x00, 0x00, 0x00, 0x00, 0x00, 0x00,
 0x00, 0x00, 0x00, 0x00, 0x00, 0x00, 0x00, 0x00, 0x00, 0x00, 0x00, 0x00, 0x00, 0x00, 0x00, 0x00,
 0x00, 0x00, 0x00, 0x00, 0x00, 0x00, 0x00, 0x00, 0x00, 0x00, 0x00, 0x00, 0x00, 0x00, 0x00, 0x00,
 0x00, 0x00, 0x00, 0x00, 0x00, 0x00, 0x00, 0x00, 0x00, 0x00, 0x00, 0x00, 0x00, 0x00, 0x00, 0x00,
 0x00, 0x00, 0x00, 0x00, 0x00, 0x00, 0x00, 0x00, 0x00, 0x00, 0x00, 0x00, 0x00, 0x00, 0x00, 0x00,
 0x00, 0x00, 0x00, 0x00, 0x00, 0x00, 0x00, 0x00, 0x00, 0x00, 0x00, 0x00, 0x00, 0x00, 0x00, 0x00,
 0x00, 0x00, 0x00, 0x00, 0x00, 0x00, 0x00, 0x00, 0x00, 0x00, 0x00, 0x00, 0x00, 0x00, 0x00, 0x00,
 0x00, 0x00, 0x00, 0x00, 0x00, 0x00, 0x00, 0x00, 0x00, 0x00, 0x00, 0x00, 0x00, 0x00, 0x00, 0x00,
 0x00, 0x00, 0x00, 0x00, 0x00, 0x00, 0x00, 0x00, 0x00, 0x00, 0x00, 0x00, 0x00, 0x00, 0x00, 0x00,
 0x00, 0x00, 0x00, 0x00, 0x00, 0x00, 0x00, 0x00, 0x00, 0x00, 0x00, 0x00, 0x00, 0x00, 0x00, 0x00,
 0x00, 0x00, 0x00, 0x00, 0x00, 0x00, 0x00, 0x00, 0x00, 0x00, 0x00, 0x00, 0x00, 0x00, 0x00, 0x00,
 0x00, 0x00, 0x00, 0x00, 0x00, 0x00, 0x00, 0x00, 0x00, 0x00, 0x00, 0x00, 0x00, 0x00, 0x00, 0x00,
 0x00, 0x00, 0x00, 0x00, 0x00, 0x00, 0x00, 0x00, 0x00, 0x00, 0x00, 0x00, 0x00, 0x00, 0x00, 0x00,
 0x00, 0x00, 0x00, 0x00, 0x00, 0x00, 0x00, 0x00, 0x00, 0x00, 0x00, 0x00, 0x00, 0x00, 0x00, 0x00,
 0x00, 0x00, 0x00, 0x00, 0x00, 0x00, 0x00, 0x00, 0x00, 0x00, 0x00, 0x00, 0x00, 0x00, 0x00, 0x00,
 0x00, 0x00, 0x00, 0x00, 0x00, 0x00, 0x00, 0x00, 0x00, 0x00, 0x00, 0x00, 0x00, 0x00, 0x00, 0x00,
 0x00, 0x00, 0x00, 0x00, 0x00, 0x00, 0x00, 0x00, 0x00, 0x00, 0x00, 0x00, 0x00, 0x00, 0x00, 0x00,
 0x00, 0x00, 0x00, 0x00, 0x00, 0x00, 0x00, 0x00, 0x00, 0x00, 0x00, 0x00, 0x00, 0x00, 0x00, 0x00,
 0x00, 0x00, 0x00, 0x00, 0x00, 0x00, 0x00, 0x00, 0x00, 0x00, 0x00, 0x00, 0x00, 0x00, 0x00, 0x00,
 0x00, 0x00, 0x00, 0x00, 0x00, 0x00, 0x00, 0x00, 0x00, 0x00, 0x00, 0x00, 0x00, 0x00, 0x00, 0x00,
 0x00, 0x00, 0x00, 0x00, 0x00, 0x00, 0x00, 0x00, 0x00, 0x00, 0x00, 0x00, 0x00, 0x00, 0x00, 0x00,
 0x00, 0x00, 0x00, 0x00, 0x00, 0x00, 0x00, 0x00, 0x00, 0x00, 0x00, 0x00, 0x00, 0x00, 0x00, 0x00,
 0x00, 0x00, 0x00, 0x00, 0x00, 0x00, 0x00, 0x00, 0x00, 0x00, 0x00, 0x00, 0x00, 0x00, 0x00, 0x00,
 0x00, 0x00, 0x00, 0x00, 0x00, 0x00, 0x00, 0x00, 0x00, 0x00, 0x00, 0x00, 0x00, 0x00, 0x00, 0x00,
 0x00, 0x00, 0x00, 0x00, 0x00, 0x00, 0x00, 0x00, 0x00, 0x00, 0x00, 0x00, 0x00, 0x00, 0x00, 0x00,
 0x00, 0x00, 0x00, 0x00, 0x00, 0x00, 0x00, 0x00, 0x00, 0x00, 0x00, 0x00, 0x00, 0x00, 0x00, 0x00,
 0x00, 0x00, 0x00, 0x00, 0x00, 0x00, 0x00, 0x00, 0x00, 0x00, 0x00, 0x00, 0x00, 0x00, 0x00, 0x00,
 0x00, 0x00, 0x00, 0x00, 0x00, 0x00, 0x00, 0x00, 0x00, 0x00, 0x00, 0x00, 0x00, 0x00, 0x00, 0x00,
 0x00, 0x00, 0x00, 0x00, 0x00, 0x00, 0x00, 0x00, 0x00, 0x00, 0x00, 0x00, 0x00, 0x00, 0x00, 0x00,
 0x00, 0x00, 0x00, 0x00, 0x00, 0x00, 0x00, 0x00, 0x00, 0x00, 0x00, 0x00, 0x00, 0x00, 0x00, 0x00,
 0x00, 0x00, 0x00, 0x00, 0x00, 0x00, 0x00, 0x00, 0x00, 0x00, 0x00, 0x00, 0x00, 0x00, 0x00, 0x00,
 0x00, 0x00, 0x00, 0x00, 0x00, 0x00, 0x00, 0x00, 0x00, 0x00, 0x00, 0x00, 0x00, 0x00, 0x00, 0x00,
 0x00, 0x00, 0x00, 0x00, 0x00, 0x00, 0x00, 0x00, 0x00, 0x00, 0x00, 0x00, 0x00, 0x00, 0x00, 0x00,
 0x00, 0x00, 0x00, 0x00, 0x00, 0x00, 0x00, 0x00, 0x00, 0x00, 0x00, 0x00, 0x00, 0x00, 0x00, 0x00,
 0x00, 0x00, 0x00, 0x00, 0x00, 0x00, 0x00, 0x00, 0x00, 0x00, 0x00, 0x00, 0x00, 0x00, 0x00, 0x00,
 0x00, 0x00, 0x00, 0x00, 0x00, 0x00, 0x00, 0x00, 0x00, 0x00, 0x00, 0x00, 0x00, 0x00, 0x00, 0x00,
 0x00, 0x00, 0x00, 0x00, 0x00, 0x00, 0x00, 0x00, 0x00, 0x00, 0x00, 0x00, 0x00, 0x00, 0x00, 0x00,
 0x00, 0x00, 0x00, 0x00, 0x00, 0x00, 0x00, 0x00, 0x00, 0x00, 0x00, 0x00, 0x00, 0x00, 0x00, 0x00,
 0x00, 0x00, 0x00, 0x00, 0x00, 0x00, 0x00, 0x00, 0x00, 0x00, 0x00, 0x00, 0x00, 0x00, 0x00, 0x00,
 0x00, 0x00, 0x00, 0x00, 0x00, 0x00, 0x00, 0x00, 0x00, 0x00, 0x00, 0x00, 0x00, 0x00, 0x00, 0x00,
 0x00, 0x00, 0x00, 0x00, 0x00, 0x00, 0x00, 0x00, 0x00, 0x00, 0x00, 0x00, 0x00, 0x00, 0x00, 0x00,
 0x00, 0x00, 0x00, 0x00, 0x00, 0x00, 0x00, 0x00, 0x00, 0x00, 0x00, 0x00, 0x00, 0x00, 0x00, 0x00,
 0x00, 0x00, 0x00, 0x00, 0x00, 0x00, 0x00, 0x00, 0x00, 0x00, 0x00, 0x00, 0x00, 0x00, 0x00, 0x00,
 0x00, 0x00, 0x00, 0x00, 0x00, 0x00, 0x00, 0x00, 0x00, 0x00, 0x00, 0x00, 0x00, 0x00, 0x00, 0x00,
 0x00, 0x00, 0x00, 0x00, 0x00, 0x00, 0x00, 0x00, 0x00, 0x00, 0x00, 0x00, 0x00, 0x00, 0x00, 0x00,
 0x00, 0x00, 0x00, 0x00, 0x00, 0x00, 0x00, 0x00, 0x00, 0x00, 0x00, 0x00, 0x00, 0x00, 0x00, 0x00,
 0x00, 0x00, 0x00, 0x00, 0x00, 0x00, 0x00, 0x00, 0x00, 0x00, 0x00, 0x00, 0x00, 0x00, 0x00, 0x00,
 0x00, 0x00, 0x00, 0x00, 0x00, 0x00, 0x00, 0x00, 0x00, 0x00, 0x00, 0x00, 0x00, 0x00, 0x00, 0x00,
 0x00, 0x00, 0x00, 0x00, 0x00, 0x00, 0x00, 0x00, 0x00, 0x00, 0x00, 0x00, 0x00, 0x00, 0x00, 0x00,
 0x00, 0x00, 0x00, 0x00, 0x00, 0x00, 0x00, 0x00, 0x00, 0x00, 0x00, 0x00, 0x00, 0x00, 0x00, 0x00,
 0x00, 0x00, 0x00, 0x00, 0x00, 0x00, 0x00, 0x00, 0x00, 0x00, 0x00, 0x00, 0x00, 0x00, 0x00, 0x00,
 0x00, 0x00, 0x00, 0x00, 0x00, 0x00, 0x00, 0x00, 0x00, 0x00, 0x00, 0x00, 0x00, 0x00, 0x00, 0x00,
 0x00, 0x00, 0x00, 0x00, 0x00, 0x00, 0x00, 0x00, 0x00, 0x00, 0x00, 0x00, 0x00, 0x00, 0x00, 0x00,
 0x00, 0x00, 0x00, 0x00, 0x00, 0x00, 0x00, 0x00, 0x00, 0x00, 0x00, 0x00, 0x00, 0x00, 0x00, 0x00,
 0x00, 0x00, 0x00, 0x00, 0x00, 0x00, 0x00, 0x00, 0x00, 0x00, 0x00, 0x00, 0x00, 0x00, 0x00, 0x00,
 0x00, 0x00, 0x00, 0x00, 0x00, 0x00, 0x00, 0x00, 0x00, 0x00, 0x00, 0x00, 0x00, 0x00, 0x00, 0x00,
 0x00, 0x00, 0x00, 0x00, 0x00, 0x00, 0x00, 0x00, 0x00, 0x00, 0x00, 0x00, 0x00, 0x00, 0x00, 0x00,
 0x00, 0x00, 0x00, 0x00, 0x00, 0x00, 0x00, 0x00, 0x00, 0x00, 0x00, 0x00, 0x00, 0x00, 0x00, 0x00,
 0x00, 0x00, 0x00, 0x00, 0x00, 0x00, 0x00, 0x00, 0x00, 0x00, 0x00, 0x00, 0x00, 0x00, 0x00, 0x00,
 0x00, 0x00, 0x00, 0x00, 0x00, 0x00, 0x00, 0x00, 0x00, 0x00, 0x00, 0x00, 0x00, 0x00, 0x00, 0x00,
 0x00, 0x00, 0x00, 0x00, 0x00, 0x00, 0x00, 0x00, 0x00, 0x00, 0x00, 0x00, 0x00, 0x00, 0x00, 0x00,
 0x00, 0x00, 0x00, 0x00, 0x00, 0x00, 0x00, 0x00, 0x00, 0x00, 0x00, 0x00, 0x00, 0x00, 0x00, 0x00,
 0x00, 0x00, 0x00, 0x00, 0x00, 0x00, 0x00, 0x00, 0x00, 0x00, 0x00, 0x00, 0x00, 0x00, 0x00, 0x00,
 0x00, 0x00, 0x00, 0x00, 0x00, 0x00, 0x00, 0x00, 0x00, 0x00, 0x00, 0x00, 0x00, 0x00, 0x00, 0x00,
 0x00, 0x00, 0x00, 0x00, 0x00, 0x00, 0x00, 0x00, 0x00, 0x00, 0x00, 0x00, 0x00, 0x00, 0x00, 0x00,
 0x00, 0x00, 0x00, 0x00, 0x00, 0x00, 0x00, 0x00, 0x00, 0x00, 0x00, 0x00, 0x00, 0x00, 0x00, 0x00,
 0x00, 0x00, 0x00, 0x00, 0x00, 0x00, 0x00, 0x00, 0x00, 0x00, 0x00, 0x00, 0x00, 0x00, 0x00, 0x00,
 0x00, 0x00, 0x00, 0x00, 0x00, 0x00, 0x00, 0x00, 0x00, 0x00, 0x00, 0x00, 0x00, 0x00, 0x00, 0x00,
 0x00, 0x00, 0x00, 0x00, 0x00, 0x00, 0x00, 0x00, 0x00, 0x00, 0x00, 0x00, 0x00, 0x00, 0x00, 0x00,
 0x00, 0x00, 0x00, 0x00, 0x00, 0x00, 0x00, 0x00, 0x00, 0x00, 0x00, 0x00, 0x00, 0x00, 0x00, 0x00,
 0x00, 0x00, 0x00, 0x00, 0x00, 0x00, 0x00, 0x00, 0x00, 0x00, 0x00, 0x00, 0x00, 0x00, 0x00, 0x00,
 0x00, 0x00, 0x00, 0x00, 0x00, 0x00, 0x00, 0x00, 0x00, 0x00, 0x00, 0x00, 0x00, 0x00, 0x00, 0x00,
 0x00, 0x00, 0x00, 0x00, 0x00, 0x00, 0x00, 0x00, 0x00, 0x00, 0x00, 0x00, 0x00, 0x00, 0x00, 0x00,
 0x00, 0x00, 0x00, 0x00, 0x00, 0x00, 0x00, 0x00, 0x00, 0x00, 0x00, 0x00, 0x00, 0x00, 0x00, 0x00,
 0x00, 0x00, 0x00, 0x00, 0x00, 0x00, 0x00, 0x00, 0x00, 0x00, 0x00, 0x00, 0x00, 0x00, 0x00, 0x00,
 0x00, 0x00, 0x00, 0x00, 0x00, 0x00, 0x00, 0x00, 0x00, 0x00, 0x00, 0x00, 0x00, 0x00, 0x00, 0x00,
 0x00, 0x00, 0x00, 0x00, 0x00, 0x00, 0x00, 0x00, 0x00, 0x00, 0x00, 0x00, 0x00, 0x00, 0x00, 0x00,
 0x00, 0x00, 0x00, 0x00, 0x00, 0x00, 0x00, 0x00, 0x00, 0x00, 0x00, 0x00, 0x00, 0x00, 0x00, 0x00,
 0x00, 0x00, 0x00, 0x00, 0x00, 0x00, 0x00, 0x00, 0x00, 0x00, 0x00, 0x00, 0x00, 0x00, 0x00, 0x00,
 0x00, 0x00, 0x00, 0x00, 0x00, 0x00, 0x00, 0x00, 0x00, 0x00, 0x00, 0x00, 0x00, 0x00, 0x00, 0x00,
 0x00, 0x00, 0x00, 0x00, 0x00, 0x00, 0x00, 0x00, 0x00, 0x00, 0x00, 0x00, 0x00, 0x00, 0x00, 0x00,
 0x00, 0x00, 0x00, 0x00, 0x00, 0x00, 0x00, 0x00, 0x00, 0x00, 0x00, 0x00, 0x00, 0x00, 0x00, 0x00,
 0x00, 0x00, 0x00, 0x00, 0x00, 0x00, 0x00, 0x00, 0x00, 0x00, 0x00, 0x00, 0x00, 0x00, 0x00, 0x00,
 0x00, 0x00, 0x00, 0x00, 0x00, 0x00, 0x00, 0x00, 0x00, 0x00, 0x00, 0x00, 0x00, 0x00, 0x00, 0x00,
 0x00, 0x00, 0x00, 0x00, 0x00, 0x00, 0x00, 0x00, 0x00, 0x00, 0x00, 0x00, 0x00, 0x00, 0x00, 0x00,
 0x00, 0x00, 0x00, 0x00, 0x00, 0x00, 0x00, 0x00, 0x00, 0x00, 0x00, 0x00, 0x00, 0x00, 0x00, 0x00,
 0x00, 0x00, 0x00, 0x00, 0x00, 0x00, 0x00, 0x00, 0x00, 0x00, 0x00, 0x00, 0x00, 0x00, 0x00, 0x00,
 0x00, 0x00, 0x00, 0x00, 0x00, 0x00, 0x00, 0x00, 0x00, 0x00, 0x00, 0x00, 0x00, 0x00, 0x00, 0x00,
 0x00, 0x00, 0x00, 0x00, 0x00, 0x00, 0x00, 0x00, 0x00, 0x00, 0x00, 0x00, 0x00, 0x00, 0x00, 0x00,
 0x00, 0x00, 0x00, 0x00, 0x00, 0x00, 0x00, 0x00, 0x00, 0x00, 0x00, 0x00, 0x00, 0x00, 0x00, 0x00,
 0x00, 0x00, 0x00, 0x00, 0x00, 0x00, 0x00, 0x00, 0x00, 0x00, 0x00, 0x00, 0x00, 0x00, 0x00, 0x00,
 0x00, 0x00, 0x00, 0x00, 0x00, 0x00, 0x00, 0x00, 0x00, 0x00, 0x00, 0x00, 0x00, 0x00, 0x00, 0x00,
 0x00, 0x00, 0x00, 0x00, 0x00, 0x00, 0x00, 0x00, 0x00, 0x00, 0x00, 0x00, 0x00, 0x00, 0x00, 0x00,
 0x00, 0x00, 0x00, 0x00, 0x00, 0x00, 0x00, 0x00, 0x00, 0x00, 0x00, 0x00, 0x00, 0x00, 0x00, 0x00,
 0x00, 0x00, 0x00, 0x00, 0x00, 0x00, 0x00, 0x00, 0x00, 0x00, 0x00, 0x00, 0x00, 0x00, 0x00, 0x00,
 0x00, 0x00, 0x00, 0x00, 0x00, 0x00, 0x00, 0x00, 0x00, 0x00, 0x00, 0x00, 0x00, 0x00, 0x00, 0x00,
 0x00, 0x00, 0x00, 0x00, 0x00, 0x00, 0x00, 0x00, 0x00, 0x00, 0x00, 0x00, 0x00, 0x00, 0x00, 0x00,
 0x00, 0x00, 0x00, 0x00, 0x00, 0x00, 0x00, 0x00, 0x00, 0x00, 0x00, 0x00, 0x00, 0x00, 0x00, 0x00,
 0x00, 0x00, 0x00, 0x00, 0x00, 0x00, 0x00, 0x00, 0x00, 0x00, 0x00, 0x00, 0x00, 0x00, 0x00, 0x00,
 0x00, 0x00, 0x00, 0x00, 0x00, 0x00, 0x00, 0x00, 0x00, 0x00, 0x00, 0x00, 0x00, 0x00, 0x00, 0x00,
 0x00, 0x00, 0x00, 0x00, 0x00, 0x00, 0x00, 0x00, 0x00, 0x00, 0x00, 0x00, 0x00, 0x00, 0x00, 0x00,
 0x00, 0x00, 0x00, 0x00, 0x00, 0x00, 0x00, 0x00, 0x00, 0x00, 0x00, 0x00, 0x00, 0x00, 0x00, 0x00,
 0x00, 0x00, 0x00, 0x00, 0x00, 0x00, 0x00, 0x00, 0x00, 0x00, 0x00, 0x00, 0x00, 0x00, 0x00, 0x00,
 0x00, 0x00, 0x00, 0x00, 0x00, 0x00, 0x00, 0x00, 0x00, 0x00, 0x00, 0x00, 0x00, 0x00, 0x00, 0x00,
 0x00, 0x00, 0x00, 0x00, 0x00, 0x00, 0x00, 0x00, 0x00, 0x00, 0x00, 0x00, 0x00, 0x00, 0x00, 0x00,
 0x00, 0x00, 0x00, 0x00, 0x00, 0x00, 0x00, 0x00, 0x00, 0x00, 0x00, 0x00, 0x00, 0x00, 0x00, 0x00,
 0x00, 0x00, 0x00, 0x00, 0x00, 0x00, 0x00, 0x00, 0x00, 0x00, 0x00, 0x00, 0x00, 0x00, 0x00, 0x00,
 0x00, 0x00, 0x00, 0x00, 0x00, 0x00, 0x00, 0x00, 0x00, 0x00, 0x00, 0x00, 0x00, 0x00, 0x00, 0x00,
 0x00, 0x00, 0x00, 0x00, 0x00, 0x00, 0x00, 0x00, 0x00, 0x00, 0x00, 0x00, 0x00, 0x00, 0x00, 0x00,
 0x00, 0x00, 0x00, 0x00, 0x00, 0x00, 0x00, 0x00, 0x00, 0x00, 0x00, 0x00, 0x00, 0x00, 0x00, 0x00,
 0x00, 0x00, 0x00, 0x00, 0x00, 0x00, 0x00, 0x00, 0x00, 0x00, 0x00, 0x00, 0x00, 0x00, 0x00, 0x00,
 0x00, 0x00, 0x00, 0x00, 0x00, 0x00, 0x00, 0x00, 0x00, 0x00, 0x00, 0x00, 0x00, 0x00, 0x00, 0x00,
 0x00, 0x00, 0x00, 0x00, 0x00, 0x00, 0x00, 0x00, 0x00, 0x00, 0x00, 0x00, 0x00, 0x00, 0x00, 0x00,
 0x00, 0x00, 0x00, 0x00, 0x00, 0x00, 0x00, 0x00, 0x00, 0x00, 0x00, 0x00, 0x00, 0x00, 0x00, 0x00,
 0x00, 0x00, 0x00, 0x00, 0x00, 0x00, 0x00, 0x00, 0x00, 0x00, 0x00, 0x00, 0x00, 0x00, 0x00, 0x00,
 0x00, 0x00, 0x00, 0x00, 0x00, 0x00, 0x00, 0x00, 0x00, 0x00, 0x00, 0x00, 0x00, 0x00, 0x00, 0x00,
 0x00, 0x00, 0x00, 0x00, 0x00, 0x00, 0x00, 0x00, 0x00, 0x00, 0x00, 0x00, 0x00, 0x00, 0x00, 0x00,
 0x00, 0x00, 0x00, 0x00, 0x00, 0x00, 0x00, 0x00, 0x00, 0x00, 0x00, 0x00, 0x00, 0x00, 0x00, 0x00,
 0x00, 0x00, 0x00, 0x00, 0x00, 0x00, 0x00, 0x00, 0x00, 0x00, 0x00, 0x00, 0x00, 0x00, 0x00, 0x00};
// TPS23881_2 SRAM Parity Code
// Revision: 0x05
// Release Date: January 3, 2020
// For use with TPS23881_2 devices
// Please see Ti.com for additional information
const uint8_t tps23881_parity_code[PARITY_LENGTH] = {
 0x43, 0xE2, 0x10, 0x4C, 0x04, 0x90, 0x1B, 0x10, 0x88, 0x41, 0x04, 0xED, 0x63, 0x4C, 0xF5, 0x2E,
 0xAF, 0xFD, 0x99, 0xD8, 0x07, 0xC4, 0xCB, 0x0F, 0xD1, 0x1C, 0xCF, 0xAC, 0x31, 0xE6, 0x9A, 0x63,
 0x4F, 0x71, 0x71, 0x31, 0x71, 0x31, 0x31, 0x71, 0xC1, 0x4E, 0xDC, 0x89, 0x2B, 0x75, 0xA5, 0x4E,
 0x24, 0x25, 0x28, 0x6E, 0x16, 0xA8, 0x1A, 0x0E, 0xEA, 0x30, 0xA9, 0x13, 0x72, 0xAC, 0x63, 0x8C,
 0x63, 0xAE, 0x63, 0x8E, 0x63, 0x5B, 0x55, 0xCE, 0x62, 0xA0, 0x1E, 0x33, 0xB8, 0x8F, 0x2B, 0x85,
 0x01, 0x04, 0x22, 0x08, 0x11, 0x00, 0x00, 0x44, 0x80, 0x00, 0x00, 0xF8, 0x00, 0x15, 0x04, 0xAE,
 0x6B, 0x50, 0xB0, 0x02, 0x18, 0x5B, 0x6F, 0xA3, 0x18, 0xE0, 0xE1, 0x88, 0xE8, 0x44, 0x3D, 0xC1,
 0xC1, 0x11, 0xD1, 0xA9, 0xFA, 0x80, 0x83, 0x23, 0xA2, 0x5B, 0xB5, 0x05, 0x0F, 0x47, 0xC4, 0xD6,
 0xE1, 0xD6, 0x99, 0x9F, 0xAC, 0xF9, 0x41, 0x18, 0xEA, 0x6A, 0xFD, 0xF9, 0x47, 0x69, 0xA8, 0xFF,
 0x18, 0xC9, 0x5A, 0xFC, 0xFC, 0xA3, 0xB4, 0x54, 0xD3, 0x4C, 0x06, 0x91, 0xDA, 0xA2, 0x10, 0x28,
 0x20, 0x19, 0xDD, 0xD3, 0x71, 0xC9, 0x50, 0xA2, 0x00, 0xE4, 0x06, 0x03, 0x72, 0xA3, 0x29, 0xA8,
 0x64, 0x09, 0xF8, 0x0D, 0x46, 0xFC, 0x46, 0x53, 0x2A, 0x2E, 0x0F, 0xA0, 0x89, 0x11, 0x69, 0x74,
 0x00, 0x02, 0x03, 0x00, 0x01, 0x20, 0xF5, 0x37, 0x1A, 0xF2, 0x46, 0x0F, 0x91, 0xFC, 0x5A, 0x26,
 0x7B, 0x3A, 0x0E, 0x82, 0x2F, 0x27, 0x12, 0xFB, 0xE1, 0x68, 0x50, 0x33, 0x05, 0x43, 0xB9, 0x64,
 0x78, 0x4F, 0x56, 0x10, 0x5B, 0x86, 0x91, 0x3D, 0xA4, 0x16, 0x6A, 0x0B, 0x25, 0xC5, 0x64, 0x38,
 0x08, 0x0D, 0x7D, 0x48, 0xAE, 0x37, 0x28, 0xB4, 0x1A, 0x6E, 0xFA, 0xB8, 0x14, 0x32, 0x71, 0x00,
 0x80, 0xC2, 0xCA, 0xC1, 0xB0, 0x8C, 0x35, 0xBF, 0x94, 0x4A, 0x3B, 0x10, 0x60, 0x9B, 0x81, 0x28,
 0xB9, 0xE5, 0x78, 0x34, 0x73, 0xB4, 0x4F, 0x9C, 0x32, 0x84, 0x0C, 0x13, 0x07, 0x32, 0x29, 0x84,
 0x01, 0x28, 0x8C, 0x2A, 0xEB, 0x39, 0xFD, 0x35, 0x04, 0x3F, 0x95, 0x98, 0x55, 0x62, 0x82, 0xE5,
 0xDF, 0x27, 0xB2, 0xA0, 0xB7, 0x44, 0x8B, 0x94, 0x01, 0x22, 0xDD, 0x01, 0x68, 0x24, 0x2E, 0x12,
 0xD7, 0x39, 0x23, 0x8D, 0x01, 0x01, 0xB4, 0x16, 0xAA, 0x75, 0x7E, 0x6F, 0x57, 0xC3, 0x20, 0x26,
 0x8E, 0x92, 0x21, 0x03, 0x78, 0x90, 0x43, 0x85, 0x6D, 0x86, 0x64, 0x52, 0x46, 0xA6, 0x51, 0x66,
 0x55, 0xC3, 0x6C, 0x92, 0x7E, 0x4B, 0xA3, 0x7D, 0x19, 0x74, 0x05, 0xF2, 0x47, 0x53, 0xB0, 0xAC,
 0xB9, 0xA2, 0x0A, 0xD5, 0x88, 0xEA, 0x81, 0x00, 0x7D, 0x54, 0x9A, 0x54, 0x00, 0x1E, 0x53, 0x61,
 0xCC, 0x1F, 0xA2, 0x50, 0xF9, 0x22, 0xC0, 0xA8, 0x5A, 0x67, 0x70, 0xD7, 0x38, 0x0D, 0x08, 0xAB,
 0x35, 0x20, 0xF4, 0x01, 0xAB, 0xCC, 0xD7, 0x21, 0xC1, 0xDA, 0x6C, 0x54, 0x57, 0xD0, 0x40, 0x63,
 0xDF, 0x83, 0x0B, 0x26, 0xD1, 0xB3, 0xA8, 0xCB, 0x64, 0x3D, 0xCF, 0x51, 0x0A, 0x89, 0x61, 0xBB,
 0xA2, 0xAB, 0x50, 0x19, 0x11, 0x70, 0xA8, 0x14, 0xFC, 0xCC, 0x45, 0x0F, 0xBF, 0x07, 0xBF, 0x03,
 0x88, 0x3E, 0x6B, 0x17, 0xC8, 0x9F, 0xDF, 0xCA, 0xAE, 0x7D, 0xD5, 0xED, 0xC3, 0xFF, 0x30, 0x8E,
 0xF0, 0x96, 0x8B, 0xCF, 0x3B, 0x6B, 0xF5, 0x9B, 0x57, 0xE9, 0xF3, 0x89, 0x99, 0x0D, 0x58, 0xDD,
 0xA3, 0x79, 0x2D, 0xA8, 0xC7, 0x0C, 0xD6, 0xD5, 0x34, 0x9D, 0x1E, 0x8D, 0xA5, 0x17, 0x2B, 0x66,
 0x8B, 0xB9, 0xC1, 0x2E, 0xC3, 0x1E, 0x24, 0x03, 0xD3, 0x48, 0x1A, 0x69, 0x83, 0x45, 0x10, 0xC6,
 0x74, 0xBD, 0xAA, 0xD2, 0xA5, 0x5E, 0xA8, 0xC3, 0xE6, 0xAF, 0xEB, 0x00, 0xC0, 0x68, 0xC6, 0x8E,
 0x32, 0x74, 0x75, 0xAA, 0xAA, 0x9A, 0xAA, 0x32, 0xB7, 0xAF, 0x69, 0xBE, 0x3C, 0x6D, 0xDB, 0xB4,
 0x6D, 0xBB, 0xAF, 0xED, 0x9A, 0xE4, 0x79, 0xBB, 0xED, 0x2F, 0x04, 0x4C, 0x01, 0xA3, 0x3A, 0xFB,
 0x18, 0x74, 0xD4, 0xEA, 0x4B, 0x47, 0x85, 0x1B, 0x18, 0x0D, 0x32, 0x86, 0x7A, 0xCD, 0x11, 0x85,
 0xF5, 0x8C, 0xCA, 0x6A, 0x21, 0x69, 0xD4, 0x36, 0x1D, 0xD5, 0x8F, 0xB0, 0x0C, 0xDA, 0xD1, 0xA9,
 0xB5, 0xE1, 0xBD, 0xD6, 0x07, 0x15, 0xA7, 0xBB, 0xAB, 0xDF, 0x7D, 0xC3, 0x83, 0x86, 0x44, 0x0D,
 0xC0, 0x94, 0x01, 0xA0, 0x9D, 0x10, 0x7A, 0xC2, 0xB3, 0x52, 0xC0, 0xA6, 0xCE, 0x46, 0x7C, 0x4C,
 0x14, 0x55, 0x96, 0xF7, 0xB8, 0x40, 0x8D, 0x06, 0xFA, 0x4D, 0x45, 0x6C, 0x65, 0xA5, 0x9A, 0x6F,
 0x95, 0x75, 0x4F, 0x08, 0x68, 0x51, 0x86, 0x42, 0x21, 0x66, 0x45, 0x64, 0xAA, 0x0B, 0x94, 0xA9,
 0x82, 0x96, 0x41, 0xFD, 0xC4, 0x74, 0xF8, 0xD0, 0x70, 0xA4, 0x50, 0xD6, 0x9B, 0x8A, 0x50, 0xF6,
 0xAE, 0x9A, 0x6F, 0x35, 0xC8, 0xBA, 0x0B, 0x56, 0x24, 0xAA, 0x4C, 0x6D, 0x86, 0xD3, 0xB3, 0xBC,
 0x4A, 0x6C, 0xAA, 0x42, 0xA0, 0xA3, 0x63, 0xFC, 0xA0, 0x23, 0xE3, 0xCE, 0x3A, 0x79, 0x95, 0xC4,
 0x1E, 0xD0, 0xB9, 0xC5, 0xD1, 0xBB, 0xDD, 0xFA, 0x98, 0xFE, 0x21, 0xC6, 0x38, 0x23, 0x9C, 0x09,
 0x8C, 0x96, 0x0A, 0x90, 0x42, 0x4B, 0xC1, 0x41, 0x26, 0x86, 0x02, 0x06, 0x62, 0x57, 0x04, 0x66,
 0x45, 0xA8, 0x90, 0x04, 0xC0, 0xC5, 0xD2, 0x34, 0xCE, 0x8F, 0x21, 0xBC, 0x5E, 0x40, 0xD0, 0x54,
 0xFD, 0xDE, 0xD9, 0xF8, 0x7A, 0xB2, 0x07, 0x10, 0x28, 0x4F, 0x4D, 0xF3, 0x51, 0x84, 0xDB, 0x80,
 0xB2, 0xA4, 0xA5, 0xAF, 0xF8, 0x56, 0x50, 0x12, 0x03, 0xD2, 0xE5, 0x70, 0x01, 0x6A, 0x5D, 0x19,
 0x08, 0x56, 0x16, 0x66, 0x65, 0x40, 0x5B, 0x08, 0xEB, 0x76, 0xD6, 0xCD, 0xBA, 0x00, 0xF8, 0xCB,
 0x01, 0x78, 0xB5, 0x82, 0xFA, 0xF4, 0x4D, 0xDB, 0x03, 0xBC, 0x15, 0x60, 0xD0, 0xF6, 0x80, 0xCE,
 0xA9, 0xA7, 0x4B, 0x93, 0x36, 0x15, 0xA1, 0x54, 0x35, 0xDF, 0xAA, 0xC3, 0x18, 0x6D, 0x87, 0x0E,
 0x92, 0x56, 0xA6, 0x22, 0xB4, 0xAA, 0xE2, 0x5B, 0x55, 0x58, 0xC7, 0x34, 0xE6, 0x9E, 0x86, 0x1C,
 0x91, 0xA8, 0x40, 0xCE, 0x73, 0x6B, 0xA5, 0x5A, 0xA5, 0x9E, 0x0E, 0x51, 0x8F, 0x52, 0x4F, 0xC7,
 0xB0, 0x31, 0x58, 0xF9, 0xDA, 0x7C, 0x6D, 0xFF, 0xB0, 0x51, 0x12, 0x13, 0x72, 0x6F, 0xD4, 0x46,
 0x14, 0xA2, 0x7C, 0x56, 0xAD, 0x10, 0xA5, 0x5A, 0xB5, 0x0A, 0x55, 0x1B, 0xB4, 0x11, 0x85, 0x28,
 0xB7, 0x53, 0x08, 0x6B, 0xA3, 0x80, 0x91, 0xC8, 0x1E, 0x12, 0xF6, 0xCE, 0x46, 0x0D, 0xE8, 0x36,
 0x2A, 0x3D, 0xEB, 0xBC, 0x1A, 0xD0, 0x60, 0xF4, 0xF9, 0x10, 0x2A, 0xA5, 0x56, 0x50, 0x45, 0xF1,
 0x1C, 0xF7, 0x0E, 0x17, 0xEE, 0x42, 0x41, 0x68, 0xAA, 0x53, 0x7B, 0x50, 0xA7, 0xA5, 0xFB, 0x79,
 0xAF, 0x81, 0x2A, 0xA6, 0x1A, 0x56, 0x0A, 0x70, 0x91, 0xB0, 0x56, 0x41, 0xEA, 0xD4, 0x53, 0x53,
 0xED, 0x50, 0x25, 0x7D, 0xDA, 0x32, 0x3E, 0x1A, 0x6A, 0x1A, 0x54, 0x5A, 0x95, 0xB5, 0xD1, 0x75,
 0x5C, 0x7A, 0x70, 0x33, 0x47, 0x41, 0x37, 0x02, 0x3C, 0x7A, 0xFC, 0x67, 0x3F, 0xA5, 0x9E, 0x0E,
 0x89, 0xB8, 0x48, 0xA1, 0x60, 0xF4, 0xF0, 0xCF, 0x5A, 0xA9, 0xA5, 0x21, 0xC1, 0x00, 0x53, 0x6B,
 0xA8, 0xB2, 0xBC, 0xC7, 0x05, 0x4F, 0x8D, 0xC7, 0xAD, 0x34, 0x35, 0xB4, 0x30, 0x68, 0x22, 0xA2,
 0x28, 0x7D, 0xC0, 0xC1, 0xC9, 0x39, 0x3B, 0x14, 0x6E, 0x0A, 0x97, 0x82, 0x3B, 0x3C, 0x10, 0xF3,
 0xAB, 0xB2, 0x65, 0xAA, 0xCB, 0x58, 0x89, 0xA2, 0xE0, 0xAD, 0xD5, 0x20, 0xD5, 0x11, 0x20, 0x13,
 0x33, 0x4E, 0x24, 0xF2, 0xE4, 0x16, 0xEB, 0xFC, 0xFE, 0xED, 0xFB, 0xBF, 0x6F, 0x6F, 0xFB, 0xA7,
 0x45, 0xBC, 0xE5, 0x2C, 0xC2, 0x6A, 0x0D, 0x5B, 0x77, 0xD0, 0x96, 0xB3, 0x08, 0xA3, 0x35, 0x6C,
 0xDD, 0x21, 0xDF, 0x5B, 0xCE, 0x22, 0xAC, 0xD6, 0xB0, 0x75, 0x45, 0xF7, 0xD2, 0x5B, 0x7A, 0x4D,
 0x8E, 0x2D, 0x5B, 0x33, 0xCE, 0x0C, 0x62, 0x1B, 0xCE, 0x22, 0xAC, 0xD6, 0xB0, 0x75, 0x17, 0x93,
 0x7B, 0x59, 0x06, 0x43, 0x1A, 0x62, 0x34, 0x6E, 0x80, 0x40, 0x86, 0xCD, 0x22, 0x7E, 0x2D, 0x5B,
 0x77, 0xF0, 0x49, 0xBA, 0x4F, 0xCC, 0x37, 0xA7, 0x17, 0x77, 0x05, 0x83, 0xC7, 0xEB, 0x9A, 0x6C,
 0x69, 0x34, 0x24, 0x62, 0x7A, 0xB1, 0x16, 0xD6, 0xAA, 0xDD, 0x19, 0x10, 0x85, 0x6D, 0x35, 0x46,
 0xAD, 0x1A, 0xD9, 0x35, 0x3D, 0xDA, 0x09, 0xE2, 0xC6, 0xB6, 0x4E, 0x59, 0x37, 0x39, 0xF0, 0x33,
 0x25, 0xC4, 0xC0, 0x24, 0xD4, 0x33, 0x66, 0x81, 0x04, 0x5A, 0x5E, 0x44, 0x22, 0x19, 0xCB, 0xDE,
 0x47, 0x5D, 0xD6, 0x65, 0x5D, 0xF4, 0x47, 0x5F, 0xF6, 0x47, 0x7D, 0xF6, 0xCF, 0xDA, 0x75, 0x9B,
 0x23, 0xCF, 0x0D, 0x26, 0x97, 0x41, 0x45, 0x9A, 0xD3, 0xFC, 0xFF, 0x4B, 0xA6, 0x86, 0x08, 0x29,
 0x94, 0x13, 0x02, 0x52, 0x34, 0x46, 0x83, 0x20, 0x03, 0x20, 0xCE, 0x30, 0x9C, 0xA1, 0x4D, 0xA8,
 0x9A, 0x6E, 0xBD, 0x65, 0x02, 0x91, 0xCA, 0xB7, 0x18, 0x40, 0x37, 0xA0, 0xD0, 0x2F, 0xA1, 0x02,
 0xA6, 0x26, 0x40, 0xC4, 0xC2, 0x56, 0xC9, 0x12, 0x74, 0x45, 0x04, 0x50, 0x78, 0x98, 0x65, 0x21,
 0x04, 0x40, 0x11, 0x31, 0xB6, 0xEF, 0xC4, 0xD8, 0xF0, 0x9D, 0xCF, 0x80, 0x64, 0xDA, 0xC5, 0xA6,
 0x6C, 0xDC, 0x39, 0xE5, 0x96, 0x82, 0x4D, 0xB2, 0x28, 0xC0, 0x1A, 0xC8, 0x65, 0xAE, 0x69, 0xDA,
 0x68, 0x98, 0xAF, 0x3A, 0x0A, 0x0E, 0x2B, 0x59, 0x50, 0xE7, 0x16, 0xDA, 0x48, 0x8B, 0x97, 0x10,
 0x04, 0x26, 0x7A, 0x55, 0x98, 0x6D, 0xDA, 0xB6, 0xFF, 0xBF, 0xF5, 0xFB, 0xF2, 0x6D, 0x7F, 0xB6,
 0xB4, 0x4B, 0xBE, 0x11, 0x8E, 0xD3, 0x6B, 0xF9, 0xF5, 0x8A, 0x5B, 0xFD, 0x4E, 0x7D, 0xB5, 0x4E,
 0x85, 0xD7, 0x6A, 0x9A, 0x57, 0xBF, 0xB8, 0x95, 0xC6, 0xE1, 0xA5, 0x87, 0x4C, 0x1C, 0x61, 0x33,
 0xA2, 0x53, 0xF3, 0xEA, 0x15, 0xB7, 0xFA, 0x65, 0xAD, 0xF0, 0x5A, 0x0D, 0x8C, 0xD1, 0xA1, 0x1E,
 0xA7, 0xD7, 0xA3, 0x1E, 0x77, 0xDD, 0xA9, 0xD2, 0x55, 0x6D, 0x11, 0xA5, 0x0F, 0x07, 0x18, 0x86,
 0xE3, 0x37, 0x9C, 0xE1, 0xB8, 0x39, 0x11, 0x86, 0xA3, 0xE3, 0xB3, 0xE8, 0xC7, 0xCB, 0x32, 0xC6,
 0x90, 0x11, 0xC9, 0x52, 0x23, 0x4A, 0x6C, 0x20, 0x80, 0x10, 0x13, 0x3F, 0x0E, 0x2E, 0xB1, 0x36,
 0x88, 0xB1, 0x2E, 0x09, 0xB8, 0x24, 0xDE, 0xB2, 0x62, 0x24, 0x00, 0xDC, 0x8D, 0x79, 0xA7, 0x72,
 0x9D, 0xEA, 0xD7, 0x2B, 0xBC, 0x56, 0xAC, 0x53, 0xE7, 0x8C, 0xEB, 0x54, 0xAF, 0x5E, 0xE1, 0xB5,
 0x9A, 0x22, 0xBF, 0x7E, 0x71, 0xAB, 0x89, 0x77, 0xEA, 0x34, 0x6C, 0x42, 0x10, 0x09, 0x1A, 0x33,
 0x08, 0x91, 0x99, 0x01, 0x01, 0x1A, 0x34, 0x47, 0x50, 0xA8, 0xE0, 0xA3, 0x0B, 0x97, 0xB9, 0x3E,
 0xC0, 0x30, 0x04, 0x68, 0xD0, 0xE4, 0x44, 0x50, 0xF0, 0x71, 0x54, 0x70, 0xF8, 0x80, 0x43, 0xE1,
 0x61, 0xFD, 0x10, 0xC3, 0x03, 0x1C, 0xC6, 0x77, 0xEA, 0xEA, 0x15, 0x5E, 0x2B, 0xDE, 0xA9, 0x88,
 0x3C, 0x7D, 0xBB, 0x8B, 0xA5, 0x36, 0x70, 0xF0, 0x80, 0x9C, 0x63, 0x50, 0x05, 0xCA, 0x67, 0x81,
 0xF0, 0xD9, 0x43, 0x80, 0x42, 0x68, 0x88, 0xE6, 0x9D, 0x45, 0xF8, 0x7A, 0xC2, 0xEB, 0x76, 0x67,
 0x11, 0xAF, 0xA4, 0x71, 0xD0, 0x4E, 0x0C, 0x89, 0x3D, 0x54, 0xB1, 0x87, 0x42, 0x34, 0xD0, 0x0D,
 0xE0, 0x85, 0x88, 0x23, 0x82, 0xFF, 0x88, 0x08, 0x75, 0x07, 0x91, 0x58, 0x00, 0x04, 0x61, 0x81,
 0xA1, 0x8A, 0xD3, 0x81, 0x56, 0x4D, 0xB3, 0x56, 0x60, 0xE1, 0x52, 0x4D, 0x5B, 0x65, 0x1A, 0x6C,
 0x80, 0x12, 0xDD, 0xC2, 0xA8, 0x63, 0x6C, 0x86, 0x2B, 0xCD, 0x3E, 0xA3, 0x31, 0x64, 0x03, 0xAC,
 0xA8, 0x4B, 0xA7, 0x50, 0xB9, 0xA0, 0x29, 0xE9, 0x6C, 0x2B, 0x8B, 0xCE, 0x2B, 0xA0, 0xDB, 0x55,
 0xE1, 0x14, 0x92, 0x6A, 0x39, 0xB3, 0x7C, 0x65, 0xFA, 0x58, 0x18, 0xF4, 0x69, 0x3A, 0xF6, 0xB3,
 0x23, 0x3F, 0xF7, 0x0A, 0xA5, 0xCA, 0x45, 0xCD, 0x83, 0xB9, 0x3C, 0xEC, 0x67, 0x47, 0x3A, 0x86,
 0x7C, 0x55, 0x52, 0x1A, 0x02, 0x23, 0x20, 0x21, 0x73, 0x62, 0x26, 0xF0, 0x62, 0x20, 0xD1, 0xA1,
 0xA8, 0x51, 0x1E, 0x75, 0x4F, 0x19, 0x52, 0x08, 0x08, 0x82, 0x06, 0x40, 0x9C, 0x61, 0x38, 0x43,
 0x3B, 0x52, 0x41, 0xB1, 0xE6, 0x45, 0xC2, 0x8C, 0x0C, 0x09, 0xF0, 0x8D, 0x6A, 0xE8, 0xA4, 0xD0,
 0x42, 0x0B, 0x29, 0xE4, 0xD0, 0x00, 0x49, 0x48, 0xA1, 0x57, 0x4D, 0x75, 0x72, 0x68, 0x80, 0x0E,
 0xA4, 0x64, 0x90, 0x88, 0xFC, 0xB3, 0xB7, 0x1F, 0xBB, 0xF2, 0x1C, 0x19, 0xD8, 0x04, 0x08, 0xA7,
 0x48, 0x0C, 0x0C, 0xC3, 0x8C, 0x7E, 0x26, 0x24, 0x48, 0xEE, 0xE0, 0x25, 0x48, 0x1E, 0x6C, 0x8C,
 0x8F, 0xBB, 0x4B, 0x95, 0x3D, 0x4E, 0x46, 0x02, 0x1F, 0x00, 0xD0, 0x00, 0xC2, 0xA5, 0x48, 0x3F,
 0x74, 0xB5, 0x60, 0xB2, 0x74, 0x14, 0x3C, 0xA4, 0xC4, 0x70, 0x0A, 0x9E, 0x00, 0x00, 0x00, 0x00,
 0x00, 0x00, 0x00, 0x00, 0x00, 0x00, 0x00, 0x00, 0x00, 0x00, 0x00, 0x00, 0x00, 0x00, 0x00, 0x00,
 0x00, 0x00, 0x00, 0x00, 0x00, 0x00, 0x00, 0x00, 0x00, 0x00, 0x00, 0x00, 0x00, 0x00, 0x00, 0x00,
 0x00, 0x00, 0x00, 0x00, 0x00, 0x00, 0x00, 0x00, 0x00, 0x00, 0x00, 0x00, 0x00, 0x00, 0x00, 0x00,
 0x00, 0x00, 0x00, 0x00, 0x00, 0x00, 0x00, 0x00, 0x00, 0x00, 0x00, 0x00, 0x00, 0x00, 0x00, 0x00,
 0x00, 0x00, 0x00, 0x00, 0x00, 0x00, 0x00, 0x00, 0x00, 0x00, 0x00, 0x00, 0x00, 0x00, 0x00, 0x00,
 0x00, 0x00, 0x00, 0x00, 0x00, 0x00, 0x00, 0x00, 0x00, 0x00, 0x00, 0x00, 0x00, 0x00, 0x00, 0x00,
 0x00, 0x00, 0x00, 0x00, 0x00, 0x00, 0x00, 0x00, 0x00, 0x00, 0x00, 0x00, 0x00, 0x00, 0x00, 0x00,
 0x00, 0x00, 0x00, 0x00, 0x00, 0x00, 0x00, 0x00, 0x00, 0x00, 0x00, 0x00, 0x00, 0x00, 0x00, 0x00,
 0x00, 0x00, 0x00, 0x00, 0x00, 0x00, 0x00, 0x00, 0x00, 0x00, 0x00, 0x00, 0x00, 0x00, 0x00, 0x00,
 0x00, 0x00, 0x00, 0x00, 0x00, 0x00, 0x00, 0x00, 0x00, 0x00, 0x00, 0x00, 0x00, 0x00, 0x00, 0x00,
 0x00, 0x00, 0x00, 0x00, 0x00, 0x00, 0x00, 0x00, 0x00, 0x00, 0x00, 0x00, 0x00, 0x00, 0x00, 0x00,
 0x00, 0x00, 0x00, 0x00, 0x00, 0x00, 0x00, 0x00, 0x00, 0x00, 0x00, 0x00, 0x00, 0x00, 0x00, 0x00,
 0x00, 0x00, 0x00, 0x00, 0x00, 0x00, 0x00, 0x00, 0x00, 0x00, 0x00, 0x00, 0x00, 0x00, 0x00, 0x00,
 0x00, 0x00, 0x00, 0x00, 0x00, 0x00, 0x00, 0x00, 0x00, 0x00, 0x00, 0x00, 0x00, 0x00, 0x00, 0x00,
 0x00, 0x00, 0x00, 0x00, 0x00, 0x00, 0x00, 0x00, 0x00, 0x00, 0x00, 0x00, 0x00, 0x00, 0x00, 0x00};


