/* $Id: platform_usb_fw.h,v 1.2 2021/06/02 08:22:36 iachang Exp $
 * $Source: /auto/diag/ngd-linux-rep/cvs/ng_diag/common/src/fugazi/platform_usb_fw.h,v $
 *------------------------------------------------------------------
 * platform_usb_fw.h -- Cypress device configuration data.
 *
 *			Version 2.02.
 *
 * Copyright (c) 2019-2020 by Cisco Systems, Inc.
 * All rights reserved.
 *
 * Created via 'hex2c' utility program in ..diag/utils
 *------------------------------------------------------------------
 * $Endlog$
 */

static unsigned char usb_console_0[] = {
0xFF,0x38,0x00,0x01,0x02,0x03,0x04,0x05,
0x06,0x07,};
static uchar usb_console_1[]={
0xFF,0x39,0x00,0x01,0x02,0x03,0x04,0x05,
0x06,0x07,0x00,0xF0,0x30,0x30,0x30,0x30,};
static uchar usb_console_2[]={
0x30,0x7E,0x30,0x30,0x7E,0x30,0x30,0x30,
0x7E,0x30,0x30,0x30,0x30,0x30,0x30,0x30,};
static uchar usb_console_3[]={
0x30,0x30,0x30,0x30,0x7E,0x30,0x30,0x30,
0x7E,0x30,0x30,0x30,0x7D,0x18,0xDE,0x7E,};
static uchar usb_console_4[]={
0x7E,0x30,0x30,0x30,0x7D,0x17,0x08,0x7E,
0x7D,0x17,0x2E,0x7E,0x30,0x30,0x30,0x30,};
static uchar usb_console_5[]={
0x30,0x30,0x30,0x30,0x30,0x30,0x30,0x30,
0x30,0x30,0x30,0x30,0xDF,0x02,};
static uchar usb_console_6[]={
0xFF,0x39,0x00,0x01,0x02,0x03,0x04,0x05,
0x06,0x07,0x00,0xF1,0x7D,0x24,0xF7,0x7E,};
static uchar usb_console_7[]={
0x7D,0x25,0x1F,0x7E,0x7D,0x0E,0xE5,0x7E,
0x7D,0x24,0xE7,0x7E,0x7D,0x24,0xEB,0x7E,};
static uchar usb_console_8[]={
0x7D,0x24,0xEF,0x7E,0x7D,0x24,0xF3,0x7E,
0x7D,0x25,0x20,0x7E,0x7D,0x19,0x8B,0x7E,};
static uchar usb_console_9[]={
0x7E,0x30,0x30,0x30,0x7F,0x30,0x30,0x30,
0x7F,0x30,0x30,0x30,0x7F,0x30,0x30,0x30,};
static uchar usb_console_10[]={
0x7F,0x30,0x30,0x30,0x7F,0x30,0x30,0x30,
0x7D,0x1B,0x82,0x7F,0x44,0xCD,};
static uchar usb_console_11[]={
0xFF,0x39,0x00,0x01,0x02,0x03,0x04,0x05,
0x06,0x07,0x00,0x28,0x25,0x21,0x01,0x0A,};
static uchar usb_console_12[]={
0x07,0x0A,0x25,0x01,0x0A,0x0C,0x00,0x00,
0x80,0x80,0x00,0x7F,0x00,0x00,0x00,0x00,};
static uchar usb_console_13[]={
0x01,0x00,0x00,0x00,0x00,0x00,0x00,0x00,
0xDE,0x00,0x00,0x00,0x00,0x00,0x00,0x00,};
static uchar usb_console_14[]={
0xDE,0x00,0x00,0x00,0x43,0x11,0x8B,0x00,
0x00,0xDE,0x00,0x00,0x00,0x12,0x11,0x79,};
static uchar usb_console_15[]={
0x00,0x00,0xDE,0x71,0x10,0x62,0x00,0x00,
0x62,0x01,0x88,0x70,0x4F,0x1A,};
static uchar usb_console_16[]={
0xFF,0x39,0x00,0x01,0x02,0x03,0x04,0x05,
0x06,0x07,0x00,0x29,0xEF,0x62,0x03,0x80,};
static uchar usb_console_17[]={
0x62,0x02,0x08,0x71,0x10,0x62,0x02,0x00,
0x62,0x03,0x00,0x70,0xEF,0x62,0x01,0x00,};
static uchar usb_console_18[]={
0x71,0x10,0x62,0x04,0xA8,0x62,0x05,0xA3,
0x70,0xEF,0x62,0x07,0xA3,0x62,0x06,0x00,};
static uchar usb_console_19[]={
0x71,0x10,0x62,0x06,0x00,0x62,0x07,0x00,
0x70,0xEF,0x62,0x05,0x00,0x71,0x10,0x62,};
static uchar usb_console_20[]={
0x08,0x07,0x62,0x09,0x33,0x70,0xEF,0x62,
0x0B,0x10,0x62,0x0A,0xA8,0xCD,};
static uchar usb_console_21[]={
0xFF,0x39,0x00,0x01,0x02,0x03,0x04,0x05,
0x06,0x07,0x00,0x2A,0x04,0x71,0x10,0x62,};
static uchar usb_console_22[]={
0x0A,0x00,0x62,0x0B,0x00,0x70,0xEF,0x62,
0x09,0x00,0x71,0x10,0x62,0x0C,0x00,0x62,};
static uchar usb_console_23[]={
0x0D,0x00,0x70,0xEF,0x62,0x0F,0x00,0x62,
0x0E,0x00,0x71,0x10,0x62,0x0E,0x00,0x62,};
static uchar usb_console_24[]={
0x0F,0x00,0x70,0xEF,0x62,0x0D,0x00,0x71,
0x10,0x62,0x10,0x00,0x62,0x11,0x00,0x70,};
static uchar usb_console_25[]={
0xEF,0x62,0x13,0x00,0x62,0x12,0x00,0x71,
0x10,0x62,0x12,0x00,0x99,0xB0,};
static uchar usb_console_26[]={
0xFF,0x39,0x00,0x01,0x02,0x03,0x04,0x05,
0x06,0x07,0x00,0x2B,0x62,0x13,0x00,0x70,};
static uchar usb_console_27[]={
0xEF,0x62,0x11,0x00,0x71,0x10,0x62,0x14,
0x00,0x62,0x15,0x00,0x70,0xEF,0x62,0x17,};
static uchar usb_console_28[]={
0x00,0x62,0x16,0x00,0x71,0x10,0x62,0x16,
0x00,0x62,0x17,0x00,0x70,0xEF,0x62,0x15,};
static uchar usb_console_29[]={
0x00,0x71,0x10,0x62,0x1C,0x00,0x62,0x1D,
0x00,0x70,0xEF,0x62,0x1F,0x00,0x62,0x1E,};
static uchar usb_console_30[]={
0x00,0x71,0x10,0x62,0x1E,0x00,0x62,0x1F,
0x00,0x70,0xEF,0x62,0x6E,0x5B,};
static uchar usb_console_31[]={
0xFF,0x39,0x00,0x01,0x02,0x03,0x04,0x05,
0x06,0x07,0x00,0x2C,0x1D,0x00,0x70,0xEF,};
static uchar usb_console_32[]={
0x62,0x60,0x0B,0x62,0x66,0x00,0x62,0x61,
0x00,0x62,0x63,0x05,0x62,0x65,0x00,0x62,};
static uchar usb_console_33[]={
0xE6,0x00,0x62,0xE7,0x00,0x62,0x56,0x00,
0x62,0x57,0x00,0x62,0x58,0x00,0x62,0x59,};
static uchar usb_console_34[]={
0x00,0x62,0x5A,0x00,0x62,0x5B,0x00,0x62,
0x5C,0x00,0x62,0x5D,0x00,0x62,0x5E,0x00,};
static uchar usb_console_35[]={
0x62,0x5F,0x00,0x62,0x4F,0x00,0x62,0x4E,
0x00,0x62,0x51,0x00,0x67,0x4E,};
static uchar usb_console_36[]={
0xFF,0x39,0x00,0x01,0x02,0x03,0x04,0x05,
0x06,0x07,0x00,0x2D,0x62,0x50,0x00,0x62,};
static uchar usb_console_37[]={
0x53,0x00,0x62,0x52,0x00,0x62,0x55,0x00,
0x62,0x54,0x00,0x62,0xD6,0x00,0x62,0xB0,};
static uchar usb_console_38[]={
0x00,0x62,0xB1,0x00,0x62,0xB2,0x00,0x62,
0xB3,0x33,0x62,0xB4,0x33,0x62,0xB5,0x00,};
static uchar usb_console_39[]={
0x62,0xB6,0x01,0x62,0x4A,0x00,0x62,0x4B,
0x00,0x62,0x4C,0x00,0x62,0x71,0xBA,0x62,};
static uchar usb_console_40[]={
0x72,0x61,0x62,0x73,0x40,0x62,0x70,0x00,
0x62,0x23,0x00,0x62,0x51,0x23,};
static uchar usb_console_41[]={
0xFF,0x39,0x00,0x01,0x02,0x03,0x04,0x05,
0x06,0x07,0x00,0x2E,0x21,0x9B,0x62,0x22,};
static uchar usb_console_42[]={
0x4E,0x62,0x2F,0x00,0x62,0x2D,0x00,0x62,
0x2E,0x00,0x62,0x2B,0x00,0x62,0x29,0x00,};
static uchar usb_console_43[]={
0x62,0x2A,0x00,0x71,0x10,0x62,0x61,0x00,
0x62,0x69,0x00,0x62,0x60,0x00,0x62,0x62,};
static uchar usb_console_44[]={
0x00,0x62,0x67,0x33,0x62,0x68,0x00,0x62,
0x63,0x00,0x62,0x66,0x00,0x62,0x64,0x00,};
static uchar usb_console_45[]={
0x62,0x64,0x00,0x62,0xFD,0x80,0x62,0xC4,
0x00,0x62,0xC5,0x00,0x82,0x86,};
static uchar usb_console_46[]={
0xFF,0x39,0x00,0x01,0x02,0x03,0x04,0x05,
0x06,0x07,0x00,0x2F,0x62,0xC6,0x00,0x62,};
static uchar usb_console_47[]={
0xC7,0x00,0x62,0xD1,0x00,0x62,0xD3,0x00,
0x62,0xD0,0x00,0x62,0xD2,0x00,0x62,0xE1,};
static uchar usb_console_48[]={
0x19,0x62,0xE2,0x00,0x62,0xDF,0x00,0x62,
0xDE,0x00,0x62,0xDD,0x00,0x62,0xD8,0x00,};
static uchar usb_console_49[]={
0x62,0xD9,0x00,0x62,0xDA,0x00,0x62,0xDB,
0x00,0x62,0xEC,0x00,0x62,0xED,0x00,0x62,};
static uchar usb_console_50[]={
0xE7,0x00,0x62,0xC1,0x00,0x62,0x20,0x61,
0x62,0x21,0x15,0x62,0x53,0x29,};
static uchar usb_console_51[]={
0xFF,0x39,0x00,0x01,0x02,0x03,0x04,0x05,
0x06,0x07,0x00,0x30,0x22,0x40,0x62,0x2C,};
static uchar usb_console_52[]={
0x05,0x62,0x2D,0xF2,0x62,0x2E,0x40,0x62,
0x28,0x0D,0x62,0x29,0x02,0x62,0x2A,0x46,};
static uchar usb_console_53[]={
0x70,0xEF,0x7F,0x7C,0x0C,0x1B,0x7F,0x7C,
0x0A,0x37,0x70,0xEF,0x7F,0x50,0x00,0x57,};
static uchar usb_console_54[]={
0x03,0x7D,0x0F,0x00,0x00,0x01,0x00,0x02,
0x00,0x0C,0x00,0x00,0xDE,0x55,0x1F,0x00,};
static uchar usb_console_55[]={
0x55,0x0D,0x00,0x5F,0x0C,0x02,0x50,0x0C,
0x57,0x28,0x80,0xC1,0x59,0x36,};
static uchar usb_console_56[]={
0xFF,0x39,0x00,0x01,0x02,0x03,0x04,0x05,
0x06,0x07,0x00,0x31,0x8F,0xF0,0x8F,0xDE,};
static uchar usb_console_57[]={
0x8F,0xDC,0x8F,0xDA,0x8F,0xD8,0x8F,0xD6,
0x80,0xB9,0x8F,0xD2,0x81,0x13,0x5D,0x59,};
static uchar usb_console_58[]={
0x39,0x09,0xD0,0x04,0x64,0xEF,0xE6,0x7D,
0x0C,0x21,0x8F,0xC2,0x81,0x0C,0x8F,0xBE,};
static uchar usb_console_59[]={
0x81,0x13,0x8F,0xBA,0x81,0x24,0x8F,0xB6,
0x8F,0xB4,0x8F,0xB2,0x81,0x25,0x5D,0x59,};
static uchar usb_console_60[]={
0x39,0x0A,0xD0,0x04,0x64,0xEF,0xE4,0x7D,
0x0C,0x21,0x81,0x71,0x25,0xCF,};
static uchar usb_console_61[]={
0xFF,0x39,0x00,0x01,0x02,0x03,0x04,0x05,
0x06,0x07,0x00,0x32,0x8F,0xA0,0x8F,0x9E,};
static uchar usb_console_62[]={
0x8F,0x9C,0x8F,0x9A,0x8F,0x98,0x8F,0x96,
0x8F,0x94,0x8F,0x92,0x8F,0x90,0x81,0x75,};
static uchar usb_console_63[]={
0x3C,0x01,0x00,0xB0,0x03,0x8F,0x87,0x5D,
0x59,0x39,0x0B,0xD0,0x04,0x64,0xEF,0xDB,};
static uchar usb_console_64[]={
0x7D,0x0C,0x21,0x8F,0x79,0x3C,0x01,0x00,
0xB0,0x03,0x8F,0x72,0x5D,0x59,0x39,0x01,};
static uchar usb_console_65[]={
0xD0,0x04,0x64,0xEF,0xEF,0x7D,0x0C,0x21,
0x81,0x5F,0x3C,0x01,0xC7,0x14,};
static uchar usb_console_66[]={
0xFF,0x39,0x00,0x01,0x02,0x03,0x04,0x05,
0x06,0x07,0x00,0x33,0x00,0xB0,0x0D,0x5D,};
static uchar usb_console_67[]={
0x5D,0x53,0x1F,0x5D,0x5C,0x2C,0x1F,0xA0,
0x03,0x8F,0x53,0x5D,0x59,0x39,0x01,0xD0,};
static uchar usb_console_68[]={
0x04,0x64,0xEF,0xE5,0x7D,0x0C,0x21,0x8F,
0x45,0x81,0x57,0x8F,0x41,0x81,0x88,0x3C,};
static uchar usb_console_69[]={
0x01,0x00,0xB0,0x0D,0x5D,0x5D,0x53,0x1F,
0x5D,0x5C,0x2C,0x1F,0xA0,0x03,0x8F,0x2E,};
static uchar usb_console_70[]={
0x5D,0x59,0x39,0x04,0xD0,0x04,0x64,0xEF,
0xDF,0x7D,0x0C,0x21,0xCA,0x1B,};
static uchar usb_console_71[]={
0xFF,0x39,0x00,0x01,0x02,0x03,0x04,0x05,
0x06,0x07,0x00,0x34,0x7D,0x10,0x95,0x7D,};
static uchar usb_console_72[]={
0x0F,0x82,0x5D,0x5B,0x64,0x39,0x08,0xDF,
0x15,0xE0,0x01,0x8F,0x11,0x80,0x28,0x80,};
static uchar usb_console_73[]={
0x03,0x80,0x34,0x93,0xC4,0x4B,0x01,0x02,
0x4B,0x09,0x00,0x55,0x1F,0x20,0x93,0xA8,};
static uchar usb_console_74[]={
0x51,0x20,0x58,0x21,0x08,0x5D,0x5A,0x53,
0x1F,0x18,0x08,0x28,0x3A,0x1F,0xD0,0x04,};
static uchar usb_console_75[]={
0x18,0x8E,0xEB,0x18,0x8F,0xC7,0x5F,0x1F,
0x00,0x50,0x0A,0x57,0x67,0x56,};
static uchar usb_console_76[]={
0xFF,0x39,0x00,0x01,0x02,0x03,0x04,0x05,
0x06,0x07,0x00,0x35,0x2E,0x28,0x3A,0x1F,};
static uchar usb_console_77[]={
0xCE,0xDC,0x50,0x0A,0x8F,0xB7,0x5D,0x5A,
0x53,0x1F,0x50,0x11,0x57,0xCE,0x28,0x3A,};
static uchar usb_console_78[]={
0x1F,0xCE,0xCB,0x50,0x11,0x8F,0xA6,0x00,
0x01,0x00,0x01,0x00,0x01,0x00,0x00,0xDE,};
static uchar usb_console_79[]={
0x55,0x1F,0x00,0x50,0x0D,0x57,0x5B,0x8F,
0x94,0x5D,0x5A,0x39,0x01,0xBE,0xAF,0x26,};
static uchar usb_console_80[]={
0x02,0xFD,0x8F,0x8C,0x5D,0x5A,0x39,0x01,
0xA0,0x07,0x39,0x02,0x50,0x29,};
static uchar usb_console_81[]={
0xFF,0x39,0x00,0x01,0x02,0x03,0x04,0x05,
0x06,0x07,0x00,0x36,0xA0,0x08,0x8E,0x9E,};
static uchar usb_console_82[]={
0x2E,0x02,0x02,0x80,0x03,0x8E,0x97,0x8F,
0x77,0x55,0x1E,0x01,0x5D,0x5A,0x53,0x0C,};
static uchar usb_console_83[]={
0x8F,0x6E,0x93,0x45,0x55,0x1F,0x20,0x93,
0x2F,0x5D,0x5A,0x53,0x1F,0x51,0x20,0x58,};
static uchar usb_console_84[]={
0x21,0x28,0x3A,0x1F,0xCE,0x78,0x5F,0x01,
0x1F,0x3C,0x1F,0x00,0xA0,0x25,0x51,0x20,};
static uchar usb_console_85[]={
0x58,0x21,0x75,0x09,0x00,0x55,0x1F,0x20,
0x93,0x0E,0x57,0x00,0xD6,0x36,};
static uchar usb_console_86[]={
0xFF,0x39,0x00,0x01,0x02,0x03,0x04,0x05,
0x06,0x07,0x00,0x37,0x75,0x10,0x51,0x20,};
static uchar usb_console_87[]={
0x58,0x21,0x28,0x76,0x21,0x0E,0x20,0x00,
0x20,0x90,0xC7,0x5B,0x39,0x04,0xBF,0xED,};
static uchar usb_console_88[]={
0x80,0x10,0x71,0x10,0x57,0x04,0x56,0x22,
0x02,0x63,0xC3,0x00,0x79,0xBF,0xF8,0x70,};
static uchar usb_console_89[]={
0xEF,0x8F,0x1D,0x00,0x01,0x00,0x02,0x00,
0x0C,0x00,0x00,0xDE,0x55,0x0C,0x00,0x55,};
static uchar usb_console_90[]={
0x0D,0x00,0x55,0x1F,0x00,0x50,0x0D,0x57,
0xE7,0x8F,0x02,0x00,0xAE,0xE7,};
static uchar usb_console_91[]={
0xFF,0x39,0x00,0x01,0x02,0x03,0x04,0x05,
0x06,0x07,0x00,0x38,0x01,0x00,0x01,0x00,};
static uchar usb_console_92[]={
0x0C,0x00,0x00,0xDE,0x5D,0x5C,0x39,0x02,
0xDE,0x14,0x5C,0x52,0x03,0x53,0x0C,0x55,};
static uchar usb_console_93[]={
0x1F,0x00,0x50,0x0D,0x57,0xFF,0x8E,0xE5,
0x5D,0x5C,0x21,0x7F,0x39,0x05,0xDD,0xFE,};
static uchar usb_console_94[]={
0x5C,0x55,0x1F,0x00,0x55,0x0D,0x00,0x52,
0x05,0x53,0x0C,0x50,0x0C,0x57,0x28,0x8E,};
static uchar usb_console_95[]={
0xCC,0x5D,0x5A,0x39,0x00,0xBD,0xE7,0x5D,
0x5C,0x21,0x7F,0x39,0x31,0xEE,};
static uchar usb_console_96[]={
0xFF,0x39,0x00,0x01,0x02,0x03,0x04,0x05,
0x06,0x07,0x00,0x39,0x00,0xA0,0x24,0x39,};
static uchar usb_console_97[]={
0x05,0xDD,0xDB,0x5C,0x27,0x05,0xFE,0xF5,
0x30,0x31,0xFF,0x24,0x1D,0x49,0x5C,0x80,};
static uchar usb_console_98[]={
0x71,0x10,0xB0,0x09,0x56,0x22,0x00,0x63,
0xC3,0x09,0x80,0x07,0x56,0x22,0x01,0x63,};
static uchar usb_console_99[]={
0xC3,0x0C,0x70,0xEF,0x8E,0x9A,0x5D,0x5A,
0x39,0x00,0xBD,0xB2,0x5D,0x5C,0x21,0x7F,};
static uchar usb_console_100[]={
0x39,0x00,0xA0,0x1B,0x39,0x05,0xDD,0xA6,
0x5C,0x2F,0x05,0x01,0x93,0xB3,};
static uchar usb_console_101[]={
0xFF,0x39,0x00,0x01,0x02,0x03,0x04,0x05,
0x06,0x07,0x00,0x3A,0x56,0x22,0x02,0x49,};
static uchar usb_console_102[]={
0x5C,0x80,0x71,0x10,0xB0,0x06,0x63,0xC3,
0x89,0x80,0x04,0x63,0xC3,0x8D,0x70,0xEF,};
static uchar usb_console_103[]={
0x8E,0x6E,0x39,0x7F,0xB0,0x02,0x7F,0x08,
0x5B,0x64,0xE0,0x01,0x80,0x09,0x80,0x0C,};
static uchar usb_console_104[]={
0x80,0x0F,0x80,0x12,0x80,0x15,0x43,0xDF,
0x04,0x80,0x15,0x43,0xDF,0x08,0x80,0x10,};
static uchar usb_console_105[]={
0x43,0xDF,0x10,0x80,0x0B,0x43,0xDF,0x20,
0x80,0x06,0x43,0xDF,0x8F,0xAC,};
static uchar usb_console_106[]={
0xFF,0x39,0x00,0x01,0x02,0x03,0x04,0x05,
0x06,0x07,0x00,0x3B,0x40,0x80,0x01,0x5B,};
static uchar usb_console_107[]={
0xF4,0xB7,0x31,0xFF,0x24,0x1D,0x27,0x05,
0xFE,0x71,0x10,0x18,0x21,0x80,0xB0,0x09,};
static uchar usb_console_108[]={
0x63,0xC3,0x09,0x56,0x22,0x00,0x80,0x07,
0x63,0xC3,0x0C,0x56,0x22,0x01,0x70,0xEF,};
static uchar usb_console_109[]={
0x7F,0x08,0x10,0x5D,0xD5,0x08,0x5D,0xD4,
0x08,0x62,0xD5,0x00,0x62,0xD4,0x00,0x5D,};
static uchar usb_console_110[]={
0x56,0x64,0xC0,0x17,0x64,0xC0,0x34,0x64,
0xC0,0x3D,0x82,0x77,0xA4,0xD7,};
static uchar usb_console_111[]={
0xFF,0x39,0x00,0x01,0x02,0x03,0x04,0x05,
0x06,0x07,0x00,0x3C,0x60,0x57,0x5B,0x60,};
static uchar usb_console_112[]={
0x56,0x18,0x60,0xD4,0x18,0x60,0xD5,0x20,
0x18,0x7E,0x08,0x50,0x02,0x91,0xF2,0x18,};
static uchar usb_console_113[]={
0x5D,0x57,0x39,0x4A,0xA0,0x03,0x82,0x5B,
0x5D,0x58,0x21,0xE3,0x08,0x67,0x67,0x67,};
static uchar usb_console_114[]={
0x53,0x1F,0x18,0x2A,0x1F,0x21,0x1F,0x7D,
0x11,0x6C,0x51,0x0B,0xE0,0x01,0x82,0x43,};
static uchar usb_console_115[]={
0x80,0x37,0x80,0xB7,0x80,0xC2,0x51,0x0B,
0xE0,0x01,0x82,0x37,0xEE,0x6C,};
static uchar usb_console_116[]={
0xFF,0x39,0x00,0x01,0x02,0x03,0x04,0x05,
0x06,0x07,0x00,0x3D,0x80,0x2D,0x80,0x5E,};
static uchar usb_console_117[]={
0x80,0xD0,0x53,0x0A,0x91,0xD1,0x55,0x0B,
0x02,0x5D,0x5F,0x3A,0x15,0xB0,0x07,0x5D,};
static uchar usb_console_118[]={
0x5E,0x3A,0x16,0xA0,0x09,0xD0,0x07,0x53,
0x16,0x5D,0x5F,0x53,0x15,0x55,0x1B,0x00,};
static uchar usb_console_119[]={
0x55,0x1C,0x00,0x2E,0x1D,0x01,0x80,0xB4,
0x80,0xB2,0x51,0x0A,0x04,0x1C,0x0E,0x1B,};
static uchar usb_console_120[]={
0x00,0x50,0x01,0x91,0x8C,0x55,0x0B,0x00,
0x50,0x00,0x57,0x03,0x85,0x9B,};
static uchar usb_console_121[]={
0xFF,0x39,0x00,0x01,0x02,0x03,0x04,0x05,
0x06,0x07,0x00,0x3E,0x8F,0x7F,0x91,0x97,};
static uchar usb_console_122[]={
0x55,0x0B,0x06,0x50,0x00,0x57,0x06,0x8F,
0x74,0x51,0x14,0x39,0x00,0xA1,0xE4,0x91,};
static uchar usb_console_123[]={
0x86,0x55,0x0B,0x04,0x2E,0x1D,0x01,0x50,
0x00,0x57,0x0B,0x8F,0x60,0x36,0x1D,0x01,};
static uchar usb_console_124[]={
0x5D,0x57,0x21,0x0F,0x11,0x02,0x53,0x1F,
0x50,0x00,0x3A,0x15,0xB0,0x07,0x51,0x1F,};
static uchar usb_console_125[]={
0x3A,0x16,0xA0,0x06,0xC0,0x04,0x5F,0x1F,
0x16,0x51,0x1F,0x14,0x2C,0xEA,};
static uchar usb_console_126[]={
0xFF,0x39,0x00,0x01,0x02,0x03,0x04,0x05,
0x06,0x07,0x00,0x3F,0x16,0x1E,0x15,0x00,};
static uchar usb_console_127[]={
0x04,0x1C,0x0E,0x1B,0x00,0x57,0x00,0x5D,
0xD5,0x08,0x51,0x17,0x60,0xD5,0x5E,0x58,};
static uchar usb_console_128[]={
0x3F,0x18,0x75,0x5B,0x3A,0x1F,0xCF,0xF7,
0x18,0x60,0xD5,0x50,0x00,0x57,0x0B,0x8F,};
static uchar usb_console_129[]={
0x1C,0x55,0x0B,0x00,0x50,0x00,0x57,0x03,
0x8F,0x13,0x50,0x01,0x91,0x13,0x55,0x0B,};
static uchar usb_console_130[]={
0x00,0x50,0x00,0x57,0x03,0x8F,0x06,0x50,
0x01,0x91,0x06,0x3C,0xCA,0x27,};
static uchar usb_console_131[]={
0xFF,0x39,0x00,0x01,0x02,0x03,0x04,0x05,
0x06,0x07,0x00,0x40,0x1E,0x01,0xB0,0x09,};
static uchar usb_console_132[]={
0x51,0x0C,0x29,0x80,0x60,0x4A,0x80,0x01,
0x55,0x1E,0x00,0x50,0x00,0x57,0x06,0x8E,};
static uchar usb_console_133[]={
0xEC,0x50,0x03,0x90,0xEC,0x50,0x00,0x57,
0x03,0x8E,0xE2,0x51,0x0A,0x04,0x1C,0x0E,};
static uchar usb_console_134[]={
0x1B,0x00,0x51,0x15,0x2A,0x16,0xB0,0x0E,
0x3C,0x0A,0x08,0xA0,0x52,0x50,0x00,0x53,};
static uchar usb_console_135[]={
0x0A,0x57,0x02,0x8E,0xC8,0x3C,0x15,0x00,
0xB0,0x0A,0x3C,0x16,0x8D,0xAE,};
static uchar usb_console_136[]={
0xFF,0x39,0x00,0x01,0x02,0x03,0x04,0x05,
0x06,0x07,0x00,0x41,0x08,0xD0,0x05,0x51,};
static uchar usb_console_137[]={
0x16,0x80,0x03,0x50,0x08,0x14,0x16,0x1E,
0x15,0x00,0x53,0x1F,0x57,0x00,0x3C,0x14,};
static uchar usb_console_138[]={
0x00,0xB0,0x17,0x10,0x51,0x17,0x58,0x18,
0x76,0x18,0x0E,0x17,0x00,0x28,0x20,0x61,};
static uchar usb_console_139[]={
0x58,0x75,0x5B,0x3A,0x1F,0xCF,0xED,0x80,
0x16,0x5D,0xD4,0x08,0x51,0x17,0x60,0xD4,};
static uchar usb_console_140[]={
0x3E,0x18,0x61,0x58,0x75,0x5B,0x3A,0x1F,
0xCF,0xF7,0x18,0x60,0xBE,0x11,};
static uchar usb_console_141[]={
0xFF,0x39,0x00,0x01,0x02,0x03,0x04,0x05,
0x06,0x07,0x00,0x42,0xD4,0x5B,0x53,0x0A,};
static uchar usb_console_142[]={
0x50,0x01,0x22,0x1D,0xA0,0x03,0x50,0x80,
0x2A,0x0A,0x36,0x1D,0x01,0x57,0x0F,0x8E,};
static uchar usb_console_143[]={
0x6C,0x55,0x3A,0x01,0x75,0x09,0x00,0x08,
0x65,0x1F,0x65,0x1F,0x65,0x1F,0x18,0x4B,};
static uchar usb_console_144[]={
0x02,0x1F,0x4B,0x09,0x00,0x55,0x1F,0x14,
0x90,0x26,0x90,0x1C,0x90,0x1A,0x90,0x18,};
static uchar usb_console_145[]={
0x5D,0x58,0x21,0x80,0xA0,0x03,0x8E,0x8B,
0x8E,0xD0,0x75,0x09,0x1B,0xCC,};
static uchar usb_console_146[]={
0xFF,0x39,0x00,0x01,0x02,0x03,0x04,0x05,
0x06,0x07,0x00,0x43,0x00,0x65,0x1F,0x65,};
static uchar usb_console_147[]={
0x1F,0x4B,0x02,0x1F,0x4B,0x09,0x00,0x7F,
0x08,0x28,0x3F,0x1F,0x18,0x75,0x09,0x00,};
static uchar usb_console_148[]={
0x08,0x28,0x3F,0x1F,0x18,0x75,0x09,0x00,
0x7F,0x5F,0x1F,0x00,0x50,0x0A,0x57,0x02,};
static uchar usb_console_149[]={
0x28,0x3A,0x1F,0x50,0x0A,0xC0,0x03,0x9F,
0xD1,0x7F,0x9F,0xED,0x55,0x1F,0x20,0x9F,};
static uchar usb_console_150[]={
0xD7,0x5D,0x5A,0x53,0x1F,0x51,0x20,0x58,
0x21,0x5F,0x1F,0x01,0xF4,0x7F,};
static uchar usb_console_151[]={
0xFF,0x39,0x00,0x01,0x02,0x03,0x04,0x05,
0x06,0x07,0x00,0x44,0x7A,0x1F,0x9F,0xBA,};
static uchar usb_console_152[]={
0x7F,0x58,0x1A,0x4B,0x39,0x00,0xA0,0x0F,
0x4B,0x54,0x00,0x51,0x1B,0x54,0x01,0x51,};
static uchar usb_console_153[]={
0x1C,0x54,0x02,0x55,0x1A,0x00,0x7F,0x51,
0x1A,0x39,0x00,0xA0,0x0B,0x4B,0x56,0x00,};
static uchar usb_console_154[]={
0x00,0x55,0x1B,0x00,0x55,0x1C,0x00,0x7F,
0x8B,0x45,0x8B,0x7A,0x8B,0xB2,0x80,0x43,};
static uchar usb_console_155[]={
0x80,0x41,0x81,0x74,0x80,0x3D,0x80,0x3B,
0x80,0x39,0x80,0x37,0xEA,0x6C,};
static uchar usb_console_156[]={
0xFF,0x39,0x00,0x01,0x02,0x03,0x04,0x05,
0x06,0x07,0x00,0x45,0x80,0x35,0x80,0x33,};
static uchar usb_console_157[]={
0x80,0x31,0x80,0x2F,0x80,0x2D,0x80,0x2B,
0x8B,0x05,0x8B,0x45,0x8B,0x6D,0x80,0x23,};
static uchar usb_console_158[]={
0x80,0x21,0x81,0xA4,0x80,0x1D,0x80,0x1B,
0x80,0x19,0x80,0x17,0x80,0x15,0x80,0x13,};
static uchar usb_console_159[]={
0x80,0x11,0x80,0x0F,0x80,0x0D,0x80,0x0B,
0x39,0x20,0xD0,0x04,0x64,0xEF,0xBA,0x7D,};
static uchar usb_console_160[]={
0x11,0x76,0x7D,0x0C,0x21,0x12,0x01,0x00,
0x02,0x02,0x00,0x00,0xA8,0xE9,};
static uchar usb_console_161[]={
0xFF,0x39,0x00,0x01,0x02,0x03,0x04,0x05,
0x06,0x07,0x00,0x46,0x08,0xA6,0x05,0x09,};
static uchar usb_console_162[]={
0x00,0x00,0x00,0x01,0x02,0x00,0x01,0x09,
0x02,0x43,0x00,0x02,0x01,0x03,0xC0,0x32,};
static uchar usb_console_163[]={
0x09,0x04,0x00,0x00,0x01,0x02,0x02,0x01,
0x00,0x05,0x24,0x00,0x10,0x01,0x04,0x24,};
static uchar usb_console_164[]={
0x02,0x02,0x05,0x24,0x06,0x00,0x01,0x05,
0x24,0x01,0x00,0x01,0x07,0x05,0x81,0x03,};
static uchar usb_console_165[]={
0x08,0x00,0x02,0x09,0x04,0x01,0x00,0x02,
0x0A,0x00,0x00,0x00,0x8E,0xB6,};
static uchar usb_console_166[]={
0xFF,0x39,0x00,0x01,0x02,0x03,0x04,0x05,
0x06,0x07,0x00,0x47,0x07,0x05,0x82,0x02,};
static uchar usb_console_167[]={
0x40,0x00,0x00,0x07,0x05,0x03,0x02,0x20,
0x00,0x00,0x03,0x00,0x00,0x04,0x11,0xEF,};
static uchar usb_console_168[]={
0x00,0x00,0xDE,0x00,0x00,0x0C,0x11,0xF3,
0x00,0x00,0xDE,0x00,0x00,0x24,0x11,0xFF,};
static uchar usb_console_169[]={
0x00,0x00,0xDE,0x00,0x00,0x2E,0x12,0x23,
0x00,0x00,0xDE,0x04,0x03,0x09,0x04,0x0C,};
static uchar usb_console_170[]={
0x03,0x43,0x00,0x69,0x00,0x73,0x00,0x63,
0x00,0x6F,0x00,0x24,0x5F,0x59,};
static uchar usb_console_171[]={
0xFF,0x39,0x00,0x01,0x02,0x03,0x04,0x05,
0x06,0x07,0x00,0x48,0x03,0x43,0x00,0x69,};
static uchar usb_console_172[]={
0x00,0x73,0x00,0x63,0x00,0x6F,0x00,0x20,
0x00,0x55,0x00,0x53,0x00,0x42,0x00,0x20,};
static uchar usb_console_173[]={
0x00,0x43,0x00,0x6F,0x00,0x6E,0x00,0x73,
0x00,0x6F,0x00,0x6C,0x00,0x65,0x00,0x2E,};
static uchar usb_console_174[]={
0x03,0x55,0x00,0x53,0x00,0x42,0x00,0x2D,
0x00,0x55,0x00,0x41,0x00,0x52,0x00,0x54,};
static uchar usb_console_175[]={
0x00,0x20,0x00,0x43,0x00,0x6F,0x00,0x6E,
0x00,0x66,0x00,0x69,0x84,0xA4,};
static uchar usb_console_176[]={
0xFF,0x39,0x00,0x01,0x02,0x03,0x04,0x05,
0x06,0x07,0x00,0x49,0x00,0x67,0x00,0x75,};
static uchar usb_console_177[]={
0x00,0x72,0x00,0x61,0x00,0x74,0x00,0x69,
0x00,0x6F,0x00,0x6E,0x00,0x00,0x01,0x00,};
static uchar usb_console_178[]={
0x08,0x00,0x27,0x00,0x00,0xDE,0x00,0x01,
0x00,0x07,0x00,0x2F,0x00,0x00,0xDE,0x80,};
static uchar usb_console_179[]={
0xA3,0x81,0x04,0x81,0x02,0x81,0x00,0x80,
0xFE,0x80,0xFC,0x80,0xFA,0x80,0xF8,0x80,};
static uchar usb_console_180[]={
0xF6,0x80,0xF4,0x80,0xF2,0x80,0xF0,0x80,
0xEE,0x80,0xEC,0x80,0x4A,0x31,};
static uchar usb_console_181[]={
0xFF,0x39,0x00,0x01,0x02,0x03,0x04,0x05,
0x06,0x07,0x00,0x4A,0xEA,0x80,0xE8,0x80,};
static uchar usb_console_182[]={
0xE6,0x80,0xE4,0x80,0xE2,0x80,0xE0,0x80,
0xDE,0x80,0xDC,0x80,0xDA,0x80,0xD8,0x80,};
static uchar usb_console_183[]={
0xD6,0x80,0xD4,0x80,0xD2,0x80,0xD0,0x80,
0xCE,0x80,0xCC,0x80,0xCA,0x80,0xC8,0x80,};
static uchar usb_console_184[]={
0x72,0x80,0xC4,0x80,0x7D,0x80,0x88,0x5D,
0x59,0x39,0x24,0xD0,0x04,0x64,0xEF,0xB0,};
static uchar usb_console_185[]={
0x7D,0x13,0x6A,0x80,0xB2,0x80,0x92,0x80,
0xAE,0x80,0xAC,0x80,0xFF,0x9C,};
static uchar usb_console_186[]={
0xFF,0x39,0x00,0x01,0x02,0x03,0x04,0x05,
0x06,0x07,0x00,0x4B,0xAA,0x80,0xA8,0x80,};
static uchar usb_console_187[]={
0xA6,0x80,0xA4,0x80,0xA2,0x80,0xA0,0x80,
0x9E,0x80,0x9C,0x80,0x9A,0x80,0x98,0x80,};
static uchar usb_console_188[]={
0x96,0x80,0x94,0x80,0x92,0x80,0x90,0x80,
0x8E,0x80,0x8C,0x80,0x8A,0x80,0x88,0x80,};
static uchar usb_console_189[]={
0x86,0x80,0x84,0x80,0x82,0x80,0x80,0x80,
0x7E,0x80,0x7C,0x80,0x7A,0x80,0x78,0x80,};
static uchar usb_console_190[]={
0x76,0x80,0x74,0x80,0x72,0x80,0x61,0x5D,
0x59,0x39,0x22,0xD0,0xD8,0x4F,};
static uchar usb_console_191[]={
0xFF,0x39,0x00,0x01,0x02,0x03,0x04,0x05,
0x06,0x07,0x00,0x4C,0x04,0x64,0xEF,0xB4,};
static uchar usb_console_192[]={
0x7D,0x13,0x6A,0x5D,0x5C,0x39,0x02,0xD0,
0x5E,0x53,0x1F,0x50,0x12,0x57,0x51,0x7D,};
static uchar usb_console_193[]={
0x10,0x95,0x5D,0x5C,0x39,0x02,0xD0,0x4F,
0x53,0x1F,0x50,0x12,0x57,0x5A,0x7D,0x10,};
static uchar usb_console_194[]={
0x95,0x5D,0x5C,0x39,0x02,0xD0,0x40,0x5D,
0x5A,0x53,0x37,0x7D,0x0F,0x82,0x5D,0x5C,};
static uchar usb_console_195[]={
0x39,0x02,0xD0,0x33,0x41,0x08,0xFB,0x49,
0x5A,0x01,0xB0,0x07,0x68,0x70,};
static uchar usb_console_196[]={
0xFF,0x39,0x00,0x01,0x02,0x03,0x04,0x05,
0x06,0x07,0x00,0x4D,0x43,0x0A,0x04,0x7D,};
static uchar usb_console_197[]={
0x0F,0x82,0x41,0x0A,0xFB,0x7D,0x0F,0x82,
0x5D,0x5C,0x39,0x02,0xD0,0x19,0x53,0x1F,};
static uchar usb_console_198[]={
0x50,0x12,0x57,0x51,0x7D,0x10,0x95,0x5D,
0x5C,0x39,0x02,0xD0,0x0A,0x53,0x1F,0x50,};
static uchar usb_console_199[]={
0x12,0x57,0x5A,0x7D,0x10,0x95,0x7D,0x0C,
0x21,0x30,0x31,0x32,0x33,0x34,0x35,0x36,};
static uchar usb_console_200[]={
0x37,0x38,0x39,0x41,0x42,0x43,0x44,0x45,
0x46,0x01,0x02,0x04,0xF6,0x8D,};
static uchar usb_console_201[]={
0xFF,0x39,0x00,0x01,0x02,0x03,0x04,0x05,
0x06,0x07,0x00,0x4E,0x08,0x10,0x70,0xBF,};
static uchar usb_console_202[]={
0x62,0xD3,0x00,0x62,0xD0,0x00,0x55,0x00,
0x00,0x55,0x0B,0x00,0x55,0x01,0x00,0x55,};
static uchar usb_console_203[]={
0x02,0x00,0x55,0x1D,0x00,0x62,0x6C,0x00,
0x62,0x6D,0x40,0x62,0x6E,0x80,0x62,0x6F,};
static uchar usb_console_204[]={
0xC0,0x62,0x4A,0x80,0x62,0x4B,0x00,0x71,
0x10,0x60,0xC1,0x70,0xEF,0x62,0x56,0x03,};
static uchar usb_console_205[]={
0x43,0xDF,0x05,0x62,0x4C,0x04,0x70,0x3F,
0x71,0xC0,0x7F,0x62,0x6F,0x80,};
static uchar usb_console_206[]={
0xFF,0x39,0x00,0x01,0x02,0x03,0x04,0x05,
0x06,0x07,0x00,0x4F,0xD0,0x00,0x55,0x00,};
static uchar usb_console_207[]={
0x00,0x55,0x0B,0x00,0x55,0x01,0x00,0x55,
0x02,0x00,0x62,0x4A,0x00,0x41,0x4C,0xFB,};
static uchar usb_console_208[]={
0x62,0xDF,0x00,0x7F,0x71,0x10,0x5D,0xC1,
0x21,0x04,0xA0,0x05,0x50,0x01,0x80,0x03,};
static uchar usb_console_209[]={
0x50,0x00,0x41,0xC1,0xFB,0x70,0xEF,0x7F,
0x70,0xBF,0x62,0xD3,0x00,0x51,0x25,0x39,};
static uchar usb_console_210[]={
0x01,0xA0,0x05,0x50,0x00,0x80,0x05,0x5D,
0x53,0x11,0x02,0x70,0x4F,0x41,};
static uchar usb_console_211[]={
0xFF,0x39,0x00,0x01,0x02,0x03,0x04,0x05,
0x06,0x07,0x00,0x50,0x3F,0x71,0xC0,0x7F,};
static uchar usb_console_212[]={
0x50,0x01,0x08,0x80,0x04,0x50,0x00,0x08,
0x70,0xBF,0x62,0xD0,0x00,0x62,0xD3,0x03,};
static uchar usb_console_213[]={
0x4F,0x52,0xFA,0x53,0x38,0x50,0x04,0x34,
0x1D,0x22,0x1D,0xA0,0x06,0x2E,0x39,0x80,};
static uchar usb_console_214[]={
0x80,0x04,0x26,0x39,0x7F,0x52,0xFA,0x60,
0x51,0x51,0x39,0x60,0x50,0x5D,0x6D,0x71,};
static uchar usb_console_215[]={
0x10,0x70,0xFE,0x60,0x40,0x71,0x01,0x70,
0xEF,0x52,0xFA,0xA0,0x03,0xAA,};
static uchar usb_console_216[]={
0xFF,0x39,0x00,0x01,0x02,0x03,0x04,0x05,
0x06,0x07,0x00,0x51,0x2C,0x2F,0xFF,0x00,};
static uchar usb_console_217[]={
0xB0,0x14,0x52,0xFC,0x08,0x52,0xFB,0x60,
0xD3,0x20,0x52,0x00,0x60,0x40,0x75,0x7A,};
static uchar usb_console_218[]={
0x38,0xBF,0xF8,0x80,0x14,0x52,0xFB,0x53,
0x39,0x59,0xFC,0x28,0x60,0x40,0x75,0x0E,};
static uchar usb_console_219[]={
0x39,0x00,0x51,0x39,0x7A,0x38,0xBF,0xF4,
0x55,0x24,0x00,0x71,0x10,0x5D,0x6D,0x70,};
static uchar usb_console_220[]={
0xFE,0x60,0x52,0x71,0x01,0x62,0xC5,0x0D,
0x70,0xEF,0x18,0x70,0x8A,0xB9,};
static uchar usb_console_221[]={
0xFF,0x39,0x00,0x01,0x02,0x03,0x04,0x05,
0x06,0x07,0x00,0x52,0x3F,0x71,0xC0,0x7F,};
static uchar usb_console_222[]={
0x70,0xBF,0x62,0xD0,0x00,0x08,0x08,0x10,
0x60,0xD3,0x55,0x38,0x00,0x52,0x00,0xA0,};
static uchar usb_console_223[]={
0x06,0x75,0x76,0x38,0x8F,0xF8,0x62,0xD3,
0x03,0x51,0x38,0x4F,0x54,0xFD,0x7C,0x14,};
static uchar usb_console_224[]={
0x09,0x38,0xFD,0x70,0x3F,0x71,0xC0,0x7F,
0x70,0xBF,0x62,0xD0,0x00,0x62,0xD3,0x03,};
static uchar usb_console_225[]={
0x08,0x08,0x10,0x55,0x38,0x00,0x53,0x39,
0x28,0xA0,0x0B,0x75,0x7A,0x9A,};
static uchar usb_console_226[]={
0xFF,0x39,0x00,0x01,0x02,0x03,0x04,0x05,
0x06,0x07,0x00,0x53,0x0E,0x39,0x00,0x76,};
static uchar usb_console_227[]={
0x38,0x51,0x39,0x8F,0xF4,0x51,0x38,0x4F,
0x54,0xFD,0x7C,0x14,0x04,0x38,0xFD,0x70,};
static uchar usb_console_228[]={
0x3F,0x71,0xC0,0x7F,0x08,0x50,0x01,0x08,
0x5D,0xD1,0x08,0x4F,0x5B,0x11,0x03,0x08,};
static uchar usb_console_229[]={
0x7C,0x14,0x09,0x38,0xFC,0x7F,0x50,0x0D,
0x08,0x50,0x0A,0x08,0x50,0x02,0x08,0x5D,};
static uchar usb_console_230[]={
0xD1,0x08,0x4F,0x5B,0x11,0x04,0x08,0x7C,
0x14,0x09,0x38,0xFB,0xE6,0x73,};
static uchar usb_console_231[]={
0xFF,0x39,0x00,0x01,0x02,0x03,0x04,0x05,
0x06,0x07,0x00,0x54,0x7F,0x5C,0x67,0x67,};
static uchar usb_console_232[]={
0x67,0x67,0x21,0x0F,0xFE,0x63,0x08,0x5B,
0x21,0x0F,0xFE,0x5D,0x08,0x50,0x02,0x08,};
static uchar usb_console_233[]={
0x5D,0xD1,0x08,0x4F,0x5B,0x11,0x04,0x08,
0x7C,0x14,0x09,0x38,0xFB,0x7F,0x70,0xBF,};
static uchar usb_console_234[]={
0x62,0xD3,0x03,0x08,0x5B,0x67,0x67,0x67,
0x67,0x21,0x0F,0xFE,0x3C,0x08,0x5B,0x21,};
static uchar usb_console_235[]={
0x0F,0xFE,0x36,0x08,0x4F,0x52,0xFD,0x5C,
0x67,0x67,0x67,0x67,0xD5,0x52,};
static uchar usb_console_236[]={
0xFF,0x39,0x00,0x01,0x02,0x03,0x04,0x05,
0x06,0x07,0x00,0x55,0x21,0x0F,0xFE,0x29,};
static uchar usb_console_237[]={
0x08,0x5B,0x21,0x0F,0xFE,0x23,0x08,0x50,
0x04,0x08,0x5D,0xD1,0x08,0x4F,0x5B,0x11,};
static uchar usb_console_238[]={
0x06,0x08,0x7C,0x14,0x09,0x38,0xF8,0x70,
0x3F,0x71,0xC0,0x7F,0x70,0xBF,0x62,0xD0,};
static uchar usb_console_239[]={
0x00,0x62,0xD3,0x03,0x4F,0x52,0xFB,0x53,
0x38,0x5D,0x53,0x53,0x39,0x11,0x02,0x3A,};
static uchar usb_console_240[]={
0x38,0xA0,0x07,0xD0,0x05,0x50,0x80,0x80,
0x51,0x5D,0x6E,0x71,0x70,0x89,};
static uchar usb_console_241[]={
0xFF,0x39,0x00,0x01,0x02,0x03,0x04,0x05,
0x06,0x07,0x00,0x56,0x10,0x70,0xFE,0x60,};
static uchar usb_console_242[]={
0x50,0x71,0x01,0x70,0xEF,0x51,0x38,0xA0,
0x14,0x52,0xFD,0x08,0x52,0xFC,0x60,0xD3,};
static uchar usb_console_243[]={
0x20,0x5D,0x40,0x54,0x00,0x75,0x7A,0x39,
0x7A,0x38,0xBF,0xF6,0x62,0xD3,0x03,0x4F,};
static uchar usb_console_244[]={
0x5D,0x6E,0x03,0xFB,0x60,0x6E,0x3C,0x39,
0x02,0xA0,0x07,0x51,0x39,0x60,0x53,0x80,};
static uchar usb_console_245[]={
0x19,0x55,0x25,0x00,0x62,0x53,0x20,0x71,
0x10,0x62,0x6E,0x80,0xE6,0x76,};
static uchar usb_console_246[]={
0xFF,0x39,0x00,0x01,0x02,0x03,0x04,0x05,
0x06,0x07,0x00,0x57,0x5D,0x6E,0x60,0x43,};
static uchar usb_console_247[]={
0x5D,0xC6,0x62,0xC6,0x09,0x50,0x00,0x70,
0xEF,0x70,0x3F,0x71,0xC0,0x7F,0x38,0x01,};
static uchar usb_console_248[]={
0x08,0x10,0x5D,0x53,0x11,0x02,0x4F,0x54,
0xFD,0x70,0x3F,0x71,0xC0,0x7C,0x15,0x60,};
static uchar usb_console_249[]={
0x38,0xFD,0x70,0x3F,0x71,0xC0,0x7F,0x38,
0x01,0x50,0x01,0x08,0x5D,0xD1,0x08,0x4F,};
static uchar usb_console_250[]={
0x5B,0x11,0x03,0x08,0x7C,0x15,0x60,0x38,
0xFD,0x5C,0x18,0x7F,0x90,0xCB,};
static uchar usb_console_251[]={
0xFF,0x39,0x00,0x01,0x02,0x03,0x04,0x05,
0x06,0x07,0x00,0x58,0x71,0x10,0x5D,0xC5,};
static uchar usb_console_252[]={
0x70,0xEF,0x21,0x10,0x7F,0x70,0xBF,0x62,
0xD0,0x00,0x51,0x01,0xA0,0x4E,0x62,0xD0,};
static uchar usb_console_253[]={
0x00,0x50,0x04,0x22,0x1D,0xA0,0x06,0x2E,
0x39,0x80,0x80,0x04,0x26,0x39,0x7F,0x62,};
static uchar usb_console_254[]={
0x51,0x00,0x51,0x39,0x60,0x50,0x62,0xD3,
0x03,0x5D,0x6D,0x71,0x10,0x70,0xFE,0x60,};
static uchar usb_console_255[]={
0x40,0x71,0x01,0x70,0xEF,0x55,0x24,0x00,
0x71,0x10,0x5D,0x6D,0x1A,0xE0,};
static uchar usb_console_256[]={
0xFF,0x39,0x00,0x01,0x02,0x03,0x04,0x05,
0x06,0x07,0x00,0x59,0x60,0x52,0x62,0xC5,};
static uchar usb_console_257[]={
0x0D,0x70,0xEF,0x62,0xD3,0x00,0x55,0x25,
0x00,0x62,0x53,0x20,0x71,0x10,0x5D,0x6E,};
static uchar usb_console_258[]={
0x60,0x43,0x5D,0xC6,0x62,0xC6,0x09,0x70,
0xEF,0x50,0x01,0x70,0x3F,0x71,0xC0,0x7F,};
static uchar usb_console_259[]={
0x70,0xBF,0x41,0xDF,0xFB,0x62,0xD0,0x00,
0x60,0xD3,0x08,0x51,0x32,0x54,0x00,0x51,};
static uchar usb_console_260[]={
0x31,0x54,0x01,0x51,0x30,0x54,0x02,0x51,
0x2F,0x54,0x03,0x18,0x46,0x39,};
static uchar usb_console_261[]={
0xFF,0x39,0x00,0x01,0x02,0x03,0x04,0x05,
0x06,0x07,0x00,0x5A,0x43,0xDF,0x04,0x70,};
static uchar usb_console_262[]={
0x3F,0x71,0xC0,0x7F,0x62,0xD0,0x00,0x51,
0x33,0x7F,0x62,0xD0,0x00,0x51,0x34,0x7F,};
static uchar usb_console_263[]={
0x62,0xD0,0x00,0x51,0x35,0x7F,0x62,0xD0,
0x00,0x51,0x37,0x7F,0x08,0x55,0x38,0x0A,};
static uchar usb_console_264[]={
0x50,0x02,0x34,0x1D,0x22,0x1D,0xA0,0x06,
0x2E,0x39,0x80,0x80,0x04,0x26,0x39,0x7F,};
static uchar usb_console_265[]={
0x62,0x4F,0x0A,0x51,0x39,0x60,0x4E,0x5D,
0x6C,0x71,0x10,0x70,0x7D,0xA8,};
static uchar usb_console_266[]={
0xFF,0x39,0x00,0x01,0x02,0x03,0x04,0x05,
0x06,0x07,0x00,0x5B,0xFE,0x60,0x40,0x71,};
static uchar usb_console_267[]={
0x01,0x70,0xEF,0x62,0x40,0xA1,0x62,0x40,
0x20,0x62,0x40,0x00,0x62,0x40,0x00,0x62,};
static uchar usb_console_268[]={
0x40,0x00,0x62,0x40,0x00,0x62,0x40,0x00,
0x62,0x40,0x02,0x62,0x40,0x00,0x18,0x60,};
static uchar usb_console_269[]={
0x40,0x55,0x23,0x00,0x71,0x10,0x5D,0x6C,
0x70,0xFE,0x60,0x51,0x71,0x01,0x62,0xC4,};
static uchar usb_console_270[]={
0x0D,0x70,0xEF,0x7F,0x62,0xD0,0x00,0x39,
0x00,0xA0,0x06,0x2E,0x3F,0x2D,};
static uchar usb_console_271[]={
0xFF,0x39,0x00,0x01,0x02,0x03,0x04,0x05,
0x06,0x07,0x00,0x5C,0x02,0x01,0x80,0x04,};
static uchar usb_console_272[]={
0x26,0x02,0xFE,0x7F,0x08,0x10,0x5D,0xD3,
0x08,0x3C,0x81,0x00,0xB0,0x17,0x76,0x7E,};
static uchar usb_console_273[]={
0x51,0x80,0x3A,0x7E,0xA0,0x09,0x58,0x7E,
0x52,0x8B,0x90,0xFD,0x80,0x07,0x55,0x7E,};
static uchar usb_console_274[]={
0x00,0x55,0x7F,0x00,0x18,0x60,0xD3,0x20,
0x18,0x7E,0x08,0x10,0x5D,0xD3,0x08,0x3C,};
static uchar usb_console_275[]={
0x81,0x00,0xA0,0x07,0x5D,0x2E,0x90,0xE1,
0x80,0x48,0x5D,0x2F,0x99,0xE2,};
static uchar usb_console_276[]={
0xFF,0x39,0x00,0x01,0x02,0x03,0x04,0x05,
0x06,0x07,0x00,0x5D,0x08,0x21,0x08,0xB0,};
static uchar usb_console_277[]={
0x04,0x18,0x80,0x3E,0x18,0x21,0xE0,0xA0,
0x10,0x49,0x2E,0x00,0x21,0x20,0xA0,0x32,};
static uchar usb_console_278[]={
0x41,0x2F,0xFE,0x43,0x2F,0x01,0x80,0x2A,
0x47,0x7D,0x01,0xB0,0x13,0x5D,0x2E,0x58,};
static uchar usb_console_279[]={
0x3B,0x54,0x3D,0x76,0x3B,0x3C,0x3B,0x20,
0xB0,0x18,0x55,0x3B,0x1F,0x80,0x13,0x5D,};
static uchar usb_console_280[]={
0x2E,0x58,0x3C,0x54,0x5D,0x76,0x3C,0x3C,
0x3C,0x20,0xB0,0x06,0xF2,0x95,};
static uchar usb_console_281[]={
0xFF,0x39,0x00,0x01,0x02,0x03,0x04,0x05,
0x06,0x07,0x00,0x5E,0x55,0x3C,0x1F,0x80,};
static uchar usb_console_282[]={
0x01,0x18,0x60,0xD3,0x20,0x18,0x7E,0x43,
0xE1,0x04,0x43,0xE1,0x08,0x7F,0x41,0xE1,};
static uchar usb_console_283[]={
0xFB,0x41,0xE1,0xF7,0x7F,0x71,0x10,0x21,
0x01,0xA0,0x07,0x43,0x28,0x10,0x70,0xEF,};
static uchar usb_console_284[]={
0x7F,0x41,0x28,0xEF,0x70,0xEF,0x7F,0x29,
0x01,0x60,0x2B,0x60,0x2F,0x7F,0x41,0x2B,};
static uchar usb_console_285[]={
0xFE,0x41,0x2F,0xFE,0x7F,0x60,0x29,0x7F,
0x5D,0x2B,0x7F,0x5D,0x19,0xE4,};
static uchar usb_console_286[]={
0xFF,0x39,0x00,0x01,0x02,0x03,0x04,0x05,
0x06,0x07,0x00,0x5F,0x2E,0x7F,0x5D,0x2F,};
static uchar usb_console_287[]={
0x7F,0x21,0x01,0x71,0x10,0x39,0x01,0xA0,
0x06,0x41,0x28,0xEF,0x80,0x04,0x43,0x28,};
static uchar usb_console_288[]={
0x10,0x70,0xEF,0x7F,0x08,0x21,0x01,0xA0,
0x06,0x43,0xE1,0x08,0x80,0x04,0x41,0xE1,};
static uchar usb_console_289[]={
0xF7,0x18,0x21,0x02,0xA0,0x06,0x43,0xE1,
0x04,0x80,0x04,0x41,0xE1,0xFB,0x7F,0x30,};
static uchar usb_console_290[]={
0x31,0x32,0x33,0x34,0x35,0x36,0x37,0x38,
0x39,0x41,0x42,0x43,0x05,0xBD,};
static uchar usb_console_291[]={
0xFF,0x39,0x00,0x01,0x02,0x03,0x04,0x05,
0x06,0x07,0x00,0x60,0x44,0x45,0x46,0x08,};
static uchar usb_console_292[]={
0x67,0x67,0x67,0x67,0x21,0x0F,0xFF,0xE7,
0x90,0x0F,0x18,0x21,0x0F,0xFF,0xE0,0x90,};
static uchar usb_console_293[]={
0x08,0x7F,0x4B,0x9F,0xEA,0x5B,0x9F,0xE7,
0x7F,0x49,0x2B,0x10,0xAF,0xFC,0x60,0x29,};
static uchar usb_console_294[]={
0x7F,0x49,0x2F,0x08,0xAF,0xFC,0x5D,0x2E,
0x7F,0x5D,0x2F,0x08,0x21,0x08,0xB0,0x04,};
static uchar usb_console_295[]={
0x18,0x80,0x0B,0x5D,0x2E,0x4B,0x18,0x21,
0xA0,0xB0,0x03,0x4B,0xC7,0x42,};
static uchar usb_console_296[]={
0xFF,0x39,0x00,0x01,0x02,0x03,0x04,0x05,
0x06,0x07,0x00,0x61,0x7F,0x50,0x00,0x7F,};
static uchar usb_console_297[]={
0x5D,0x2F,0x21,0xE8,0x08,0x21,0x08,0xB0,
0x07,0x18,0x29,0x01,0x4B,0x80,0x07,0x18,};
static uchar usb_console_298[]={
0x21,0xE0,0x4B,0x5D,0x2E,0x7F,0x70,0xBF,
0x60,0xD3,0x52,0x00,0xA0,0x06,0x9F,0xB9,};
static uchar usb_console_299[]={
0x75,0x8F,0xF8,0x70,0x3F,0x71,0xC0,0x7F,
0x70,0xBF,0x62,0xD3,0x03,0x4F,0x52,0xFB,};
static uchar usb_console_300[]={
0xA0,0x1D,0x7B,0xFB,0x52,0xFC,0x59,0xFD,
0x60,0xD3,0x52,0x00,0xB9,0x27,};
static uchar usb_console_301[]={
0xFF,0x39,0x00,0x01,0x02,0x03,0x04,0x05,
0x06,0x07,0x00,0x62,0x55,0x7F,0x01,0x49,};
static uchar usb_console_302[]={
0x2B,0x10,0xAF,0xFC,0x60,0x29,0x4F,0x62,
0xD3,0x03,0x77,0xFD,0x8F,0xE1,0x70,0x3F,};
static uchar usb_console_303[]={
0x71,0xC0,0x7F,0x4F,0x3D,0xFA,0x00,0xB0,
0x06,0x3D,0xFB,0x00,0xA0,0x1D,0x10,0x52,};
static uchar usb_console_304[]={
0xFC,0x59,0xFD,0x28,0x49,0x2B,0x10,0xAF,
0xFC,0x60,0x29,0x20,0x07,0xFD,0x01,0x0F,};
static uchar usb_console_305[]={
0xFC,0x00,0x17,0xFB,0x01,0x1F,0xFA,0x00,
0x8F,0xDB,0x70,0x3F,0x91,0xD8,};
static uchar usb_console_306[]={
0xFF,0x39,0x00,0x01,0x02,0x03,0x04,0x05,
0x06,0x07,0x00,0x63,0x71,0xC0,0x7F,0x08,};
static uchar usb_console_307[]={
0x10,0x28,0xA0,0x0B,0x9F,0x53,0x20,0x18,
0x75,0xDF,0xF5,0x74,0x8F,0xF2,0x38,0xFE,};
static uchar usb_console_308[]={
0x7F,0x50,0x0D,0x9F,0x44,0x50,0x0A,0x9F,
0x40,0x7F,0x7E,0x43,0xE1,0x01,0x7F,0x41,};
static uchar usb_console_309[]={
0xE1,0xFE,0x7F,0x43,0x23,0x01,0x7F,0x41,
0x23,0xFE,0x7F,0x60,0x21,0x7F,0x60,0x22,};
static uchar usb_console_310[]={
0x7F,0x5D,0x22,0x7F,0x4F,0x5D,0x22,0x08,
0x5D,0x23,0x08,0x41,0xD6,0x63,};
static uchar usb_console_311[]={
0xFF,0x39,0x00,0x01,0x02,0x03,0x04,0x05,
0x06,0x07,0x00,0x64,0x23,0xFE,0x71,0x10,};
static uchar usb_console_312[]={
0x5D,0x21,0x08,0x62,0x21,0x00,0x70,0xEF,
0x5D,0x20,0x5D,0x22,0x08,0x52,0x00,0x60,};
static uchar usb_console_313[]={
0x22,0x71,0x10,0x52,0x02,0x60,0x21,0x70,
0xEF,0x52,0x01,0x60,0x23,0x18,0x38,0xFD,};
static uchar usb_console_314[]={
0x70,0x3F,0x71,0xC0,0x7F,0x21,0x03,0x4F,
0x08,0x5D,0x73,0x21,0xFC,0x2B,0x00,0x60,};
static uchar usb_console_315[]={
0x73,0x18,0x70,0x3F,0x71,0xC0,0x7F,0x21,
0xF4,0x4F,0x08,0x5D,0xBF,0x36,};
static uchar usb_console_316[]={
0xFF,0x39,0x00,0x01,0x02,0x03,0x04,0x05,
0x06,0x07,0x00,0x65,0x71,0x21,0x0F,0x48,};
static uchar usb_console_317[]={
0x00,0x04,0xB0,0x0E,0x41,0x70,0xFE,0x2B,
0x00,0x60,0x71,0x18,0x70,0x3F,0x71,0xC0,};
static uchar usb_console_318[]={
0x7F,0x27,0x00,0x10,0x2B,0x00,0x60,0x71,
0x43,0x70,0x01,0x18,0x70,0x3F,0x71,0xC0,};
static uchar usb_console_319[]={
0x7F,0x41,0x73,0xFC,0x7F,0x7F,0x08,0x5D,
0xDD,0x21,0xFE,0x60,0xDD,0x43,0xDE,0x01,};
static uchar usb_console_320[]={
0x18,0x7F,0x43,0xD6,0x01,0x7F,0x43,0xD6,
0x02,0x7F,0x41,0xDE,0x82,0xBD,};
static uchar usb_console_321[]={
0xFF,0x39,0x00,0x01,0x02,0x03,0x04,0x05,
0x06,0x07,0x00,0x66,0xFE,0x7F,0x41,0xD6,};
static uchar usb_console_322[]={
0xFE,0x7F,0x41,0xD6,0xFD,0x7F,0x7F,0x08,
0x10,0x5D,0xD3,0x08,0x49,0xD6,0x10,0xA0,};
static uchar usb_console_323[]={
0x06,0x49,0xD7,0x20,0xB1,0x15,0x49,0xD7,
0x08,0xB0,0x74,0x49,0xD7,0x04,0xB0,0xE8,};
static uchar usb_console_324[]={
0x49,0xD7,0x20,0xB1,0x06,0x47,0x82,0x04,
0xB0,0x14,0x7A,0x84,0xC0,0x39,0x3C,0x84,};
static uchar usb_console_325[]={
0x00,0xA0,0x03,0x80,0x06,0x2E,0x82,0x04,
0x80,0x04,0x26,0x82,0x9E,0xF6,};
static uchar usb_console_326[]={
0xFF,0x39,0x00,0x01,0x02,0x03,0x04,0x05,
0x06,0x07,0x00,0x67,0xFB,0x2E,0x83,0x10,};
static uchar usb_console_327[]={
0x51,0x85,0x60,0xD3,0x58,0x86,0x5D,0xD8,
0x70,0x3F,0x71,0x80,0x54,0x00,0x70,0x3F,};
static uchar usb_console_328[]={
0x71,0x00,0x76,0x86,0x47,0x82,0x04,0xB0,
0x16,0x62,0xD7,0x10,0x18,0x60,0xD3,0x20,};
static uchar usb_console_329[]={
0x18,0x70,0x3F,0x71,0xC0,0x7E,0x2E,0x83,
0x20,0x26,0x83,0xEF,0x76,0x84,0x26,0x82,};
static uchar usb_console_330[]={
0xFB,0x62,0xD7,0x00,0x18,0x60,0xD3,0x20,
0x18,0x70,0x3F,0x71,0x87,0xC9,};
static uchar usb_console_331[]={
0xFF,0x39,0x00,0x01,0x02,0x03,0x04,0x05,
0x06,0x07,0x00,0x68,0xC0,0x7E,0x43,0xD6,};
static uchar usb_console_332[]={
0x10,0x62,0xD7,0x10,0x18,0x60,0xD3,0x20,
0x18,0x70,0x3F,0x71,0xC0,0x7E,0x51,0x83,};
static uchar usb_console_333[]={
0x21,0x30,0xA0,0x07,0x2E,0x83,0x40,0x41,
0xD6,0xEF,0x5D,0xD8,0x70,0xF9,0x6D,0x32,};
static uchar usb_console_334[]={
0xF1,0xB0,0x78,0x2E,0x83,0x80,0xDF,0xD7,
0x26,0x83,0xFB,0x50,0x14,0x08,0x47,0x83,};
static uchar usb_console_335[]={
0x08,0xA0,0x26,0x58,0x88,0x51,0x87,0x28,
0x60,0xD8,0x7A,0x8A,0x55,0x66,};
static uchar usb_console_336[]={
0xFF,0x39,0x00,0x01,0x02,0x03,0x04,0x05,
0x06,0x07,0x00,0x69,0xD0,0x05,0x7A,0x89,};
static uchar usb_console_337[]={
0xC0,0x09,0x76,0x88,0xD0,0x03,0x76,0x87,
0x80,0x31,0x2E,0x83,0x02,0x26,0x83,0xFE,};
static uchar usb_console_338[]={
0x55,0x89,0x00,0x55,0x8A,0x00,0x80,0x23,
0x51,0x87,0x60,0xD3,0x58,0x88,0x70,0x3F,};
static uchar usb_console_339[]={
0x71,0x80,0x52,0x00,0x70,0x3F,0x71,0x00,
0x60,0xD8,0x7A,0x8A,0xC0,0x05,0x76,0x88,};
static uchar usb_console_340[]={
0x80,0x09,0x2E,0x83,0x02,0x26,0x83,0xFE,
0x76,0x8A,0x18,0x60,0x31,0x1F,};
static uchar usb_console_341[]={
0xFF,0x39,0x00,0x01,0x02,0x03,0x04,0x05,
0x06,0x07,0x00,0x6A,0xD7,0x18,0x60,0xD3,};
static uchar usb_console_342[]={
0x20,0x18,0x70,0x3F,0x71,0xC0,0x7E,0x49,
0xD7,0x02,0xB0,0x06,0x50,0x04,0x08,0x8F,};
static uchar usb_console_343[]={
0x9E,0x2E,0x83,0x01,0x2E,0x83,0x04,0x26,
0x83,0x7F,0x26,0x83,0x7F,0x62,0xD7,0x00,};
static uchar usb_console_344[]={
0x18,0x60,0xD3,0x20,0x18,0x70,0x3F,0x71,
0xC0,0x7E,0x2E,0x83,0x40,0x26,0x83,0x7F,};
static uchar usb_console_345[]={
0x41,0xD6,0xEF,0x49,0xD7,0x01,0xA0,0x06,
0x41,0xDD,0xFE,0x8E,0x7A,0xB2,};
static uchar usb_console_346[]={
0xFF,0x39,0x00,0x01,0x02,0x03,0x04,0x05,
0x06,0x07,0x00,0x6B,0xD0,0x18,0x60,0xD3,};
static uchar usb_console_347[]={
0x20,0x18,0x70,0x3F,0x71,0xC0,0x7E,0x10,
0x4F,0x79,0x08,0x5D,0xDE,0x08,0x41,0xDE,};
static uchar usb_console_348[]={
0xFE,0x62,0xD0,0x00,0x26,0x82,0xFB,0x52,
0xFC,0x53,0x85,0x52,0xFD,0x53,0x86,0x52,};
static uchar usb_console_349[]={
0xFB,0x53,0x84,0x39,0x01,0xA0,0x08,0xC0,
0x06,0x26,0x83,0x8F,0x80,0x09,0x2E,0x82,};
static uchar usb_console_350[]={
0x04,0x26,0x83,0x8F,0x80,0x01,0x18,0x21,
0x01,0xA0,0x04,0x43,0x2F,0x1D,};
static uchar usb_console_351[]={
0xFF,0x39,0x00,0x01,0x02,0x03,0x04,0x05,
0x06,0x07,0x00,0x6C,0xDE,0x01,0x18,0x20,};
static uchar usb_console_352[]={
0x70,0x3F,0x71,0xC0,0x7F,0x62,0xD0,0x00,
0x10,0x4F,0x79,0x08,0x5D,0xDE,0x08,0x41,};
static uchar usb_console_353[]={
0xDE,0xFE,0x52,0xFC,0x53,0x87,0x52,0xFD,
0x53,0x88,0x52,0xFB,0x53,0x8A,0x7A,0x8A,};
static uchar usb_console_354[]={
0x26,0x83,0xF0,0x18,0x21,0x01,0xA0,0x04,
0x43,0xDE,0x01,0x18,0x20,0x70,0x3F,0x71,};
static uchar usb_console_355[]={
0xC0,0x7F,0x62,0xD0,0x00,0x10,0x4F,0x79,
0x08,0x5D,0xDE,0x08,0xED,0x9A,};
static uchar usb_console_356[]={
0xFF,0x39,0x00,0x01,0x02,0x03,0x04,0x05,
0x06,0x07,0x00,0x6D,0x41,0xDE,0xFE,0x52,};
static uchar usb_console_357[]={
0xFD,0x53,0x88,0x52,0xFC,0x53,0x87,0x52,
0xFB,0x53,0x8A,0x52,0xFA,0x53,0x89,0x7A,};
static uchar usb_console_358[]={
0x8A,0xD0,0x03,0x7A,0x89,0x26,0x83,0xF8,
0x2E,0x83,0x08,0x18,0x21,0x01,0xA0,0x04,};
static uchar usb_console_359[]={
0x43,0xDE,0x01,0x18,0x20,0x70,0x3F,0x71,
0xC0,0x7F,0x62,0xD0,0x00,0x51,0x83,0x7F,};
static uchar usb_console_360[]={
0x62,0xD0,0x00,0x26,0x83,0xF8,0x7F,0x62,
0xD0,0x00,0x26,0x83,0x3E,0x3D,};
static uchar usb_console_361[]={
0xFF,0x39,0x00,0x01,0x02,0x03,0x04,0x05,
0x06,0x07,0x00,0x6E,0x8F,0x7F,0x7C,0x01,};
static uchar usb_console_362[]={
0xA3,0x62,0xE3,0x38,0x70,0xFE,0x70,0xEF,
0x62,0xDE,0x00,0x62,0xDF,0x00,0x62,0xE1,};
static uchar usb_console_363[]={
0x00,0x62,0xE0,0x00,0x62,0xDD,0x00,0x62,
0xDC,0x00,0x62,0xDB,0x00,0x62,0xDA,0x00,};
static uchar usb_console_364[]={
0x70,0x00,0x71,0x82,0x62,0xD0,0x00,0x62,
0xD3,0x00,0x62,0xD4,0x00,0x62,0xD5,0x00,};
static uchar usb_console_365[]={
0x62,0xD1,0x00,0x50,0x04,0x78,0x60,0xD3,
0x57,0x00,0x75,0x56,0xFF,0xC0,};
static uchar usb_console_366[]={
0xFF,0x39,0x00,0x01,0x02,0x03,0x04,0x05,
0x06,0x07,0x00,0x6F,0x00,0x00,0xBF,0xFB,};
static uchar usb_console_367[]={
0x39,0x00,0x62,0xE3,0x38,0xBF,0xEF,0x70,
0x02,0x71,0x10,0x43,0x05,0xA0,0x70,0xEF,};
static uchar usb_console_368[]={
0x43,0x07,0xA0,0x43,0x04,0xA0,0x71,0x10,
0x43,0x04,0xA0,0x70,0xEF,0x41,0xD6,0xBF,};
static uchar usb_console_369[]={
0x71,0x10,0x62,0xE3,0x07,0x70,0xEF,0x62,
0x4A,0x00,0x62,0x4C,0x00,0x41,0xFE,0xFB,};
static uchar usb_console_370[]={
0x50,0x80,0x4E,0x55,0xF8,0x00,0x55,0xF9,
0x00,0x71,0x10,0x62,0x22,0x07,};
static uchar usb_console_371[]={
0xFF,0x39,0x00,0x01,0x02,0x03,0x04,0x05,
0x06,0x07,0x00,0x70,0xE0,0x02,0x70,0xEF,};
static uchar usb_console_372[]={
0x62,0xE3,0x38,0x62,0xD1,0x03,0x50,0x00,
0x4E,0x62,0xD3,0x03,0x62,0xD0,0x00,0x62,};
static uchar usb_console_373[]={
0xD5,0x00,0x62,0xD4,0x00,0x71,0xC0,0x62,
0x71,0x05,0x62,0x75,0x05,0x7C,0x0C,0x17,};
static uchar usb_console_374[]={
0x71,0x10,0x41,0xE7,0x3F,0x43,0xE7,0x80,
0x70,0xEF,0x62,0xD0,0x00,0x50,0x0A,0x57,};
static uchar usb_console_375[]={
0x00,0x08,0x28,0x53,0xBA,0x18,0x75,0x09,
0x00,0x28,0x4B,0x51,0x58,0x74,};
static uchar usb_console_376[]={
0xFF,0x39,0x00,0x01,0x02,0x03,0x04,0x05,
0x06,0x07,0x00,0x71,0xBA,0x80,0x04,0x75,};
static uchar usb_console_377[]={
0x09,0x00,0x62,0xE3,0x00,0x08,0x28,0x60,
0xD5,0x74,0xA0,0x4B,0x18,0x75,0x09,0x00,};
static uchar usb_console_378[]={
0x08,0x28,0x53,0xBA,0x18,0x75,0x09,0x00,
0x08,0x28,0xA0,0x1C,0x53,0xB9,0x18,0x75,};
static uchar usb_console_379[]={
0x09,0x00,0x08,0x28,0x3F,0xBA,0x47,0xBA,
0xFF,0xB0,0x06,0x5D,0xD5,0x74,0x60,0xD5,};
static uchar usb_console_380[]={
0x18,0x7A,0xB9,0xBF,0xEB,0x8F,0xC9,0x18,
0x75,0x09,0x00,0x08,0x61,0x87,};
static uchar usb_console_381[]={
0xFF,0x39,0x00,0x01,0x02,0x03,0x04,0x05,
0x06,0x07,0x00,0x72,0x28,0x53,0xB9,0x50,};
static uchar usb_console_382[]={
0x00,0x3F,0xBA,0x47,0xBA,0xFF,0xB0,0x08,
0x5D,0xD5,0x74,0x60,0xD5,0x50,0x00,0x7A,};
static uchar usb_console_383[]={
0xB9,0xBF,0xEF,0x18,0x8F,0xAA,0x18,0x71,
0x10,0x43,0xE3,0x00,0x70,0xEF,0x62,0xE0,};
static uchar usb_console_384[]={
0x00,0x71,0x10,0x62,0xE0,0x01,0x70,0xEF,
0x62,0xE2,0x00,0x7C,0x1C,0xB4,0x8F,0xFF,};
static uchar usb_console_385[]={
0x10,0x4F,0x38,0x04,0x62,0xD0,0x00,0x55,
0xAC,0x02,0x55,0xAD,0x05,0xD0,};
static uchar usb_console_386[]={
0xFF,0x39,0x00,0x01,0x02,0x03,0x04,0x05,
0x06,0x07,0x00,0x73,0x02,0x55,0xAE,0x63,};
static uchar usb_console_387[]={
0x55,0xAF,0x63,0x55,0xB0,0x01,0x55,0xB1,
0x01,0x55,0xB2,0x00,0x55,0xB3,0x00,0x55,};
static uchar usb_console_388[]={
0xB4,0x01,0x55,0xB5,0x01,0x62,0xD0,0x00,
0x51,0xC2,0x62,0xD0,0x00,0x53,0xB6,0x62,};
static uchar usb_console_389[]={
0xD0,0x00,0x51,0xC3,0x62,0xD0,0x00,0x53,
0xB7,0x10,0x50,0x03,0x7C,0x17,0xD8,0x50,};
static uchar usb_console_390[]={
0x9B,0x7C,0x18,0xEF,0x50,0x4D,0x7C,0x18,
0xF2,0x7C,0x18,0xE7,0xDC,0x7F,};
static uchar usb_console_391[]={
0xFF,0x39,0x00,0x01,0x02,0x03,0x04,0x05,
0x06,0x07,0x00,0x74,0x50,0x00,0x7C,0x17,};
static uchar usb_console_392[]={
0xAB,0x20,0x71,0x10,0x43,0xC1,0x02,0x70,
0xEF,0x71,0x01,0x10,0x50,0x02,0x7C,0x19,};
static uchar usb_console_393[]={
0x29,0x7C,0x13,0xBF,0x7C,0x06,0x36,0x7C,
0x19,0x69,0x7C,0x19,0x76,0x7C,0x19,0x6A,};
static uchar usb_console_394[]={
0x50,0x0C,0x08,0x50,0x00,0x08,0x50,0xAC,
0x08,0x7C,0x1B,0x09,0x38,0xFD,0x50,0x02,};
static uchar usb_console_395[]={
0x08,0x50,0x00,0x08,0x50,0xBD,0x08,0x7C,
0x1A,0xCB,0x38,0xFD,0x26,0x14,};
static uchar usb_console_396[]={
0xFF,0x39,0x00,0x01,0x02,0x03,0x04,0x05,
0x06,0x07,0x00,0x75,0x20,0x71,0x10,0x41,};
static uchar usb_console_397[]={
0x08,0xDF,0x70,0xEF,0x71,0x10,0x43,0x09,
0x20,0x70,0xEF,0x41,0x0B,0xDF,0x71,0x10,};
static uchar usb_console_398[]={
0x41,0x08,0xEF,0x70,0xEF,0x71,0x10,0x43,
0x09,0x10,0x70,0xEF,0x41,0x0B,0xEF,0x71,};
static uchar usb_console_399[]={
0x10,0x43,0x00,0x10,0x70,0xEF,0x71,0x10,
0x41,0x01,0xEF,0x70,0xEF,0x41,0x03,0xEF,};
static uchar usb_console_400[]={
0x43,0x00,0x10,0x71,0x10,0x43,0x04,0x08,
0x70,0xEF,0x71,0x10,0xA8,0x19,};
static uchar usb_console_401[]={
0xFF,0x39,0x00,0x01,0x02,0x03,0x04,0x05,
0x06,0x07,0x00,0x76,0x41,0x05,0xF7,0x70,};
static uchar usb_console_402[]={
0xEF,0x41,0x07,0xF7,0x43,0x04,0x08,0x92,
0x2C,0x62,0xD0,0x00,0x55,0x7D,0x00,0x62,};
static uchar usb_console_403[]={
0xD0,0x00,0x55,0x7E,0x00,0x62,0xD0,0x00,
0x55,0x7F,0x00,0x62,0xD0,0x00,0x55,0x81,};
static uchar usb_console_404[]={
0x00,0x82,0x0C,0x62,0xD0,0x00,0x3C,0x7D,
0x00,0xA0,0x33,0x62,0xD0,0x00,0x3C,0x3C,};
static uchar usb_console_405[]={
0x00,0xA0,0x5B,0x10,0x7C,0x16,0x00,0x20,
0x39,0x00,0xA0,0x52,0xDD,0x84,};
static uchar usb_console_406[]={
0xFF,0x39,0x00,0x01,0x02,0x03,0x04,0x05,
0x06,0x07,0x00,0x77,0x62,0xD0,0x00,0x55,};
static uchar usb_console_407[]={
0x7D,0x00,0x10,0x62,0xD0,0x00,0x51,0x3C,
0x08,0x50,0x00,0x08,0x50,0x5D,0x08,0x7C,};
static uchar usb_console_408[]={
0x14,0x09,0x38,0xFD,0x20,0x62,0xD0,0x00,
0x55,0x3C,0x00,0x80,0x31,0x62,0xD0,0x00,};
static uchar usb_console_409[]={
0x3C,0x3B,0x00,0xA0,0x29,0x10,0x7C,0x16,
0x00,0x20,0x39,0x00,0xA0,0x20,0x62,0xD0,};
static uchar usb_console_410[]={
0x00,0x55,0x7D,0x01,0x10,0x62,0xD0,0x00,
0x51,0x3B,0x08,0x50,0xA2,0x0F,};
static uchar usb_console_411[]={
0xFF,0x39,0x00,0x01,0x02,0x03,0x04,0x05,
0x06,0x07,0x00,0x78,0x00,0x08,0x50,0x3D,};
static uchar usb_console_412[]={
0x08,0x7C,0x14,0x09,0x38,0xFD,0x20,0x62,
0xD0,0x00,0x55,0x3B,0x00,0x62,0xD0,0x00,};
static uchar usb_console_413[]={
0x3C,0x7F,0x00,0xB0,0x5F,0x10,0x7C,0x13,
0xEC,0x20,0x62,0xD0,0x00,0x53,0xC4,0x3C,};
static uchar usb_console_414[]={
0xC4,0x00,0xA0,0x50,0x10,0x50,0x00,0x08,
0x50,0x8B,0x5C,0x18,0x7C,0x15,0xD2,0x20,};
static uchar usb_console_415[]={
0x62,0xD0,0x00,0x51,0xC4,0x62,0xD0,0x00,
0x53,0x80,0x10,0x50,0x13,0xF2,};
static uchar usb_console_416[]={
0xFF,0x39,0x00,0x01,0x02,0x03,0x04,0x05,
0x06,0x07,0x00,0x79,0x01,0x08,0x50,0x00,};
static uchar usb_console_417[]={
0x08,0x50,0x8B,0x08,0x7C,0x18,0x6C,0x38,
0xFD,0x20,0x62,0xD0,0x00,0x55,0xBC,0x00,};
static uchar usb_console_418[]={
0x55,0xBB,0x00,0x62,0xD0,0x00,0x55,0xC2,
0x00,0x62,0xD0,0x00,0x55,0xC3,0x00,0x62,};
static uchar usb_console_419[]={
0xD0,0x00,0x51,0xC2,0x62,0xD0,0x00,0x53,
0xB6,0x62,0xD0,0x00,0x51,0xC3,0x62,0xD0,};
static uchar usb_console_420[]={
0x00,0x53,0xB7,0x10,0x7C,0x1B,0x6E,0x62,
0xD0,0x00,0x20,0x53,0x3B,0x43,};
static uchar usb_console_421[]={
0xFF,0x39,0x00,0x01,0x02,0x03,0x04,0x05,
0x06,0x07,0x00,0x7A,0xBA,0x47,0xBA,0x04,};
static uchar usb_console_422[]={
0xA0,0x27,0x10,0x7C,0x1B,0x74,0x50,0x0C,
0x08,0x62,0xD0,0x00,0x51,0xBD,0x62,0xD0,};
static uchar usb_console_423[]={
0x00,0x53,0xB9,0x55,0xBA,0x00,0x06,0xB9,
0xAC,0x0E,0xBA,0x00,0x51,0xBA,0x08,0x51,};
static uchar usb_console_424[]={
0xB9,0x08,0x7C,0x1B,0x09,0x38,0xFD,0x20,
0x10,0x7C,0x1B,0x6E,0x62,0xD0,0x00,0x20,};
static uchar usb_console_425[]={
0x53,0xBA,0x47,0xBA,0x40,0xA0,0x5F,0x10,
0x7C,0x1B,0x7B,0x50,0x05,0xD8,};
static uchar usb_console_426[]={
0xFF,0x39,0x00,0x01,0x02,0x03,0x04,0x05,
0x06,0x07,0x00,0x7B,0x02,0x08,0x50,0x00,};
static uchar usb_console_427[]={
0x08,0x50,0xBD,0x08,0x7C,0x1A,0xCB,0x38,
0xFD,0x20,0x62,0xD0,0x00,0x3C,0xBD,0x20,};
static uchar usb_console_428[]={
0xB0,0x09,0x62,0xD0,0x00,0x55,0x81,0x01,
0x80,0x3C,0x62,0xD0,0x00,0x3C,0xBD,0x21,};
static uchar usb_console_429[]={
0xB0,0x09,0x62,0xD0,0x00,0x55,0x81,0x00,
0x80,0x2C,0x62,0xD0,0x00,0x3C,0xBD,0x0C,};
static uchar usb_console_430[]={
0xD0,0x24,0x10,0x50,0x0C,0x08,0x62,0xD0,
0x00,0x51,0xBD,0x62,0xF0,0xAF,};
static uchar usb_console_431[]={
0xFF,0x39,0x00,0x01,0x02,0x03,0x04,0x05,
0x06,0x07,0x00,0x7C,0xD0,0x00,0x53,0xB9,};
static uchar usb_console_432[]={
0x55,0xBA,0x00,0x06,0xB9,0xAC,0x0E,0xBA,
0x00,0x51,0xBA,0x08,0x51,0xB9,0x08,0x7C,};
static uchar usb_console_433[]={
0x1B,0x09,0x38,0xFD,0x20,0x62,0xD0,0x00,
0x3C,0xBF,0x00,0xA0,0x55,0x62,0xD0,0x00,};
static uchar usb_console_434[]={
0x3C,0xC1,0x00,0xB0,0x4D,0x62,0xD0,0x00,
0x76,0xBC,0x0E,0xBB,0x00,0x50,0x94,0x12,};
static uchar usb_console_435[]={
0xBC,0x50,0x2A,0x1A,0xBB,0xD0,0x3B,0x62,
0xD0,0x00,0x76,0xC2,0x29,0x22,};
static uchar usb_console_436[]={
0xFF,0x39,0x00,0x01,0x02,0x03,0x04,0x05,
0x06,0x07,0x00,0x7D,0x51,0xC2,0x62,0xD0,};
static uchar usb_console_437[]={
0x00,0x53,0xB6,0x62,0xD0,0x00,0x55,0xBC,
0x00,0x55,0xBB,0x00,0x62,0xD0,0x00,0x50,};
static uchar usb_console_438[]={
0x3B,0x3A,0xC2,0xD0,0x1D,0x62,0xD0,0x00,
0x55,0xC2,0x00,0x62,0xD0,0x00,0x76,0xC3,};
static uchar usb_console_439[]={
0x51,0xC3,0x62,0xD0,0x00,0x53,0xB7,0x62,
0xD0,0x00,0x51,0xC2,0x62,0xD0,0x00,0x53,};
static uchar usb_console_440[]={
0xB6,0x62,0xD0,0x00,0x3C,0x3A,0x00,0xA0,
0x03,0x90,0x3A,0x94,0x74,0xB9,};
static uchar usb_console_441[]={
0xFF,0x39,0x00,0x01,0x02,0x03,0x04,0x05,
0x06,0x07,0x00,0x7E,0xD7,0x62,0xD0,0x00,};
static uchar usb_console_442[]={
0x3C,0xC1,0x00,0xA0,0x13,0x10,0x7C,0x16,
0x09,0x20,0x39,0x00,0xA0,0x0A,0x62,0xD0,};
static uchar usb_console_443[]={
0x00,0x55,0xC1,0x00,0x41,0x00,0xEF,0x49,
0x08,0x20,0xB0,0x10,0x77,0x00,0x50,0x0A,};
static uchar usb_console_444[]={
0x3B,0x00,0xD0,0x0B,0x93,0xBA,0x56,0x00,
0x00,0x80,0x04,0x56,0x00,0x00,0x8D,0xF4,};
static uchar usb_console_445[]={
0x38,0xFC,0x20,0x8F,0xFF,0x10,0x4F,0x38,
0x07,0x62,0xD0,0x00,0xA7,0x20,};
static uchar usb_console_446[]={
0xFF,0x39,0x00,0x01,0x02,0x03,0x04,0x05,
0x06,0x07,0x00,0x7F,0x10,0x50,0x03,0x08,};
static uchar usb_console_447[]={
0x18,0x7C,0x16,0x64,0x62,0xD0,0x00,0x20,
0x52,0x03,0x11,0x80,0x53,0xB8,0x52,0x02,};
static uchar usb_console_448[]={
0x19,0x25,0x2C,0xB8,0x52,0x01,0x19,0x00,
0x2C,0xB8,0x52,0x00,0x31,0x80,0x19,0x80,};
static uchar usb_console_449[]={
0x2A,0xB8,0xA1,0xD2,0xD0,0x4E,0x52,0x03,
0x11,0x60,0x62,0xD0,0x00,0x53,0xB8,0x52,};
static uchar usb_console_450[]={
0x02,0x19,0x09,0x2C,0xB8,0x52,0x01,0x19,
0x00,0x2C,0xB8,0x52,0x90,0xF3,};
static uchar usb_console_451[]={
0xFF,0x39,0x00,0x01,0x02,0x03,0x04,0x05,
0x06,0x07,0x00,0x80,0x00,0x31,0x80,0x19,};
static uchar usb_console_452[]={
0x80,0x2A,0xB8,0xA0,0xF9,0xD0,0x17,0x3D,
0x00,0x00,0xB0,0x10,0x3D,0x01,0x00,0xB0,};
static uchar usb_console_453[]={
0x0B,0x3D,0x02,0x04,0xB0,0x06,0x3D,0x03,
0xB0,0xA0,0x87,0x81,0x99,0x3D,0x00,0x00,};
static uchar usb_console_454[]={
0xB0,0x10,0x3D,0x01,0x00,0xB0,0x0B,0x3D,
0x02,0x12,0xB0,0x06,0x3D,0x03,0xC0,0xA1,};
static uchar usb_console_455[]={
0x29,0x81,0x83,0x52,0x03,0x11,0x00,0x62,
0xD0,0x00,0x53,0xB8,0x3A,0x48,};
static uchar usb_console_456[]={
0xFF,0x39,0x00,0x01,0x02,0x03,0x04,0x05,
0x06,0x07,0x00,0x81,0x52,0x02,0x19,0x96,};
static uchar usb_console_457[]={
0x2C,0xB8,0x52,0x01,0x19,0x00,0x2C,0xB8,
0x52,0x00,0x31,0x80,0x19,0x80,0x2A,0xB8,};
static uchar usb_console_458[]={
0xA2,0x0D,0xD0,0x17,0x3D,0x00,0x00,0xB0,
0x10,0x3D,0x01,0x00,0xB0,0x0B,0x3D,0x02,};
static uchar usb_console_459[]={
0x4B,0xB0,0x06,0x3D,0x03,0x00,0xA1,0xAA,
0x81,0x4C,0x52,0x03,0x11,0x00,0x62,0xD0,};
static uchar usb_console_460[]={
0x00,0x53,0xB8,0x52,0x02,0x19,0xE1,0x2C,
0xB8,0x52,0x01,0x19,0x1A,0x09,};
static uchar usb_console_461[]={
0xFF,0x39,0x00,0x01,0x02,0x03,0x04,0x05,
0x06,0x07,0x00,0x82,0x00,0x2C,0xB8,0x52,};
static uchar usb_console_462[]={
0x00,0x31,0x80,0x19,0x80,0xC1,0x2F,0x2A,
0xB8,0xA2,0x0B,0x3D,0x00,0x00,0xB0,0x10,};
static uchar usb_console_463[]={
0x3D,0x01,0x01,0xB0,0x0B,0x3D,0x02,0xC2,
0xB0,0x06,0x3D,0x03,0x00,0xA2,0x2E,0x81,};
static uchar usb_console_464[]={
0x15,0x71,0x10,0x5D,0x22,0x62,0xD0,0x00,
0x53,0xBA,0x70,0xEF,0x26,0xBA,0x3F,0x2E,};
static uchar usb_console_465[]={
0xBA,0x40,0x71,0x10,0x51,0xBA,0x60,0x22,
0x70,0xEF,0x71,0x10,0x26,0x22,};
static uchar usb_console_466[]={
0xFF,0x39,0x00,0x01,0x02,0x03,0x04,0x05,
0x06,0x07,0x00,0x83,0x5D,0xE1,0x53,0xBA,};
static uchar usb_console_467[]={
0x70,0xEF,0x26,0xBA,0x0F,0x2E,0xBA,0xF0,
0x71,0x10,0x51,0xBA,0x60,0xE1,0x70,0xEF,};
static uchar usb_console_468[]={
0x71,0x10,0x5D,0x21,0x53,0xBA,0x70,0xEF,
0x26,0xBA,0xF0,0x2E,0xBA,0x05,0x71,0x10,};
static uchar usb_console_469[]={
0x51,0xBA,0x60,0x21,0x70,0xEF,0x10,0x50,
0x9B,0x7C,0x18,0xEF,0x50,0x4E,0x7C,0x18,};
static uchar usb_console_470[]={
0xF2,0x20,0x62,0xD0,0x00,0x55,0xAE,0x00,
0x55,0xAF,0x0C,0x82,0xBA,0x4B,};
static uchar usb_console_471[]={
0xFF,0x39,0x00,0x01,0x02,0x03,0x04,0x05,
0x06,0x07,0x00,0x84,0x05,0x71,0x10,0x5D,};
static uchar usb_console_472[]={
0x22,0x62,0xD0,0x00,0x53,0xBA,0x70,0xEF,
0x26,0xBA,0x3F,0x2E,0xBA,0x40,0x71,0x10,};
static uchar usb_console_473[]={
0x51,0xBA,0x60,0x22,0x70,0xEF,0x71,0x10,
0x5D,0xE1,0x53,0xBA,0x70,0xEF,0x26,0xBA,};
static uchar usb_console_474[]={
0x0F,0x2E,0xBA,0x70,0x71,0x10,0x51,0xBA,
0x60,0xE1,0x70,0xEF,0x71,0x10,0x5D,0x21,};
static uchar usb_console_475[]={
0x53,0xBA,0x70,0xEF,0x26,0xBA,0xF0,0x2E,
0xBA,0x05,0x71,0x10,0x9E,0x14,};
static uchar usb_console_476[]={
0xFF,0x39,0x00,0x01,0x02,0x03,0x04,0x05,
0x06,0x07,0x00,0x85,0x51,0xBA,0x60,0x21,};
static uchar usb_console_477[]={
0x70,0xEF,0x10,0x50,0x9B,0x7C,0x18,0xEF,
0x50,0x4E,0x7C,0x18,0xF2,0x20,0x62,0xD0,};
static uchar usb_console_478[]={
0x00,0x55,0xAE,0x00,0x55,0xAF,0x18,0x81,
0xA9,0x71,0x10,0x5D,0x22,0x62,0xD0,0x00,};
static uchar usb_console_479[]={
0x53,0xBA,0x70,0xEF,0x26,0xBA,0x3F,0x2E,
0xBA,0x40,0x71,0x10,0x51,0xBA,0x60,0x22,};
static uchar usb_console_480[]={
0x70,0xEF,0x71,0x10,0x5D,0xE1,0x53,0xBA,
0x70,0xEF,0x26,0xBA,0x85,0xE3,};
static uchar usb_console_481[]={
0xFF,0x39,0x00,0x01,0x02,0x03,0x04,0x05,
0x06,0x07,0x00,0x86,0x0F,0x2E,0xBA,0x30,};
static uchar usb_console_482[]={
0x71,0x10,0x51,0xBA,0x60,0xE1,0x70,0xEF,
0x71,0x10,0x5D,0x21,0x53,0xBA,0x70,0xEF,};
static uchar usb_console_483[]={
0x26,0xBA,0xF0,0x2E,0xBA,0x05,0x71,0x10,
0x51,0xBA,0x60,0x21,0x70,0xEF,0x10,0x50,};
static uchar usb_console_484[]={
0x9B,0x7C,0x18,0xEF,0x50,0x4E,0x7C,0x18,
0xF2,0x20,0x62,0xD0,0x00,0x55,0xAE,0x00,};
static uchar usb_console_485[]={
0x55,0xAF,0x30,0x81,0x4D,0x71,0x10,0x5D,
0x22,0x62,0xD0,0x00,0x12,0xFE,};
static uchar usb_console_486[]={
0xFF,0x39,0x00,0x01,0x02,0x03,0x04,0x05,
0x06,0x07,0x00,0x87,0x53,0xBA,0x70,0xEF,};
static uchar usb_console_487[]={
0x26,0xBA,0x3F,0x2E,0xBA,0x40,0x71,0x10,
0x51,0xBA,0x60,0x22,0x70,0xEF,0x71,0x10,};
static uchar usb_console_488[]={
0x5D,0xE1,0x53,0xBA,0x70,0xEF,0x26,0xBA,
0x0F,0x2E,0xBA,0x10,0x71,0x10,0x51,0xBA,};
static uchar usb_console_489[]={
0x60,0xE1,0x70,0xEF,0x71,0x10,0x5D,0x21,
0x53,0xBA,0x70,0xEF,0x26,0xBA,0xF0,0x2E,};
static uchar usb_console_490[]={
0xBA,0x05,0x71,0x10,0x51,0xBA,0x60,0x21,
0x70,0xEF,0x10,0x50,0x52,0x7F,};
static uchar usb_console_491[]={
0xFF,0x39,0x00,0x01,0x02,0x03,0x04,0x05,
0x06,0x07,0x00,0x88,0x9B,0x7C,0x18,0xEF,};
static uchar usb_console_492[]={
0x50,0x4E,0x7C,0x18,0xF2,0x20,0x62,0xD0,
0x00,0x55,0xAE,0x00,0x55,0xAF,0x60,0x80,};
static uchar usb_console_493[]={
0xF1,0x71,0x10,0x5D,0x22,0x62,0xD0,0x00,
0x53,0xBA,0x70,0xEF,0x26,0xBA,0x3F,0x2E,};
static uchar usb_console_494[]={
0xBA,0xC0,0x71,0x10,0x51,0xBA,0x60,0x22,
0x70,0xEF,0x71,0x10,0x41,0xE1,0x0F,0x70,};
static uchar usb_console_495[]={
0xEF,0x71,0x10,0x5D,0x21,0x53,0xBA,0x70,
0xEF,0x26,0xBA,0xF0,0x8A,0xF0,};
static uchar usb_console_496[]={
0xFF,0x39,0x00,0x01,0x02,0x03,0x04,0x05,
0x06,0x07,0x00,0x89,0x2E,0xBA,0x05,0x71,};
static uchar usb_console_497[]={
0x10,0x51,0xBA,0x60,0x21,0x70,0xEF,0x10,
0x50,0x9B,0x7C,0x18,0xEF,0x50,0x4E,0x7C,};
static uchar usb_console_498[]={
0x18,0xF2,0x20,0x62,0xD0,0x00,0x55,0xAE,
0x01,0x55,0xAF,0x5C,0x80,0xA4,0x71,0x10,};
static uchar usb_console_499[]={
0x41,0x22,0x3F,0x70,0xEF,0x71,0x10,0x5D,
0x21,0x62,0xD0,0x00,0x53,0xBA,0x70,0xEF,};
static uchar usb_console_500[]={
0x26,0xBA,0xF0,0x2E,0xBA,0x04,0x71,0x10,
0x51,0xBA,0x60,0x21,0xBD,0x57,};
static uchar usb_console_501[]={
0xFF,0x39,0x00,0x01,0x02,0x03,0x04,0x05,
0x06,0x07,0x00,0x8A,0x70,0xEF,0x10,0x50,};
static uchar usb_console_502[]={
0x9B,0x7C,0x18,0xEF,0x50,0x4E,0x7C,0x18,
0xF2,0x20,0x62,0xD0,0x00,0x55,0xAE,0x03,};
static uchar usb_console_503[]={
0x55,0xAF,0x54,0x80,0x6D,0x71,0x10,0x41,
0x22,0x3F,0x70,0xEF,0x71,0x10,0x5D,0x21,};
static uchar usb_console_504[]={
0x62,0xD0,0x00,0x53,0xBA,0x70,0xEF,0x26,
0xBA,0xF0,0x2E,0xBA,0x04,0x71,0x10,0x51,};
static uchar usb_console_505[]={
0xBA,0x60,0x21,0x70,0xEF,0x10,0x50,0x67,
0x7C,0x18,0xEF,0x50,0x7F,0xDC,};
static uchar usb_console_506[]={
0xFF,0x39,0x00,0x01,0x02,0x03,0x04,0x05,
0x06,0x07,0x00,0x8B,0x34,0x7C,0x18,0xF2,};
static uchar usb_console_507[]={
0x20,0x62,0xD0,0x00,0x55,0xAE,0x05,0x55,
0xAF,0x4C,0x80,0x36,0x71,0x10,0x41,0x22,};
static uchar usb_console_508[]={
0x3F,0x70,0xEF,0x71,0x10,0x5D,0x21,0x62,
0xD0,0x00,0x53,0xBA,0x70,0xEF,0x26,0xBA,};
static uchar usb_console_509[]={
0xF0,0x2E,0xBA,0x04,0x71,0x10,0x51,0xBA,
0x60,0x21,0x70,0xEF,0x10,0x50,0x33,0x7C,};
static uchar usb_console_510[]={
0x18,0xEF,0x50,0x1A,0x7C,0x18,0xF2,0x20,
0x62,0xD0,0x00,0x55,0x0E,0xFB,};
static uchar usb_console_511[]={
0xFF,0x39,0x00,0x01,0x02,0x03,0x04,0x05,
0x06,0x07,0x00,0x8C,0xAE,0x0B,0x55,0xAF,};
static uchar usb_console_512[]={
0x34,0x10,0x7C,0x16,0x8E,0x62,0xD0,0x00,
0x20,0x54,0x04,0x52,0x04,0x54,0x06,0x56,};
static uchar usb_console_513[]={
0x05,0x00,0x3D,0x05,0x00,0xB0,0x06,0x3D,
0x06,0x00,0xA0,0x2B,0x3D,0x05,0x00,0xB0,};
static uchar usb_console_514[]={
0x06,0x3D,0x06,0x01,0xA0,0x2A,0x3D,0x05,
0x00,0xB0,0x06,0x3D,0x06,0x02,0xA0,0x20,};
static uchar usb_console_515[]={
0x3D,0x05,0x00,0xB0,0x06,0x3D,0x06,0x03,
0xA0,0x16,0x3D,0x05,0x15,0x0A,};
static uchar usb_console_516[]={
0xFF,0x39,0x00,0x01,0x02,0x03,0x04,0x05,
0x06,0x07,0x00,0x8D,0x00,0xB0,0x06,0x3D,};
static uchar usb_console_517[]={
0x06,0x04,0xA0,0x0C,0x80,0x0A,0x10,0x50,
0x00,0x7C,0x17,0xAB,0x20,0x80,0x08,0x10,};
static uchar usb_console_518[]={
0x50,0x00,0x7C,0x17,0xAB,0x20,0x62,0xD0,
0x00,0x55,0x3A,0x00,0x38,0xF9,0x20,0x7F,};
static uchar usb_console_519[]={
0x10,0x4F,0x38,0x02,0x56,0x01,0x00,0x62,
0xD0,0x00,0x55,0x7D,0x00,0x62,0xD0,0x00,};
static uchar usb_console_520[]={
0x55,0x7E,0x00,0x62,0xD0,0x00,0x55,0x7F,
0x00,0x56,0x00,0x00,0x1D,0x1B,};
static uchar usb_console_521[]={
0xFF,0x39,0x00,0x01,0x02,0x03,0x04,0x05,
0x06,0x07,0x00,0x8E,0x80,0x1B,0x62,0xD0,};
static uchar usb_console_522[]={
0x00,0x52,0x00,0x53,0xB9,0x55,0xBA,0x00,
0x06,0xB9,0x3D,0x0E,0xBA,0x00,0x51,0xBA,};
static uchar usb_console_523[]={
0x60,0xD5,0x50,0x00,0x3F,0xB9,0x77,0x00,
0x3D,0x00,0x20,0xCF,0xE2,0x56,0x00,0x00,};
static uchar usb_console_524[]={
0x80,0x1B,0x62,0xD0,0x00,0x52,0x00,0x53,
0xB9,0x55,0xBA,0x00,0x06,0xB9,0x5D,0x0E,};
static uchar usb_console_525[]={
0xBA,0x00,0x51,0xBA,0x60,0xD5,0x50,0x00,
0x3F,0xB9,0x77,0x00,0x7E,0xDE,};
static uchar usb_console_526[]={
0xFF,0x39,0x00,0x01,0x02,0x03,0x04,0x05,
0x06,0x07,0x00,0x8F,0x3D,0x00,0x20,0xCF,};
static uchar usb_console_527[]={
0xE2,0x62,0xD0,0x00,0x55,0x3B,0x00,0x62,
0xD0,0x00,0x55,0x3C,0x00,0x56,0x00,0x00,};
static uchar usb_console_528[]={
0x80,0x1B,0x62,0xD0,0x00,0x52,0x00,0x53,
0xB9,0x55,0xBA,0x00,0x06,0xB9,0x8B,0x0E,};
static uchar usb_console_529[]={
0xBA,0x00,0x51,0xBA,0x60,0xD5,0x50,0x00,
0x3F,0xB9,0x77,0x00,0x3D,0x00,0x21,0xCF,};
static uchar usb_console_530[]={
0xE2,0x41,0x04,0xF7,0x41,0x00,0xEF,0x41,
0x08,0xFB,0x41,0x0A,0x3E,0x5F,};
static uchar usb_console_531[]={
0xFF,0x39,0x00,0x01,0x02,0x03,0x04,0x05,
0x06,0x07,0x00,0x90,0xFB,0x71,0x10,0x43,};
static uchar usb_console_532[]={
0x00,0x08,0x70,0xEF,0x71,0x10,0x41,0x01,
0xF7,0x70,0xEF,0x41,0x03,0xF7,0x41,0x02,};
static uchar usb_console_533[]={
0xF7,0x41,0x00,0xF7,0x90,0x3E,0x49,0x08,
0x20,0xAF,0xFA,0x62,0xD0,0x00,0x3C,0xBF,};
static uchar usb_console_534[]={
0x00,0xA0,0x0E,0x62,0xD0,0x00,0x3C,0xC1,
0x00,0xB0,0x06,0x41,0x00,0xEF,0x80,0x04,};
static uchar usb_console_535[]={
0x43,0x00,0x10,0x43,0x0A,0x04,0x71,0x10,
0x41,0x00,0xF7,0x70,0x15,0x0E,};
static uchar usb_console_536[]={
0xFF,0x39,0x00,0x01,0x02,0x03,0x04,0x05,
0x06,0x07,0x00,0x91,0xEF,0x71,0x10,0x43,};
static uchar usb_console_537[]={
0x01,0x08,0x70,0xEF,0x41,0x03,0xF7,0x43,
0x02,0x08,0x43,0x04,0x08,0x56,0x01,0x00,};
static uchar usb_console_538[]={
0x38,0xFE,0x20,0x7F,0x62,0xD0,0x00,0x3C,
0xBF,0x00,0xB0,0x46,0x49,0x64,0x10,0xA0,};
static uchar usb_console_539[]={
0x33,0x62,0xD0,0x00,0x76,0xC0,0x50,0x64,
0x3A,0xC0,0xD0,0x77,0x10,0x50,0x03,0x7C,};
static uchar usb_console_540[]={
0x13,0x82,0x7C,0x16,0x09,0x20,0x39,0x00,
0xB0,0x09,0x62,0xD0,0x81,0xE7,};
static uchar usb_console_541[]={
0xFF,0x39,0x00,0x01,0x02,0x03,0x04,0x05,
0x06,0x07,0x00,0x92,0x00,0x55,0xC1,0x01,};
static uchar usb_console_542[]={
0x80,0x04,0x41,0x00,0xEF,0x62,0xD0,0x00,
0x55,0xBF,0x01,0x62,0xD0,0x00,0x55,0xC0,};
static uchar usb_console_543[]={
0x00,0x80,0x50,0x62,0xD0,0x00,0x55,0xBF,
0x00,0x62,0xD0,0x00,0x55,0xC0,0x00,0x80,};
static uchar usb_console_544[]={
0x42,0x49,0x64,0x10,0xB0,0x31,0x62,0xD0,
0x00,0x76,0xC0,0x50,0x0A,0x3A,0xC0,0xD0,};
static uchar usb_console_545[]={
0x32,0x10,0x7C,0x13,0xBF,0x20,0x62,0xD0,
0x00,0x55,0xBF,0x00,0x98,0x16,};
static uchar usb_console_546[]={
0xFF,0x39,0x00,0x01,0x02,0x03,0x04,0x05,
0x06,0x07,0x00,0x93,0x62,0xD0,0x00,0x55,};
static uchar usb_console_547[]={
0xC0,0x00,0x62,0xD0,0x00,0x55,0xC1,0x00,
0x43,0x00,0x10,0x62,0xD0,0x00,0x55,0xAE,};
static uchar usb_console_548[]={
0x63,0x55,0xAF,0x63,0x80,0x0D,0x62,0xD0,
0x00,0x55,0xBF,0x01,0x62,0xD0,0x00,0x55,};
static uchar usb_console_549[]={
0xC0,0x00,0x7F,0x55,0x23,0x01,0x7E,0x55,
0x24,0x01,0x7E,0x55,0x25,0x01,0x7E,0x55,};
static uchar usb_console_550[]={
0x26,0x01,0x7E,0x08,0x50,0x00,0x53,0x01,
0x53,0x02,0x53,0x03,0xB4,0x4F,};
static uchar usb_console_551[]={
0xFF,0x39,0x00,0x01,0x02,0x03,0x04,0x05,
0x06,0x07,0x00,0x94,0x53,0x05,0x53,0x0B,};
static uchar usb_console_552[]={
0x53,0x1E,0x62,0x56,0x03,0x71,0x10,0x60,
0xC4,0x60,0xC5,0x60,0xC6,0x60,0xC7,0x70,};
static uchar usb_console_553[]={
0xEF,0x53,0x1D,0x62,0x4A,0x80,0x55,0xBF,
0x00,0x18,0x7E,0x7E,0x7E,0x00,0x8B,0x00,};
static uchar usb_console_554[]={
0x2D,0x00,0xBB,0x00,0x0A,0xFF,0x00,0x30,
0x30,0x30,0x30,0x30,0x30,0x30,0x30,0x30,};
static uchar usb_console_555[]={
0x30,0x30,0x30,0x30,0x30,0x30,0x30,0x30,
0x30,0x30,0x30,0x30,0x06,0xF4,};
static uchar usb_console_556[]={
0xFF,0x39,0x00,0x01,0x02,0x03,0x04,0x05,
0x06,0x07,0x00,0x95,0x30,0x30,0x30,0x30,};
static uchar usb_console_557[]={
0x30,0x30,0x30,0x30,0x30,0x30,0x30,0x30,
0x30,0x30,0x30,0x30,0x30,0x30,0x30,0x30,};
static uchar usb_console_558[]={
0x30,0x30,0x30,0x30,0x30,0x30,0x30,0x30,
0x30,0x30,0x30,0x30,0x30,0x30,0x30,0x30,};
static uchar usb_console_559[]={
0x30,0x30,0x30,0x30,0x30,0x30,0x30,0x30,
0x30,0x30,0x30,0x30,0x30,0x30,0x30,0x30,};
static uchar usb_console_560[]={
0x30,0x30,0x30,0x30,0x30,0x30,0x30,0x30,
0x30,0x30,0x30,0x30,0x00,0xE9,};
static uchar usb_console_561[]={
0xFF,0x39,0x00,0x01,0x02,0x03,0x04,0x05,
0x06,0x07,0x00,0x96,0x30,0x30,0x30,0x30,};
static uchar usb_console_562[]={
0x30,0x30,0x30,0x30,0x30,0x30,0x30,0x30,
0x30,0x30,0x30,0x30,0x30,0x30,0x30,0x30,};
static uchar usb_console_563[]={
0x30,0x30,0x30,0x30,0x30,0x30,0x30,0x30,
0x30,0x30,0x30,0x30,0x30,0x30,0x30,0x30,};
static uchar usb_console_564[]={
0x30,0x30,0x30,0x30,0x30,0x30,0x30,0x30,
0x30,0x30,0x30,0x30,0x30,0x30,0x30,0x30,};
static uchar usb_console_565[]={
0x30,0x30,0x30,0x30,0x30,0x30,0x30,0x30,
0x30,0x30,0x30,0x30,0x00,0xEA,};
static uchar usb_console_566[]={
0xFF,0x39,0x00,0x01,0x02,0x03,0x04,0x05,
0x06,0x07,0x00,0x97,0x30,0x30,0x30,0x30,};
static uchar usb_console_567[]={
0x30,0x30,0x30,0x30,0x30,0x30,0x30,0x30,
0x30,0x30,0x30,0x30,0x30,0x30,0x30,0x30,};
static uchar usb_console_568[]={
0x30,0x30,0x30,0x30,0x30,0x30,0x30,0x30,
0x30,0x30,0x30,0x30,0x30,0x30,0x30,0x30,};
static uchar usb_console_569[]={
0x30,0x30,0x30,0x30,0x30,0x30,0x30,0x30,
0x30,0x30,0x30,0x30,0x30,0x30,0x30,0x30,};
static uchar usb_console_570[]={
0x30,0x30,0x30,0x30,0x30,0x30,0x30,0x30,
0x30,0x30,0x30,0x30,0x00,0xEB,};
static uchar usb_console_571[]={
0xFF,0x39,0x00,0x01,0x02,0x03,0x04,0x05,
0x06,0x07,0x00,0x98,0x30,0x30,0x30,0x30,};
static uchar usb_console_572[]={
0x30,0x30,0x30,0x30,0x30,0x30,0x30,0x30,
0x30,0x30,0x30,0x30,0x30,0x30,0x30,0x30,};
static uchar usb_console_573[]={
0x30,0x30,0x30,0x30,0x30,0x30,0x30,0x30,
0x30,0x30,0x30,0x30,0x30,0x30,0x30,0x30,};
static uchar usb_console_574[]={
0x30,0x30,0x30,0x30,0x30,0x30,0x30,0x30,
0x30,0x30,0x30,0x30,0x30,0x30,0x30,0x30,};
static uchar usb_console_575[]={
0x30,0x30,0x30,0x30,0x30,0x30,0x30,0x30,
0x30,0x30,0x30,0x30,0x00,0xEC,};
static uchar usb_console_576[]={
0xFF,0x39,0x00,0x01,0x02,0x03,0x04,0x05,
0x06,0x07,0x00,0x99,0x30,0x30,0x30,0x30,};
static uchar usb_console_577[]={
0x30,0x30,0x30,0x30,0x30,0x30,0x30,0x30,
0x30,0x30,0x30,0x30,0x30,0x30,0x30,0x30,};
static uchar usb_console_578[]={
0x30,0x30,0x30,0x30,0x30,0x30,0x30,0x30,
0x30,0x30,0x30,0x30,0x30,0x30,0x30,0x30,};
static uchar usb_console_579[]={
0x30,0x30,0x30,0x30,0x30,0x30,0x30,0x30,
0x30,0x30,0x30,0x30,0x30,0x30,0x30,0x30,};
static uchar usb_console_580[]={
0x30,0x30,0x30,0x30,0x30,0x30,0x30,0x30,
0x30,0x30,0x30,0x30,0x00,0xED,};
static uchar usb_console_581[]={
0xFF,0x39,0x00,0x01,0x02,0x03,0x04,0x05,
0x06,0x07,0x00,0x9A,0x30,0x30,0x30,0x30,};
static uchar usb_console_582[]={
0x30,0x30,0x30,0x30,0x30,0x30,0x30,0x30,
0x30,0x30,0x30,0x30,0x30,0x30,0x30,0x30,};
static uchar usb_console_583[]={
0x30,0x30,0x30,0x30,0x30,0x30,0x30,0x30,
0x30,0x30,0x30,0x30,0x30,0x30,0x30,0x30,};
static uchar usb_console_584[]={
0x30,0x30,0x30,0x30,0x30,0x30,0x30,0x30,
0x30,0x30,0x30,0x30,0x30,0x30,0x30,0x30,};
static uchar usb_console_585[]={
0x30,0x30,0x30,0x30,0x30,0x30,0x30,0x30,
0x30,0x30,0x30,0x30,0x00,0xEE,};
static uchar usb_console_586[]={
0xFF,0x39,0x00,0x01,0x02,0x03,0x04,0x05,
0x06,0x07,0x00,0x9B,0x30,0x30,0x30,0x30,};
static uchar usb_console_587[]={
0x30,0x30,0x30,0x30,0x30,0x30,0x30,0x30,
0x30,0x30,0x30,0x30,0x30,0x30,0x30,0x30,};
static uchar usb_console_588[]={
0x30,0x30,0x30,0x30,0x30,0x30,0x30,0x30,
0x30,0x30,0x30,0x30,0x30,0x30,0x30,0x30,};
static uchar usb_console_589[]={
0x30,0x30,0x30,0x30,0x30,0x30,0x30,0x30,
0x30,0x30,0x30,0x30,0x30,0x30,0x30,0x30,};
static uchar usb_console_590[]={
0x30,0x30,0x30,0x30,0x30,0x30,0x30,0x30,
0x30,0x30,0x30,0x30,0x00,0xEF,};
static uchar usb_console_591[]={
0xFF,0x39,0x00,0x01,0x02,0x03,0x04,0x05,
0x06,0x07,0x00,0x9C,0x30,0x30,0x30,0x30,};
static uchar usb_console_592[]={
0x30,0x30,0x30,0x30,0x30,0x30,0x30,0x30,
0x30,0x30,0x30,0x30,0x30,0x30,0x30,0x30,};
static uchar usb_console_593[]={
0x30,0x30,0x30,0x30,0x30,0x30,0x30,0x30,
0x30,0x30,0x30,0x30,0x30,0x30,0x30,0x30,};
static uchar usb_console_594[]={
0x30,0x30,0x30,0x30,0x30,0x30,0x30,0x30,
0x30,0x30,0x30,0x30,0x30,0x30,0x30,0x30,};
static uchar usb_console_595[]={
0x30,0x30,0x30,0x30,0x30,0x30,0x30,0x30,
0x30,0x30,0x30,0x30,0x00,0xF0,};
static uchar usb_console_596[]={
0xFF,0x39,0x00,0x01,0x02,0x03,0x04,0x05,
0x06,0x07,0x00,0x9D,0x30,0x30,0x30,0x30,};
static uchar usb_console_597[]={
0x30,0x30,0x30,0x30,0x30,0x30,0x30,0x30,
0x30,0x30,0x30,0x30,0x30,0x30,0x30,0x30,};
static uchar usb_console_598[]={
0x30,0x30,0x30,0x30,0x30,0x30,0x30,0x30,
0x30,0x30,0x30,0x30,0x30,0x30,0x30,0x30,};
static uchar usb_console_599[]={
0x30,0x30,0x30,0x30,0x30,0x30,0x30,0x30,
0x30,0x30,0x30,0x30,0x30,0x30,0x30,0x30,};
static uchar usb_console_600[]={
0x30,0x30,0x30,0x30,0x30,0x30,0x30,0x30,
0x30,0x30,0x30,0x30,0x00,0xF1,};
static uchar usb_console_601[]={
0xFF,0x39,0x00,0x01,0x02,0x03,0x04,0x05,
0x06,0x07,0x00,0x9E,0x30,0x30,0x30,0x30,};
static uchar usb_console_602[]={
0x30,0x30,0x30,0x30,0x30,0x30,0x30,0x30,
0x30,0x30,0x30,0x30,0x30,0x30,0x30,0x30,};
static uchar usb_console_603[]={
0x30,0x30,0x30,0x30,0x30,0x30,0x30,0x30,
0x30,0x30,0x30,0x30,0x30,0x30,0x30,0x30,};
static uchar usb_console_604[]={
0x30,0x30,0x30,0x30,0x30,0x30,0x30,0x30,
0x30,0x30,0x30,0x30,0x30,0x30,0x30,0x30,};
static uchar usb_console_605[]={
0x30,0x30,0x30,0x30,0x30,0x30,0x30,0x30,
0x30,0x30,0x30,0x30,0x00,0xF2,};
static uchar usb_console_606[]={
0xFF,0x39,0x00,0x01,0x02,0x03,0x04,0x05,
0x06,0x07,0x00,0x9F,0x30,0x30,0x30,0x30,};
static uchar usb_console_607[]={
0x30,0x30,0x30,0x30,0x30,0x30,0x30,0x30,
0x30,0x30,0x30,0x30,0x30,0x30,0x30,0x30,};
static uchar usb_console_608[]={
0x30,0x30,0x30,0x30,0x30,0x30,0x30,0x30,
0x30,0x30,0x30,0x30,0x30,0x30,0x30,0x30,};
static uchar usb_console_609[]={
0x30,0x30,0x30,0x30,0x30,0x30,0x30,0x30,
0x30,0x30,0x30,0x30,0x30,0x30,0x30,0x30,};
static uchar usb_console_610[]={
0x30,0x30,0x30,0x30,0x30,0x30,0x30,0x30,
0x30,0x30,0x30,0x30,0x00,0xF3,};
static uchar usb_console_611[]={
0xFF,0x39,0x00,0x01,0x02,0x03,0x04,0x05,
0x06,0x07,0x00,0xA0,0x30,0x30,0x30,0x30,};
static uchar usb_console_612[]={
0x30,0x30,0x30,0x30,0x30,0x30,0x30,0x30,
0x30,0x30,0x30,0x30,0x30,0x30,0x30,0x30,};
static uchar usb_console_613[]={
0x30,0x30,0x30,0x30,0x30,0x30,0x30,0x30,
0x30,0x30,0x30,0x30,0x30,0x30,0x30,0x30,};
static uchar usb_console_614[]={
0x30,0x30,0x30,0x30,0x30,0x30,0x30,0x30,
0x30,0x30,0x30,0x30,0x30,0x30,0x30,0x30,};
static uchar usb_console_615[]={
0x30,0x30,0x30,0x30,0x30,0x30,0x30,0x30,
0x30,0x30,0x30,0x30,0x00,0xF4,};
static uchar usb_console_616[]={
0xFF,0x39,0x00,0x01,0x02,0x03,0x04,0x05,
0x06,0x07,0x00,0xA1,0x30,0x30,0x30,0x30,};
static uchar usb_console_617[]={
0x30,0x30,0x30,0x30,0x30,0x30,0x30,0x30,
0x30,0x30,0x30,0x30,0x30,0x30,0x30,0x30,};
static uchar usb_console_618[]={
0x30,0x30,0x30,0x30,0x30,0x30,0x30,0x30,
0x30,0x30,0x30,0x30,0x30,0x30,0x30,0x30,};
static uchar usb_console_619[]={
0x30,0x30,0x30,0x30,0x30,0x30,0x30,0x30,
0x30,0x30,0x30,0x30,0x30,0x30,0x30,0x30,};
static uchar usb_console_620[]={
0x30,0x30,0x30,0x30,0x30,0x30,0x30,0x30,
0x30,0x30,0x30,0x30,0x00,0xF5,};
static uchar usb_console_621[]={
0xFF,0x39,0x00,0x01,0x02,0x03,0x04,0x05,
0x06,0x07,0x00,0xA2,0x30,0x30,0x30,0x30,};
static uchar usb_console_622[]={
0x30,0x30,0x30,0x30,0x30,0x30,0x30,0x30,
0x30,0x30,0x30,0x30,0x30,0x30,0x30,0x30,};
static uchar usb_console_623[]={
0x30,0x30,0x30,0x30,0x30,0x30,0x30,0x30,
0x30,0x30,0x30,0x30,0x30,0x30,0x30,0x30,};
static uchar usb_console_624[]={
0x30,0x30,0x30,0x30,0x30,0x30,0x30,0x30,
0x30,0x30,0x30,0x30,0x30,0x30,0x30,0x30,};
static uchar usb_console_625[]={
0x30,0x30,0x30,0x30,0x30,0x30,0x30,0x30,
0x30,0x30,0x30,0x30,0x00,0xF6,};
static uchar usb_console_626[]={
0xFF,0x39,0x00,0x01,0x02,0x03,0x04,0x05,
0x06,0x07,0x00,0xA3,0x30,0x30,0x30,0x30,};
static uchar usb_console_627[]={
0x30,0x30,0x30,0x30,0x30,0x30,0x30,0x30,
0x30,0x30,0x30,0x30,0x30,0x30,0x30,0x30,};
static uchar usb_console_628[]={
0x30,0x30,0x30,0x30,0x30,0x30,0x30,0x30,
0x30,0x30,0x30,0x30,0x30,0x30,0x30,0x30,};
static uchar usb_console_629[]={
0x30,0x30,0x30,0x30,0x30,0x30,0x30,0x30,
0x30,0x30,0x30,0x30,0x30,0x30,0x30,0x30,};
static uchar usb_console_630[]={
0x30,0x30,0x30,0x30,0x30,0x30,0x30,0x30,
0x30,0x30,0x30,0x30,0x00,0xF7,};
static uchar usb_console_631[]={
0xFF,0x39,0x00,0x01,0x02,0x03,0x04,0x05,
0x06,0x07,0x00,0xA4,0x30,0x30,0x30,0x30,};
static uchar usb_console_632[]={
0x30,0x30,0x30,0x30,0x30,0x30,0x30,0x30,
0x30,0x30,0x30,0x30,0x30,0x30,0x30,0x30,};
static uchar usb_console_633[]={
0x30,0x30,0x30,0x30,0x30,0x30,0x30,0x30,
0x30,0x30,0x30,0x30,0x30,0x30,0x30,0x30,};
static uchar usb_console_634[]={
0x30,0x30,0x30,0x30,0x30,0x30,0x30,0x30,
0x30,0x30,0x30,0x30,0x30,0x30,0x30,0x30,};
static uchar usb_console_635[]={
0x30,0x30,0x30,0x30,0x30,0x30,0x30,0x30,
0x30,0x30,0x30,0x30,0x00,0xF8,};
static uchar usb_console_636[]={
0xFF,0x39,0x00,0x01,0x02,0x03,0x04,0x05,
0x06,0x07,0x00,0xA5,0x30,0x30,0x30,0x30,};
static uchar usb_console_637[]={
0x30,0x30,0x30,0x30,0x30,0x30,0x30,0x30,
0x30,0x30,0x30,0x30,0x30,0x30,0x30,0x30,};
static uchar usb_console_638[]={
0x30,0x30,0x30,0x30,0x30,0x30,0x30,0x30,
0x30,0x30,0x30,0x30,0x30,0x30,0x30,0x30,};
static uchar usb_console_639[]={
0x30,0x30,0x30,0x30,0x30,0x30,0x30,0x30,
0x30,0x30,0x30,0x30,0x30,0x30,0x30,0x30,};
static uchar usb_console_640[]={
0x30,0x30,0x30,0x30,0x30,0x30,0x30,0x30,
0x30,0x30,0x30,0x30,0x00,0xF9,};
static uchar usb_console_641[]={
0xFF,0x39,0x00,0x01,0x02,0x03,0x04,0x05,
0x06,0x07,0x00,0xA6,0x30,0x30,0x30,0x30,};
static uchar usb_console_642[]={
0x30,0x30,0x30,0x30,0x30,0x30,0x30,0x30,
0x30,0x30,0x30,0x30,0x30,0x30,0x30,0x30,};
static uchar usb_console_643[]={
0x30,0x30,0x30,0x30,0x30,0x30,0x30,0x30,
0x30,0x30,0x30,0x30,0x30,0x30,0x30,0x30,};
static uchar usb_console_644[]={
0x30,0x30,0x30,0x30,0x30,0x30,0x30,0x30,
0x30,0x30,0x30,0x30,0x30,0x30,0x30,0x30,};
static uchar usb_console_645[]={
0x30,0x30,0x30,0x30,0x30,0x30,0x30,0x30,
0x30,0x30,0x30,0x30,0x00,0xFA,};
static uchar usb_console_646[]={
0xFF,0x39,0x00,0x01,0x02,0x03,0x04,0x05,
0x06,0x07,0x00,0xA7,0x30,0x30,0x30,0x30,};
static uchar usb_console_647[]={
0x30,0x30,0x30,0x30,0x30,0x30,0x30,0x30,
0x30,0x30,0x30,0x30,0x30,0x30,0x30,0x30,};
static uchar usb_console_648[]={
0x30,0x30,0x30,0x30,0x30,0x30,0x30,0x30,
0x30,0x30,0x30,0x30,0x30,0x30,0x30,0x30,};
static uchar usb_console_649[]={
0x30,0x30,0x30,0x30,0x30,0x30,0x30,0x30,
0x30,0x30,0x30,0x30,0x30,0x30,0x30,0x30,};
static uchar usb_console_650[]={
0x30,0x30,0x30,0x30,0x30,0x30,0x30,0x30,
0x30,0x30,0x30,0x30,0x00,0xFB,};
static uchar usb_console_651[]={
0xFF,0x39,0x00,0x01,0x02,0x03,0x04,0x05,
0x06,0x07,0x00,0xA8,0x30,0x30,0x30,0x30,};
static uchar usb_console_652[]={
0x30,0x30,0x30,0x30,0x30,0x30,0x30,0x30,
0x30,0x30,0x30,0x30,0x30,0x30,0x30,0x30,};
static uchar usb_console_653[]={
0x30,0x30,0x30,0x30,0x30,0x30,0x30,0x30,
0x30,0x30,0x30,0x30,0x30,0x30,0x30,0x30,};
static uchar usb_console_654[]={
0x30,0x30,0x30,0x30,0x30,0x30,0x30,0x30,
0x30,0x30,0x30,0x30,0x30,0x30,0x30,0x30,};
static uchar usb_console_655[]={
0x30,0x30,0x30,0x30,0x30,0x30,0x30,0x30,
0x30,0x30,0x30,0x30,0x00,0xFC,};
static uchar usb_console_656[]={
0xFF,0x39,0x00,0x01,0x02,0x03,0x04,0x05,
0x06,0x07,0x00,0xA9,0x30,0x30,0x30,0x30,};
static uchar usb_console_657[]={
0x30,0x30,0x30,0x30,0x30,0x30,0x30,0x30,
0x30,0x30,0x30,0x30,0x30,0x30,0x30,0x30,};
static uchar usb_console_658[]={
0x30,0x30,0x30,0x30,0x30,0x30,0x30,0x30,
0x30,0x30,0x30,0x30,0x30,0x30,0x30,0x30,};
static uchar usb_console_659[]={
0x30,0x30,0x30,0x30,0x30,0x30,0x30,0x30,
0x30,0x30,0x30,0x30,0x30,0x30,0x30,0x30,};
static uchar usb_console_660[]={
0x30,0x30,0x30,0x30,0x30,0x30,0x30,0x30,
0x30,0x30,0x30,0x30,0x00,0xFD,};
static uchar usb_console_661[]={
0xFF,0x39,0x00,0x01,0x02,0x03,0x04,0x05,
0x06,0x07,0x00,0xAA,0x30,0x30,0x30,0x30,};
static uchar usb_console_662[]={
0x30,0x30,0x30,0x30,0x30,0x30,0x30,0x30,
0x30,0x30,0x30,0x30,0x30,0x30,0x30,0x30,};
static uchar usb_console_663[]={
0x30,0x30,0x30,0x30,0x30,0x30,0x30,0x30,
0x30,0x30,0x30,0x30,0x30,0x30,0x30,0x30,};
static uchar usb_console_664[]={
0x30,0x30,0x30,0x30,0x30,0x30,0x30,0x30,
0x30,0x30,0x30,0x30,0x30,0x30,0x30,0x30,};
static uchar usb_console_665[]={
0x30,0x30,0x30,0x30,0x30,0x30,0x30,0x30,
0x30,0x30,0x30,0x30,0x00,0xFE,};
static uchar usb_console_666[]={
0xFF,0x39,0x00,0x01,0x02,0x03,0x04,0x05,
0x06,0x07,0x00,0xAB,0x30,0x30,0x30,0x30,};
static uchar usb_console_667[]={
0x30,0x30,0x30,0x30,0x30,0x30,0x30,0x30,
0x30,0x30,0x30,0x30,0x30,0x30,0x30,0x30,};
static uchar usb_console_668[]={
0x30,0x30,0x30,0x30,0x30,0x30,0x30,0x30,
0x30,0x30,0x30,0x30,0x30,0x30,0x30,0x30,};
static uchar usb_console_669[]={
0x30,0x30,0x30,0x30,0x30,0x30,0x30,0x30,
0x30,0x30,0x30,0x30,0x30,0x30,0x30,0x30,};
static uchar usb_console_670[]={
0x30,0x30,0x30,0x30,0x30,0x30,0x30,0x30,
0x30,0x30,0x30,0x30,0x00,0xFF,};
static uchar usb_console_671[]={
0xFF,0x39,0x00,0x01,0x02,0x03,0x04,0x05,
0x06,0x07,0x00,0xAC,0x30,0x30,0x30,0x30,};
static uchar usb_console_672[]={
0x30,0x30,0x30,0x30,0x30,0x30,0x30,0x30,
0x30,0x30,0x30,0x30,0x30,0x30,0x30,0x30,};
static uchar usb_console_673[]={
0x30,0x30,0x30,0x30,0x30,0x30,0x30,0x30,
0x30,0x30,0x30,0x30,0x30,0x30,0x30,0x30,};
static uchar usb_console_674[]={
0x30,0x30,0x30,0x30,0x30,0x30,0x30,0x30,
0x30,0x30,0x30,0x30,0x30,0x30,0x30,0x30,};
static uchar usb_console_675[]={
0x30,0x30,0x30,0x30,0x30,0x30,0x30,0x30,
0x30,0x30,0x30,0x30,0x00,0x00,};
static uchar usb_console_676[]={
0xFF,0x39,0x00,0x01,0x02,0x03,0x04,0x05,
0x06,0x07,0x00,0xAD,0x30,0x30,0x30,0x30,};
static uchar usb_console_677[]={
0x30,0x30,0x30,0x30,0x30,0x30,0x30,0x30,
0x30,0x30,0x30,0x30,0x30,0x30,0x30,0x30,};
static uchar usb_console_678[]={
0x30,0x30,0x30,0x30,0x30,0x30,0x30,0x30,
0x30,0x30,0x30,0x30,0x30,0x30,0x30,0x30,};
static uchar usb_console_679[]={
0x30,0x30,0x30,0x30,0x30,0x30,0x30,0x30,
0x30,0x30,0x30,0x30,0x30,0x30,0x30,0x30,};
static uchar usb_console_680[]={
0x30,0x30,0x30,0x30,0x30,0x30,0x30,0x30,
0x30,0x30,0x30,0x30,0x00,0x01,};
static uchar usb_console_681[]={
0xFF,0x39,0x00,0x01,0x02,0x03,0x04,0x05,
0x06,0x07,0x00,0xAE,0x30,0x30,0x30,0x30,};
static uchar usb_console_682[]={
0x30,0x30,0x30,0x30,0x30,0x30,0x30,0x30,
0x30,0x30,0x30,0x30,0x30,0x30,0x30,0x30,};
static uchar usb_console_683[]={
0x30,0x30,0x30,0x30,0x30,0x30,0x30,0x30,
0x30,0x30,0x30,0x30,0x30,0x30,0x30,0x30,};
static uchar usb_console_684[]={
0x30,0x30,0x30,0x30,0x30,0x30,0x30,0x30,
0x30,0x30,0x30,0x30,0x30,0x30,0x30,0x30,};
static uchar usb_console_685[]={
0x30,0x30,0x30,0x30,0x30,0x30,0x30,0x30,
0x30,0x30,0x30,0x30,0x00,0x02,};
static uchar usb_console_686[]={
0xFF,0x39,0x00,0x01,0x02,0x03,0x04,0x05,
0x06,0x07,0x00,0xAF,0x30,0x30,0x30,0x30,};
static uchar usb_console_687[]={
0x30,0x30,0x30,0x30,0x30,0x30,0x30,0x30,
0x30,0x30,0x30,0x30,0x30,0x30,0x30,0x30,};
static uchar usb_console_688[]={
0x30,0x30,0x30,0x30,0x30,0x30,0x30,0x30,
0x30,0x30,0x30,0x30,0x30,0x30,0x30,0x30,};
static uchar usb_console_689[]={
0x30,0x30,0x30,0x30,0x30,0x30,0x30,0x30,
0x30,0x30,0x30,0x30,0x30,0x30,0x30,0x30,};
static uchar usb_console_690[]={
0x30,0x30,0x30,0x30,0x30,0x30,0x30,0x30,
0x30,0x30,0x30,0x30,0x00,0x03,};
static uchar usb_console_691[]={
0xFF,0x39,0x00,0x01,0x02,0x03,0x04,0x05,
0x06,0x07,0x00,0xB0,0x30,0x30,0x30,0x30,};
static uchar usb_console_692[]={
0x30,0x30,0x30,0x30,0x30,0x30,0x30,0x30,
0x30,0x30,0x30,0x30,0x30,0x30,0x30,0x30,};
static uchar usb_console_693[]={
0x30,0x30,0x30,0x30,0x30,0x30,0x30,0x30,
0x30,0x30,0x30,0x30,0x30,0x30,0x30,0x30,};
static uchar usb_console_694[]={
0x30,0x30,0x30,0x30,0x30,0x30,0x30,0x30,
0x30,0x30,0x30,0x30,0x30,0x30,0x30,0x30,};
static uchar usb_console_695[]={
0x30,0x30,0x30,0x30,0x30,0x30,0x30,0x30,
0x30,0x30,0x30,0x30,0x00,0x04,};
static uchar usb_console_696[]={
0xFF,0x39,0x00,0x01,0x02,0x03,0x04,0x05,
0x06,0x07,0x00,0xB1,0x30,0x30,0x30,0x30,};
static uchar usb_console_697[]={
0x30,0x30,0x30,0x30,0x30,0x30,0x30,0x30,
0x30,0x30,0x30,0x30,0x30,0x30,0x30,0x30,};
static uchar usb_console_698[]={
0x30,0x30,0x30,0x30,0x30,0x30,0x30,0x30,
0x30,0x30,0x30,0x30,0x30,0x30,0x30,0x30,};
static uchar usb_console_699[]={
0x30,0x30,0x30,0x30,0x30,0x30,0x30,0x30,
0x30,0x30,0x30,0x30,0x30,0x30,0x30,0x30,};
static uchar usb_console_700[]={
0x30,0x30,0x30,0x30,0x30,0x30,0x30,0x30,
0x30,0x30,0x30,0x30,0x00,0x05,};
static uchar usb_console_701[]={
0xFF,0x39,0x00,0x01,0x02,0x03,0x04,0x05,
0x06,0x07,0x00,0xB2,0x30,0x30,0x30,0x30,};
static uchar usb_console_702[]={
0x30,0x30,0x30,0x30,0x30,0x30,0x30,0x30,
0x30,0x30,0x30,0x30,0x30,0x30,0x30,0x30,};
static uchar usb_console_703[]={
0x30,0x30,0x30,0x30,0x30,0x30,0x30,0x30,
0x30,0x30,0x30,0x30,0x30,0x30,0x30,0x30,};
static uchar usb_console_704[]={
0x30,0x30,0x30,0x30,0x30,0x30,0x30,0x30,
0x30,0x30,0x30,0x30,0x30,0x30,0x30,0x30,};
static uchar usb_console_705[]={
0x30,0x30,0x30,0x30,0x30,0x30,0x30,0x30,
0x30,0x30,0x30,0x30,0x00,0x06,};
static uchar usb_console_706[]={
0xFF,0x39,0x00,0x01,0x02,0x03,0x04,0x05,
0x06,0x07,0x00,0xB3,0x30,0x30,0x30,0x30,};
static uchar usb_console_707[]={
0x30,0x30,0x30,0x30,0x30,0x30,0x30,0x30,
0x30,0x30,0x30,0x30,0x30,0x30,0x30,0x30,};
static uchar usb_console_708[]={
0x30,0x30,0x30,0x30,0x30,0x30,0x30,0x30,
0x30,0x30,0x30,0x30,0x30,0x30,0x30,0x30,};
static uchar usb_console_709[]={
0x30,0x30,0x30,0x30,0x30,0x30,0x30,0x30,
0x30,0x30,0x30,0x30,0x30,0x30,0x30,0x30,};
static uchar usb_console_710[]={
0x30,0x30,0x30,0x30,0x30,0x30,0x30,0x30,
0x30,0x30,0x30,0x30,0x00,0x07,};
static uchar usb_console_711[]={
0xFF,0x39,0x00,0x01,0x02,0x03,0x04,0x05,
0x06,0x07,0x00,0xB4,0x30,0x30,0x30,0x30,};
static uchar usb_console_712[]={
0x30,0x30,0x30,0x30,0x30,0x30,0x30,0x30,
0x30,0x30,0x30,0x30,0x30,0x30,0x30,0x30,};
static uchar usb_console_713[]={
0x30,0x30,0x30,0x30,0x30,0x30,0x30,0x30,
0x30,0x30,0x30,0x30,0x30,0x30,0x30,0x30,};
static uchar usb_console_714[]={
0x30,0x30,0x30,0x30,0x30,0x30,0x30,0x30,
0x30,0x30,0x30,0x30,0x30,0x30,0x30,0x30,};
static uchar usb_console_715[]={
0x30,0x30,0x30,0x30,0x30,0x30,0x30,0x30,
0x30,0x30,0x30,0x30,0x00,0x08,};
static uchar usb_console_716[]={
0xFF,0x39,0x00,0x01,0x02,0x03,0x04,0x05,
0x06,0x07,0x00,0xB5,0x30,0x30,0x30,0x30,};
static uchar usb_console_717[]={
0x30,0x30,0x30,0x30,0x30,0x30,0x30,0x30,
0x30,0x30,0x30,0x30,0x30,0x30,0x30,0x30,};
static uchar usb_console_718[]={
0x30,0x30,0x30,0x30,0x30,0x30,0x30,0x30,
0x30,0x30,0x30,0x30,0x30,0x30,0x30,0x30,};
static uchar usb_console_719[]={
0x30,0x30,0x30,0x30,0x30,0x30,0x30,0x30,
0x30,0x30,0x30,0x30,0x30,0x30,0x30,0x30,};
static uchar usb_console_720[]={
0x30,0x30,0x30,0x30,0x30,0x30,0x30,0x30,
0x30,0x30,0x30,0x30,0x00,0x09,};
static uchar usb_console_721[]={
0xFF,0x39,0x00,0x01,0x02,0x03,0x04,0x05,
0x06,0x07,0x00,0xB6,0x30,0x30,0x30,0x30,};
static uchar usb_console_722[]={
0x30,0x30,0x30,0x30,0x30,0x30,0x30,0x30,
0x30,0x30,0x30,0x30,0x30,0x30,0x30,0x30,};
static uchar usb_console_723[]={
0x30,0x30,0x30,0x30,0x30,0x30,0x30,0x30,
0x30,0x30,0x30,0x30,0x30,0x30,0x30,0x30,};
static uchar usb_console_724[]={
0x30,0x30,0x30,0x30,0x30,0x30,0x30,0x30,
0x30,0x30,0x30,0x30,0x30,0x30,0x30,0x30,};
static uchar usb_console_725[]={
0x30,0x30,0x30,0x30,0x30,0x30,0x30,0x30,
0x30,0x30,0x30,0x30,0x00,0x0A,};
static uchar usb_console_726[]={
0xFF,0x39,0x00,0x01,0x02,0x03,0x04,0x05,
0x06,0x07,0x00,0xB7,0x30,0x30,0x30,0x30,};
static uchar usb_console_727[]={
0x30,0x30,0x30,0x30,0x30,0x30,0x30,0x30,
0x30,0x30,0x30,0x30,0x30,0x30,0x30,0x30,};
static uchar usb_console_728[]={
0x30,0x30,0x30,0x30,0x30,0x30,0x30,0x30,
0x30,0x30,0x30,0x30,0x30,0x30,0x30,0x30,};
static uchar usb_console_729[]={
0x30,0x30,0x30,0x30,0x30,0x30,0x30,0x30,
0x30,0x30,0x30,0x30,0x30,0x30,0x30,0x30,};
static uchar usb_console_730[]={
0x30,0x30,0x30,0x30,0x30,0x30,0x30,0x30,
0x30,0x30,0x30,0x30,0x00,0x0B,};
static uchar usb_console_731[]={
0xFF,0x39,0x00,0x01,0x02,0x03,0x04,0x05,
0x06,0x07,0x00,0xB8,0x30,0x30,0x30,0x30,};
static uchar usb_console_732[]={
0x30,0x30,0x30,0x30,0x30,0x30,0x30,0x30,
0x30,0x30,0x30,0x30,0x30,0x30,0x30,0x30,};
static uchar usb_console_733[]={
0x30,0x30,0x30,0x30,0x30,0x30,0x30,0x30,
0x30,0x30,0x30,0x30,0x30,0x30,0x30,0x30,};
static uchar usb_console_734[]={
0x30,0x30,0x30,0x30,0x30,0x30,0x30,0x30,
0x30,0x30,0x30,0x30,0x30,0x30,0x30,0x30,};
static uchar usb_console_735[]={
0x30,0x30,0x30,0x30,0x30,0x30,0x30,0x30,
0x30,0x30,0x30,0x30,0x00,0x0C,};
static uchar usb_console_736[]={
0xFF,0x39,0x00,0x01,0x02,0x03,0x04,0x05,
0x06,0x07,0x00,0xB9,0x30,0x30,0x30,0x30,};
static uchar usb_console_737[]={
0x30,0x30,0x30,0x30,0x30,0x30,0x30,0x30,
0x30,0x30,0x30,0x30,0x30,0x30,0x30,0x30,};
static uchar usb_console_738[]={
0x30,0x30,0x30,0x30,0x30,0x30,0x30,0x30,
0x30,0x30,0x30,0x30,0x30,0x30,0x30,0x30,};
static uchar usb_console_739[]={
0x30,0x30,0x30,0x30,0x30,0x30,0x30,0x30,
0x30,0x30,0x30,0x30,0x30,0x30,0x30,0x30,};
static uchar usb_console_740[]={
0x30,0x30,0x30,0x30,0x30,0x30,0x30,0x30,
0x30,0x30,0x30,0x30,0x00,0x0D,};
static uchar usb_console_741[]={
0xFF,0x39,0x00,0x01,0x02,0x03,0x04,0x05,
0x06,0x07,0x00,0xBA,0x30,0x30,0x30,0x30,};
static uchar usb_console_742[]={
0x30,0x30,0x30,0x30,0x30,0x30,0x30,0x30,
0x30,0x30,0x30,0x30,0x30,0x30,0x30,0x30,};
static uchar usb_console_743[]={
0x30,0x30,0x30,0x30,0x30,0x30,0x30,0x30,
0x30,0x30,0x30,0x30,0x30,0x30,0x30,0x30,};
static uchar usb_console_744[]={
0x30,0x30,0x30,0x30,0x30,0x30,0x30,0x30,
0x30,0x30,0x30,0x30,0x30,0x30,0x30,0x30,};
static uchar usb_console_745[]={
0x30,0x30,0x30,0x30,0x30,0x30,0x30,0x30,
0x30,0x30,0x30,0x30,0x00,0x0E,};
static uchar usb_console_746[]={
0xFF,0x39,0x00,0x01,0x02,0x03,0x04,0x05,
0x06,0x07,0x00,0xBB,0x30,0x30,0x30,0x30,};
static uchar usb_console_747[]={
0x30,0x30,0x30,0x30,0x30,0x30,0x30,0x30,
0x30,0x30,0x30,0x30,0x30,0x30,0x30,0x30,};
static uchar usb_console_748[]={
0x30,0x30,0x30,0x30,0x30,0x30,0x30,0x30,
0x30,0x30,0x30,0x30,0x30,0x30,0x30,0x30,};
static uchar usb_console_749[]={
0x30,0x30,0x30,0x30,0x30,0x30,0x30,0x30,
0x30,0x30,0x30,0x30,0x30,0x30,0x30,0x30,};
static uchar usb_console_750[]={
0x30,0x30,0x30,0x30,0x30,0x30,0x30,0x30,
0x30,0x30,0x30,0x30,0x00,0x0F,};
static uchar usb_console_751[]={
0xFF,0x39,0x00,0x01,0x02,0x03,0x04,0x05,
0x06,0x07,0x00,0xBC,0x30,0x30,0x30,0x30,};
static uchar usb_console_752[]={
0x30,0x30,0x30,0x30,0x30,0x30,0x30,0x30,
0x30,0x30,0x30,0x30,0x30,0x30,0x30,0x30,};
static uchar usb_console_753[]={
0x30,0x30,0x30,0x30,0x30,0x30,0x30,0x30,
0x30,0x30,0x30,0x30,0x30,0x30,0x30,0x30,};
static uchar usb_console_754[]={
0x30,0x30,0x30,0x30,0x30,0x30,0x30,0x30,
0x30,0x30,0x30,0x30,0x30,0x30,0x30,0x30,};
static uchar usb_console_755[]={
0x30,0x30,0x30,0x30,0x30,0x30,0x30,0x30,
0x30,0x30,0x30,0x30,0x00,0x10,};
static uchar usb_console_756[]={
0xFF,0x39,0x00,0x01,0x02,0x03,0x04,0x05,
0x06,0x07,0x00,0xBD,0x30,0x30,0x30,0x30,};
static uchar usb_console_757[]={
0x30,0x30,0x30,0x30,0x30,0x30,0x30,0x30,
0x30,0x30,0x30,0x30,0x30,0x30,0x30,0x30,};
static uchar usb_console_758[]={
0x30,0x30,0x30,0x30,0x30,0x30,0x30,0x30,
0x30,0x30,0x30,0x30,0x30,0x30,0x30,0x30,};
static uchar usb_console_759[]={
0x30,0x30,0x30,0x30,0x30,0x30,0x30,0x30,
0x30,0x30,0x30,0x30,0x30,0x30,0x30,0x30,};
static uchar usb_console_760[]={
0x30,0x30,0x30,0x30,0x30,0x30,0x30,0x30,
0x30,0x30,0x30,0x30,0x00,0x11,};
static uchar usb_console_761[]={
0xFF,0x39,0x00,0x01,0x02,0x03,0x04,0x05,
0x06,0x07,0x00,0xBE,0x30,0x30,0x30,0x30,};
static uchar usb_console_762[]={
0x30,0x30,0x30,0x30,0x30,0x30,0x30,0x30,
0x30,0x30,0x30,0x30,0x30,0x30,0x30,0x30,};
static uchar usb_console_763[]={
0x30,0x30,0x30,0x30,0x30,0x30,0x30,0x30,
0x30,0x30,0x30,0x30,0x30,0x30,0x30,0x30,};
static uchar usb_console_764[]={
0x30,0x30,0x30,0x30,0x30,0x30,0x30,0x30,
0x30,0x30,0x30,0x30,0x30,0x30,0x30,0x30,};
static uchar usb_console_765[]={
0x30,0x30,0x30,0x30,0x30,0x30,0x30,0x30,
0x30,0x30,0x30,0x30,0x00,0x12,};
static uchar usb_console_766[]={
0xFF,0x39,0x00,0x01,0x02,0x03,0x04,0x05,
0x06,0x07,0x00,0xBF,0x30,0x30,0x30,0x30,};
static uchar usb_console_767[]={
0x30,0x30,0x30,0x30,0x30,0x30,0x30,0x30,
0x30,0x30,0x30,0x30,0x30,0x30,0x30,0x30,};
static uchar usb_console_768[]={
0x30,0x30,0x30,0x30,0x30,0x30,0x30,0x30,
0x30,0x30,0x30,0x30,0x30,0x30,0x30,0x30,};
static uchar usb_console_769[]={
0x30,0x30,0x30,0x30,0x30,0x30,0x30,0x30,
0x30,0x30,0x30,0x30,0x30,0x30,0x30,0x30,};
static uchar usb_console_770[]={
0x30,0x30,0x30,0x30,0x30,0x30,0x30,0x30,
0x30,0x30,0x30,0x30,0x00,0x13,};
static uchar usb_console_771[]={
0xFF,0x39,0x00,0x01,0x02,0x03,0x04,0x05,
0x06,0x07,0x00,0xC0,0x30,0x30,0x30,0x30,};
static uchar usb_console_772[]={
0x30,0x30,0x30,0x30,0x30,0x30,0x30,0x30,
0x30,0x30,0x30,0x30,0x30,0x30,0x30,0x30,};
static uchar usb_console_773[]={
0x30,0x30,0x30,0x30,0x30,0x30,0x30,0x30,
0x30,0x30,0x30,0x30,0x30,0x30,0x30,0x30,};
static uchar usb_console_774[]={
0x30,0x30,0x30,0x30,0x30,0x30,0x30,0x30,
0x30,0x30,0x30,0x30,0x30,0x30,0x30,0x30,};
static uchar usb_console_775[]={
0x30,0x30,0x30,0x30,0x30,0x30,0x30,0x30,
0x30,0x30,0x30,0x30,0x00,0x14,};
static uchar usb_console_776[]={
0xFF,0x39,0x00,0x01,0x02,0x03,0x04,0x05,
0x06,0x07,0x00,0xC1,0x30,0x30,0x30,0x30,};
static uchar usb_console_777[]={
0x30,0x30,0x30,0x30,0x30,0x30,0x30,0x30,
0x30,0x30,0x30,0x30,0x30,0x30,0x30,0x30,};
static uchar usb_console_778[]={
0x30,0x30,0x30,0x30,0x30,0x30,0x30,0x30,
0x30,0x30,0x30,0x30,0x30,0x30,0x30,0x30,};
static uchar usb_console_779[]={
0x30,0x30,0x30,0x30,0x30,0x30,0x30,0x30,
0x30,0x30,0x30,0x30,0x30,0x30,0x30,0x30,};
static uchar usb_console_780[]={
0x30,0x30,0x30,0x30,0x30,0x30,0x30,0x30,
0x30,0x30,0x30,0x30,0x00,0x15,};
static uchar usb_console_781[]={
0xFF,0x39,0x00,0x01,0x02,0x03,0x04,0x05,
0x06,0x07,0x00,0xC2,0x30,0x30,0x30,0x30,};
static uchar usb_console_782[]={
0x30,0x30,0x30,0x30,0x30,0x30,0x30,0x30,
0x30,0x30,0x30,0x30,0x30,0x30,0x30,0x30,};
static uchar usb_console_783[]={
0x30,0x30,0x30,0x30,0x30,0x30,0x30,0x30,
0x30,0x30,0x30,0x30,0x30,0x30,0x30,0x30,};
static uchar usb_console_784[]={
0x30,0x30,0x30,0x30,0x30,0x30,0x30,0x30,
0x30,0x30,0x30,0x30,0x30,0x30,0x30,0x30,};
static uchar usb_console_785[]={
0x30,0x30,0x30,0x30,0x30,0x30,0x30,0x30,
0x30,0x30,0x30,0x30,0x00,0x16,};
static uchar usb_console_786[]={
0xFF,0x39,0x00,0x01,0x02,0x03,0x04,0x05,
0x06,0x07,0x00,0xC3,0x30,0x30,0x30,0x30,};
static uchar usb_console_787[]={
0x30,0x30,0x30,0x30,0x30,0x30,0x30,0x30,
0x30,0x30,0x30,0x30,0x30,0x30,0x30,0x30,};
static uchar usb_console_788[]={
0x30,0x30,0x30,0x30,0x30,0x30,0x30,0x30,
0x30,0x30,0x30,0x30,0x30,0x30,0x30,0x30,};
static uchar usb_console_789[]={
0x30,0x30,0x30,0x30,0x30,0x30,0x30,0x30,
0x30,0x30,0x30,0x30,0x30,0x30,0x30,0x30,};
static uchar usb_console_790[]={
0x30,0x30,0x30,0x30,0x30,0x30,0x30,0x30,
0x30,0x30,0x30,0x30,0x00,0x17,};
static uchar usb_console_791[]={
0xFF,0x39,0x00,0x01,0x02,0x03,0x04,0x05,
0x06,0x07,0x00,0xC4,0x30,0x30,0x30,0x30,};
static uchar usb_console_792[]={
0x30,0x30,0x30,0x30,0x30,0x30,0x30,0x30,
0x30,0x30,0x30,0x30,0x30,0x30,0x30,0x30,};
static uchar usb_console_793[]={
0x30,0x30,0x30,0x30,0x30,0x30,0x30,0x30,
0x30,0x30,0x30,0x30,0x30,0x30,0x30,0x30,};
static uchar usb_console_794[]={
0x30,0x30,0x30,0x30,0x30,0x30,0x30,0x30,
0x30,0x30,0x30,0x30,0x30,0x30,0x30,0x30,};
static uchar usb_console_795[]={
0x30,0x30,0x30,0x30,0x30,0x30,0x30,0x30,
0x30,0x30,0x30,0x30,0x00,0x18,};
static uchar usb_console_796[]={
0xFF,0x39,0x00,0x01,0x02,0x03,0x04,0x05,
0x06,0x07,0x00,0xC5,0x30,0x30,0x30,0x30,};
static uchar usb_console_797[]={
0x30,0x30,0x30,0x30,0x30,0x30,0x30,0x30,
0x30,0x30,0x30,0x30,0x30,0x30,0x30,0x30,};
static uchar usb_console_798[]={
0x30,0x30,0x30,0x30,0x30,0x30,0x30,0x30,
0x30,0x30,0x30,0x30,0x30,0x30,0x30,0x30,};
static uchar usb_console_799[]={
0x30,0x30,0x30,0x30,0x30,0x30,0x30,0x30,
0x30,0x30,0x30,0x30,0x30,0x30,0x30,0x30,};
static uchar usb_console_800[]={
0x30,0x30,0x30,0x30,0x30,0x30,0x30,0x30,
0x30,0x30,0x30,0x30,0x00,0x19,};
static uchar usb_console_801[]={
0xFF,0x39,0x00,0x01,0x02,0x03,0x04,0x05,
0x06,0x07,0x00,0xC6,0x30,0x30,0x30,0x30,};
static uchar usb_console_802[]={
0x30,0x30,0x30,0x30,0x30,0x30,0x30,0x30,
0x30,0x30,0x30,0x30,0x30,0x30,0x30,0x30,};
static uchar usb_console_803[]={
0x30,0x30,0x30,0x30,0x30,0x30,0x30,0x30,
0x30,0x30,0x30,0x30,0x30,0x30,0x30,0x30,};
static uchar usb_console_804[]={
0x30,0x30,0x30,0x30,0x30,0x30,0x30,0x30,
0x30,0x30,0x30,0x30,0x30,0x30,0x30,0x30,};
static uchar usb_console_805[]={
0x30,0x30,0x30,0x30,0x30,0x30,0x30,0x30,
0x30,0x30,0x30,0x30,0x00,0x1A,};
static uchar usb_console_806[]={
0xFF,0x39,0x00,0x01,0x02,0x03,0x04,0x05,
0x06,0x07,0x00,0xC7,0x30,0x30,0x30,0x30,};
static uchar usb_console_807[]={
0x30,0x30,0x30,0x30,0x30,0x30,0x30,0x30,
0x30,0x30,0x30,0x30,0x30,0x30,0x30,0x30,};
static uchar usb_console_808[]={
0x30,0x30,0x30,0x30,0x30,0x30,0x30,0x30,
0x30,0x30,0x30,0x30,0x30,0x30,0x30,0x30,};
static uchar usb_console_809[]={
0x30,0x30,0x30,0x30,0x30,0x30,0x30,0x30,
0x30,0x30,0x30,0x30,0x30,0x30,0x30,0x30,};
static uchar usb_console_810[]={
0x30,0x30,0x30,0x30,0x30,0x30,0x30,0x30,
0x30,0x30,0x30,0x30,0x00,0x1B,};
static uchar usb_console_811[]={
0xFF,0x39,0x00,0x01,0x02,0x03,0x04,0x05,
0x06,0x07,0x00,0xC8,0x30,0x30,0x30,0x30,};
static uchar usb_console_812[]={
0x30,0x30,0x30,0x30,0x30,0x30,0x30,0x30,
0x30,0x30,0x30,0x30,0x30,0x30,0x30,0x30,};
static uchar usb_console_813[]={
0x30,0x30,0x30,0x30,0x30,0x30,0x30,0x30,
0x30,0x30,0x30,0x30,0x30,0x30,0x30,0x30,};
static uchar usb_console_814[]={
0x30,0x30,0x30,0x30,0x30,0x30,0x30,0x30,
0x30,0x30,0x30,0x30,0x30,0x30,0x30,0x30,};
static uchar usb_console_815[]={
0x30,0x30,0x30,0x30,0x30,0x30,0x30,0x30,
0x30,0x30,0x30,0x30,0x00,0x1C,};
static uchar usb_console_816[]={
0xFF,0x39,0x00,0x01,0x02,0x03,0x04,0x05,
0x06,0x07,0x00,0xC9,0x30,0x30,0x30,0x30,};
static uchar usb_console_817[]={
0x30,0x30,0x30,0x30,0x30,0x30,0x30,0x30,
0x30,0x30,0x30,0x30,0x30,0x30,0x30,0x30,};
static uchar usb_console_818[]={
0x30,0x30,0x30,0x30,0x30,0x30,0x30,0x30,
0x30,0x30,0x30,0x30,0x30,0x30,0x30,0x30,};
static uchar usb_console_819[]={
0x30,0x30,0x30,0x30,0x30,0x30,0x30,0x30,
0x30,0x30,0x30,0x30,0x30,0x30,0x30,0x30,};
static uchar usb_console_820[]={
0x30,0x30,0x30,0x30,0x30,0x30,0x30,0x30,
0x30,0x30,0x30,0x30,0x00,0x1D,};
static uchar usb_console_821[]={
0xFF,0x39,0x00,0x01,0x02,0x03,0x04,0x05,
0x06,0x07,0x00,0xCA,0x30,0x30,0x30,0x30,};
static uchar usb_console_822[]={
0x30,0x30,0x30,0x30,0x30,0x30,0x30,0x30,
0x30,0x30,0x30,0x30,0x30,0x30,0x30,0x30,};
static uchar usb_console_823[]={
0x30,0x30,0x30,0x30,0x30,0x30,0x30,0x30,
0x30,0x30,0x30,0x30,0x30,0x30,0x30,0x30,};
static uchar usb_console_824[]={
0x30,0x30,0x30,0x30,0x30,0x30,0x30,0x30,
0x30,0x30,0x30,0x30,0x30,0x30,0x30,0x30,};
static uchar usb_console_825[]={
0x30,0x30,0x30,0x30,0x30,0x30,0x30,0x30,
0x30,0x30,0x30,0x30,0x00,0x1E,};
static uchar usb_console_826[]={
0xFF,0x39,0x00,0x01,0x02,0x03,0x04,0x05,
0x06,0x07,0x00,0xCB,0x30,0x30,0x30,0x30,};
static uchar usb_console_827[]={
0x30,0x30,0x30,0x30,0x30,0x30,0x30,0x30,
0x30,0x30,0x30,0x30,0x30,0x30,0x30,0x30,};
static uchar usb_console_828[]={
0x30,0x30,0x30,0x30,0x30,0x30,0x30,0x30,
0x30,0x30,0x30,0x30,0x30,0x30,0x30,0x30,};
static uchar usb_console_829[]={
0x30,0x30,0x30,0x30,0x30,0x30,0x30,0x30,
0x30,0x30,0x30,0x30,0x30,0x30,0x30,0x30,};
static uchar usb_console_830[]={
0x30,0x30,0x30,0x30,0x30,0x30,0x30,0x30,
0x30,0x30,0x30,0x30,0x00,0x1F,};
static uchar usb_console_831[]={
0xFF,0x39,0x00,0x01,0x02,0x03,0x04,0x05,
0x06,0x07,0x00,0xCC,0x30,0x30,0x30,0x30,};
static uchar usb_console_832[]={
0x30,0x30,0x30,0x30,0x30,0x30,0x30,0x30,
0x30,0x30,0x30,0x30,0x30,0x30,0x30,0x30,};
static uchar usb_console_833[]={
0x30,0x30,0x30,0x30,0x30,0x30,0x30,0x30,
0x30,0x30,0x30,0x30,0x30,0x30,0x30,0x30,};
static uchar usb_console_834[]={
0x30,0x30,0x30,0x30,0x30,0x30,0x30,0x30,
0x30,0x30,0x30,0x30,0x30,0x30,0x30,0x30,};
static uchar usb_console_835[]={
0x30,0x30,0x30,0x30,0x30,0x30,0x30,0x30,
0x30,0x30,0x30,0x30,0x00,0x20,};
static uchar usb_console_836[]={
0xFF,0x39,0x00,0x01,0x02,0x03,0x04,0x05,
0x06,0x07,0x00,0xCD,0x30,0x30,0x30,0x30,};
static uchar usb_console_837[]={
0x30,0x30,0x30,0x30,0x30,0x30,0x30,0x30,
0x30,0x30,0x30,0x30,0x30,0x30,0x30,0x30,};
static uchar usb_console_838[]={
0x30,0x30,0x30,0x30,0x30,0x30,0x30,0x30,
0x30,0x30,0x30,0x30,0x30,0x30,0x30,0x30,};
static uchar usb_console_839[]={
0x30,0x30,0x30,0x30,0x30,0x30,0x30,0x30,
0x30,0x30,0x30,0x30,0x30,0x30,0x30,0x30,};
static uchar usb_console_840[]={
0x30,0x30,0x30,0x30,0x30,0x30,0x30,0x30,
0x30,0x30,0x30,0x30,0x00,0x21,};
static uchar usb_console_841[]={
0xFF,0x39,0x00,0x01,0x02,0x03,0x04,0x05,
0x06,0x07,0x00,0xCE,0x30,0x30,0x30,0x30,};
static uchar usb_console_842[]={
0x30,0x30,0x30,0x30,0x30,0x30,0x30,0x30,
0x30,0x30,0x30,0x30,0x30,0x30,0x30,0x30,};
static uchar usb_console_843[]={
0x30,0x30,0x30,0x30,0x30,0x30,0x30,0x30,
0x30,0x30,0x30,0x30,0x30,0x30,0x30,0x30,};
static uchar usb_console_844[]={
0x30,0x30,0x30,0x30,0x30,0x30,0x30,0x30,
0x30,0x30,0x30,0x30,0x30,0x30,0x30,0x30,};
static uchar usb_console_845[]={
0x30,0x30,0x30,0x30,0x30,0x30,0x30,0x30,
0x30,0x30,0x30,0x30,0x00,0x22,};
static uchar usb_console_846[]={
0xFF,0x39,0x00,0x01,0x02,0x03,0x04,0x05,
0x06,0x07,0x00,0xCF,0x30,0x30,0x30,0x30,};
static uchar usb_console_847[]={
0x30,0x30,0x30,0x30,0x30,0x30,0x30,0x30,
0x30,0x30,0x30,0x30,0x30,0x30,0x30,0x30,};
static uchar usb_console_848[]={
0x30,0x30,0x30,0x30,0x30,0x30,0x30,0x30,
0x30,0x30,0x30,0x30,0x30,0x30,0x30,0x30,};
static uchar usb_console_849[]={
0x30,0x30,0x30,0x30,0x30,0x30,0x30,0x30,
0x30,0x30,0x30,0x30,0x30,0x30,0x30,0x30,};
static uchar usb_console_850[]={
0x30,0x30,0x30,0x30,0x30,0x30,0x30,0x30,
0x30,0x30,0x30,0x30,0x00,0x23,};
static uchar usb_console_851[]={
0xFF,0x39,0x00,0x01,0x02,0x03,0x04,0x05,
0x06,0x07,0x00,0xD0,0x30,0x30,0x30,0x30,};
static uchar usb_console_852[]={
0x30,0x30,0x30,0x30,0x30,0x30,0x30,0x30,
0x30,0x30,0x30,0x30,0x30,0x30,0x30,0x30,};
static uchar usb_console_853[]={
0x30,0x30,0x30,0x30,0x30,0x30,0x30,0x30,
0x30,0x30,0x30,0x30,0x30,0x30,0x30,0x30,};
static uchar usb_console_854[]={
0x30,0x30,0x30,0x30,0x30,0x30,0x30,0x30,
0x30,0x30,0x30,0x30,0x30,0x30,0x30,0x30,};
static uchar usb_console_855[]={
0x30,0x30,0x30,0x30,0x30,0x30,0x30,0x30,
0x30,0x30,0x30,0x30,0x00,0x24,};
static uchar usb_console_856[]={
0xFF,0x39,0x00,0x01,0x02,0x03,0x04,0x05,
0x06,0x07,0x00,0xD1,0x30,0x30,0x30,0x30,};
static uchar usb_console_857[]={
0x30,0x30,0x30,0x30,0x30,0x30,0x30,0x30,
0x30,0x30,0x30,0x30,0x30,0x30,0x30,0x30,};
static uchar usb_console_858[]={
0x30,0x30,0x30,0x30,0x30,0x30,0x30,0x30,
0x30,0x30,0x30,0x30,0x30,0x30,0x30,0x30,};
static uchar usb_console_859[]={
0x30,0x30,0x30,0x30,0x30,0x30,0x30,0x30,
0x30,0x30,0x30,0x30,0x30,0x30,0x30,0x30,};
static uchar usb_console_860[]={
0x30,0x30,0x30,0x30,0x30,0x30,0x30,0x30,
0x30,0x30,0x30,0x30,0x00,0x25,};
static uchar usb_console_861[]={
0xFF,0x39,0x00,0x01,0x02,0x03,0x04,0x05,
0x06,0x07,0x00,0xD2,0x30,0x30,0x30,0x30,};
static uchar usb_console_862[]={
0x30,0x30,0x30,0x30,0x30,0x30,0x30,0x30,
0x30,0x30,0x30,0x30,0x30,0x30,0x30,0x30,};
static uchar usb_console_863[]={
0x30,0x30,0x30,0x30,0x30,0x30,0x30,0x30,
0x30,0x30,0x30,0x30,0x30,0x30,0x30,0x30,};
static uchar usb_console_864[]={
0x30,0x30,0x30,0x30,0x30,0x30,0x30,0x30,
0x30,0x30,0x30,0x30,0x30,0x30,0x30,0x30,};
static uchar usb_console_865[]={
0x30,0x30,0x30,0x30,0x30,0x30,0x30,0x30,
0x30,0x30,0x30,0x30,0x00,0x26,};
static uchar usb_console_866[]={
0xFF,0x39,0x00,0x01,0x02,0x03,0x04,0x05,
0x06,0x07,0x00,0xD3,0x30,0x30,0x30,0x30,};
static uchar usb_console_867[]={
0x30,0x30,0x30,0x30,0x30,0x30,0x30,0x30,
0x30,0x30,0x30,0x30,0x30,0x30,0x30,0x30,};
static uchar usb_console_868[]={
0x30,0x30,0x30,0x30,0x30,0x30,0x30,0x30,
0x30,0x30,0x30,0x30,0x30,0x30,0x30,0x30,};
static uchar usb_console_869[]={
0x30,0x30,0x30,0x30,0x30,0x30,0x30,0x30,
0x30,0x30,0x30,0x30,0x30,0x30,0x30,0x30,};
static uchar usb_console_870[]={
0x30,0x30,0x30,0x30,0x30,0x30,0x30,0x30,
0x30,0x30,0x30,0x30,0x00,0x27,};
static uchar usb_console_871[]={
0xFF,0x39,0x00,0x01,0x02,0x03,0x04,0x05,
0x06,0x07,0x00,0xD4,0x30,0x30,0x30,0x30,};
static uchar usb_console_872[]={
0x30,0x30,0x30,0x30,0x30,0x30,0x30,0x30,
0x30,0x30,0x30,0x30,0x30,0x30,0x30,0x30,};
static uchar usb_console_873[]={
0x30,0x30,0x30,0x30,0x30,0x30,0x30,0x30,
0x30,0x30,0x30,0x30,0x30,0x30,0x30,0x30,};
static uchar usb_console_874[]={
0x30,0x30,0x30,0x30,0x30,0x30,0x30,0x30,
0x30,0x30,0x30,0x30,0x30,0x30,0x30,0x30,};
static uchar usb_console_875[]={
0x30,0x30,0x30,0x30,0x30,0x30,0x30,0x30,
0x30,0x30,0x30,0x30,0x00,0x28,};
static uchar usb_console_876[]={
0xFF,0x39,0x00,0x01,0x02,0x03,0x04,0x05,
0x06,0x07,0x00,0xD5,0x30,0x30,0x30,0x30,};
static uchar usb_console_877[]={
0x30,0x30,0x30,0x30,0x30,0x30,0x30,0x30,
0x30,0x30,0x30,0x30,0x30,0x30,0x30,0x30,};
static uchar usb_console_878[]={
0x30,0x30,0x30,0x30,0x30,0x30,0x30,0x30,
0x30,0x30,0x30,0x30,0x30,0x30,0x30,0x30,};
static uchar usb_console_879[]={
0x30,0x30,0x30,0x30,0x30,0x30,0x30,0x30,
0x30,0x30,0x30,0x30,0x30,0x30,0x30,0x30,};
static uchar usb_console_880[]={
0x30,0x30,0x30,0x30,0x30,0x30,0x30,0x30,
0x30,0x30,0x30,0x30,0x00,0x29,};
static uchar usb_console_881[]={
0xFF,0x39,0x00,0x01,0x02,0x03,0x04,0x05,
0x06,0x07,0x00,0xD6,0x30,0x30,0x30,0x30,};
static uchar usb_console_882[]={
0x30,0x30,0x30,0x30,0x30,0x30,0x30,0x30,
0x30,0x30,0x30,0x30,0x30,0x30,0x30,0x30,};
static uchar usb_console_883[]={
0x30,0x30,0x30,0x30,0x30,0x30,0x30,0x30,
0x30,0x30,0x30,0x30,0x30,0x30,0x30,0x30,};
static uchar usb_console_884[]={
0x30,0x30,0x30,0x30,0x30,0x30,0x30,0x30,
0x30,0x30,0x30,0x30,0x30,0x30,0x30,0x30,};
static uchar usb_console_885[]={
0x30,0x30,0x30,0x30,0x30,0x30,0x30,0x30,
0x30,0x30,0x30,0x30,0x00,0x2A,};
static uchar usb_console_886[]={
0xFF,0x39,0x00,0x01,0x02,0x03,0x04,0x05,
0x06,0x07,0x00,0xD7,0x30,0x30,0x30,0x30,};
static uchar usb_console_887[]={
0x30,0x30,0x30,0x30,0x30,0x30,0x30,0x30,
0x30,0x30,0x30,0x30,0x30,0x30,0x30,0x30,};
static uchar usb_console_888[]={
0x30,0x30,0x30,0x30,0x30,0x30,0x30,0x30,
0x30,0x30,0x30,0x30,0x30,0x30,0x30,0x30,};
static uchar usb_console_889[]={
0x30,0x30,0x30,0x30,0x30,0x30,0x30,0x30,
0x30,0x30,0x30,0x30,0x30,0x30,0x30,0x30,};
static uchar usb_console_890[]={
0x30,0x30,0x30,0x30,0x30,0x30,0x30,0x30,
0x30,0x30,0x30,0x30,0x00,0x2B,};
static uchar usb_console_891[]={
0xFF,0x39,0x00,0x01,0x02,0x03,0x04,0x05,
0x06,0x07,0x00,0xD8,0x30,0x30,0x30,0x30,};
static uchar usb_console_892[]={
0x30,0x30,0x30,0x30,0x30,0x30,0x30,0x30,
0x30,0x30,0x30,0x30,0x30,0x30,0x30,0x30,};
static uchar usb_console_893[]={
0x30,0x30,0x30,0x30,0x30,0x30,0x30,0x30,
0x30,0x30,0x30,0x30,0x30,0x30,0x30,0x30,};
static uchar usb_console_894[]={
0x30,0x30,0x30,0x30,0x30,0x30,0x30,0x30,
0x30,0x30,0x30,0x30,0x30,0x30,0x30,0x30,};
static uchar usb_console_895[]={
0x30,0x30,0x30,0x30,0x30,0x30,0x30,0x30,
0x30,0x30,0x30,0x30,0x00,0x2C,};
static uchar usb_console_896[]={
0xFF,0x39,0x00,0x01,0x02,0x03,0x04,0x05,
0x06,0x07,0x00,0xD9,0x30,0x30,0x30,0x30,};
static uchar usb_console_897[]={
0x30,0x30,0x30,0x30,0x30,0x30,0x30,0x30,
0x30,0x30,0x30,0x30,0x30,0x30,0x30,0x30,};
static uchar usb_console_898[]={
0x30,0x30,0x30,0x30,0x30,0x30,0x30,0x30,
0x30,0x30,0x30,0x30,0x30,0x30,0x30,0x30,};
static uchar usb_console_899[]={
0x30,0x30,0x30,0x30,0x30,0x30,0x30,0x30,
0x30,0x30,0x30,0x30,0x30,0x30,0x30,0x30,};
static uchar usb_console_900[]={
0x30,0x30,0x30,0x30,0x30,0x30,0x30,0x30,
0x30,0x30,0x30,0x30,0x00,0x2D,};
static uchar usb_console_901[]={
0xFF,0x39,0x00,0x01,0x02,0x03,0x04,0x05,
0x06,0x07,0x00,0xDA,0x30,0x30,0x30,0x30,};
static uchar usb_console_902[]={
0x30,0x30,0x30,0x30,0x30,0x30,0x30,0x30,
0x30,0x30,0x30,0x30,0x30,0x30,0x30,0x30,};
static uchar usb_console_903[]={
0x30,0x30,0x30,0x30,0x30,0x30,0x30,0x30,
0x30,0x30,0x30,0x30,0x30,0x30,0x30,0x30,};
static uchar usb_console_904[]={
0x30,0x30,0x30,0x30,0x30,0x30,0x30,0x30,
0x30,0x30,0x30,0x30,0x30,0x30,0x30,0x30,};
static uchar usb_console_905[]={
0x30,0x30,0x30,0x30,0x30,0x30,0x30,0x30,
0x30,0x30,0x30,0x30,0x00,0x2E,};
static uchar usb_console_906[]={
0xFF,0x39,0x00,0x01,0x02,0x03,0x04,0x05,
0x06,0x07,0x00,0xDB,0x30,0x30,0x30,0x30,};
static uchar usb_console_907[]={
0x30,0x30,0x30,0x30,0x30,0x30,0x30,0x30,
0x30,0x30,0x30,0x30,0x30,0x30,0x30,0x30,};
static uchar usb_console_908[]={
0x30,0x30,0x30,0x30,0x30,0x30,0x30,0x30,
0x30,0x30,0x30,0x30,0x30,0x30,0x30,0x30,};
static uchar usb_console_909[]={
0x30,0x30,0x30,0x30,0x30,0x30,0x30,0x30,
0x30,0x30,0x30,0x30,0x30,0x30,0x30,0x30,};
static uchar usb_console_910[]={
0x30,0x30,0x30,0x30,0x30,0x30,0x30,0x30,
0x30,0x30,0x30,0x30,0x00,0x2F,};
static uchar usb_console_911[]={
0xFF,0x39,0x00,0x01,0x02,0x03,0x04,0x05,
0x06,0x07,0x00,0xDC,0x30,0x30,0x30,0x30,};
static uchar usb_console_912[]={
0x30,0x30,0x30,0x30,0x30,0x30,0x30,0x30,
0x30,0x30,0x30,0x30,0x30,0x30,0x30,0x30,};
static uchar usb_console_913[]={
0x30,0x30,0x30,0x30,0x30,0x30,0x30,0x30,
0x30,0x30,0x30,0x30,0x30,0x30,0x30,0x30,};
static uchar usb_console_914[]={
0x30,0x30,0x30,0x30,0x30,0x30,0x30,0x30,
0x30,0x30,0x30,0x30,0x30,0x30,0x30,0x30,};
static uchar usb_console_915[]={
0x30,0x30,0x30,0x30,0x30,0x30,0x30,0x30,
0x30,0x30,0x30,0x30,0x00,0x30,};
static uchar usb_console_916[]={
0xFF,0x39,0x00,0x01,0x02,0x03,0x04,0x05,
0x06,0x07,0x00,0xDD,0x30,0x30,0x30,0x30,};
static uchar usb_console_917[]={
0x30,0x30,0x30,0x30,0x30,0x30,0x30,0x30,
0x30,0x30,0x30,0x30,0x30,0x30,0x30,0x30,};
static uchar usb_console_918[]={
0x30,0x30,0x30,0x30,0x30,0x30,0x30,0x30,
0x30,0x30,0x30,0x30,0x30,0x30,0x30,0x30,};
static uchar usb_console_919[]={
0x30,0x30,0x30,0x30,0x30,0x30,0x30,0x30,
0x30,0x30,0x30,0x30,0x30,0x30,0x30,0x30,};
static uchar usb_console_920[]={
0x30,0x30,0x30,0x30,0x30,0x30,0x30,0x30,
0x30,0x30,0x30,0x30,0x00,0x31,};
static uchar usb_console_921[]={
0xFF,0x39,0x00,0x01,0x02,0x03,0x04,0x05,
0x06,0x07,0x00,0xDE,0x30,0x30,0x30,0x30,};
static uchar usb_console_922[]={
0x30,0x30,0x30,0x30,0x30,0x30,0x30,0x30,
0x30,0x30,0x30,0x30,0x30,0x30,0x30,0x30,};
static uchar usb_console_923[]={
0x30,0x30,0x30,0x30,0x30,0x30,0x30,0x30,
0x30,0x30,0x30,0x30,0x30,0x30,0x30,0x30,};
static uchar usb_console_924[]={
0x30,0x30,0x30,0x30,0x30,0x30,0x30,0x30,
0x30,0x30,0x30,0x30,0x30,0x30,0x30,0x30,};
static uchar usb_console_925[]={
0x30,0x30,0x30,0x30,0x30,0x30,0x30,0x30,
0x30,0x30,0x30,0x30,0x00,0x32,};
static uchar usb_console_926[]={
0xFF,0x39,0x00,0x01,0x02,0x03,0x04,0x05,
0x06,0x07,0x00,0xDF,0x30,0x30,0x30,0x30,};
static uchar usb_console_927[]={
0x30,0x30,0x30,0x30,0x30,0x30,0x30,0x30,
0x30,0x30,0x30,0x30,0x30,0x30,0x30,0x30,};
static uchar usb_console_928[]={
0x30,0x30,0x30,0x30,0x30,0x30,0x30,0x30,
0x30,0x30,0x30,0x30,0x30,0x30,0x30,0x30,};
static uchar usb_console_929[]={
0x30,0x30,0x30,0x30,0x30,0x30,0x30,0x30,
0x30,0x30,0x30,0x30,0x30,0x30,0x30,0x30,};
static uchar usb_console_930[]={
0x30,0x30,0x30,0x30,0x30,0x30,0x30,0x30,
0x30,0x30,0x30,0x30,0x00,0x33,};
static uchar usb_console_931[]={
0xFF,0x39,0x00,0x01,0x02,0x03,0x04,0x05,
0x06,0x07,0x00,0xE0,0x30,0x30,0x30,0x30,};
static uchar usb_console_932[]={
0x30,0x30,0x30,0x30,0x30,0x30,0x30,0x30,
0x30,0x30,0x30,0x30,0x30,0x30,0x30,0x30,};
static uchar usb_console_933[]={
0x30,0x30,0x30,0x30,0x30,0x30,0x30,0x30,
0x30,0x30,0x30,0x30,0x30,0x30,0x30,0x30,};
static uchar usb_console_934[]={
0x30,0x30,0x30,0x30,0x30,0x30,0x30,0x30,
0x30,0x30,0x30,0x30,0x30,0x30,0x30,0x30,};
static uchar usb_console_935[]={
0x30,0x30,0x30,0x30,0x30,0x30,0x30,0x30,
0x30,0x30,0x30,0x30,0x00,0x34,};
static uchar usb_console_936[]={
0xFF,0x39,0x00,0x01,0x02,0x03,0x04,0x05,
0x06,0x07,0x00,0xE1,0x30,0x30,0x30,0x30,};
static uchar usb_console_937[]={
0x30,0x30,0x30,0x30,0x30,0x30,0x30,0x30,
0x30,0x30,0x30,0x30,0x30,0x30,0x30,0x30,};
static uchar usb_console_938[]={
0x30,0x30,0x30,0x30,0x30,0x30,0x30,0x30,
0x30,0x30,0x30,0x30,0x30,0x30,0x30,0x30,};
static uchar usb_console_939[]={
0x30,0x30,0x30,0x30,0x30,0x30,0x30,0x30,
0x30,0x30,0x30,0x30,0x30,0x30,0x30,0x30,};
static uchar usb_console_940[]={
0x30,0x30,0x30,0x30,0x30,0x30,0x30,0x30,
0x30,0x30,0x30,0x30,0x00,0x35,};
static uchar usb_console_941[]={
0xFF,0x39,0x00,0x01,0x02,0x03,0x04,0x05,
0x06,0x07,0x00,0xE2,0x30,0x30,0x30,0x30,};
static uchar usb_console_942[]={
0x30,0x30,0x30,0x30,0x30,0x30,0x30,0x30,
0x30,0x30,0x30,0x30,0x30,0x30,0x30,0x30,};
static uchar usb_console_943[]={
0x30,0x30,0x30,0x30,0x30,0x30,0x30,0x30,
0x30,0x30,0x30,0x30,0x30,0x30,0x30,0x30,};
static uchar usb_console_944[]={
0x30,0x30,0x30,0x30,0x30,0x30,0x30,0x30,
0x30,0x30,0x30,0x30,0x30,0x30,0x30,0x30,};
static uchar usb_console_945[]={
0x30,0x30,0x30,0x30,0x30,0x30,0x30,0x30,
0x30,0x30,0x30,0x30,0x00,0x36,};
static uchar usb_console_946[]={
0xFF,0x39,0x00,0x01,0x02,0x03,0x04,0x05,
0x06,0x07,0x00,0xE3,0x30,0x30,0x30,0x30,};
static uchar usb_console_947[]={
0x30,0x30,0x30,0x30,0x30,0x30,0x30,0x30,
0x30,0x30,0x30,0x30,0x30,0x30,0x30,0x30,};
static uchar usb_console_948[]={
0x30,0x30,0x30,0x30,0x30,0x30,0x30,0x30,
0x30,0x30,0x30,0x30,0x30,0x30,0x30,0x30,};
static uchar usb_console_949[]={
0x30,0x30,0x30,0x30,0x30,0x30,0x30,0x30,
0x30,0x30,0x30,0x30,0x30,0x30,0x30,0x30,};
static uchar usb_console_950[]={
0x30,0x30,0x30,0x30,0x30,0x30,0x30,0x30,
0x30,0x30,0x30,0x30,0x00,0x37,};
static uchar usb_console_951[]={
0xFF,0x39,0x00,0x01,0x02,0x03,0x04,0x05,
0x06,0x07,0x00,0xE4,0x30,0x30,0x30,0x30,};
static uchar usb_console_952[]={
0x30,0x30,0x30,0x30,0x30,0x30,0x30,0x30,
0x30,0x30,0x30,0x30,0x30,0x30,0x30,0x30,};
static uchar usb_console_953[]={
0x30,0x30,0x30,0x30,0x30,0x30,0x30,0x30,
0x30,0x30,0x30,0x30,0x30,0x30,0x30,0x30,};
static uchar usb_console_954[]={
0x30,0x30,0x30,0x30,0x30,0x30,0x30,0x30,
0x30,0x30,0x30,0x30,0x30,0x30,0x30,0x30,};
static uchar usb_console_955[]={
0x30,0x30,0x30,0x30,0x30,0x30,0x30,0x30,
0x30,0x30,0x30,0x30,0x00,0x38,};
static uchar usb_console_956[]={
0xFF,0x39,0x00,0x01,0x02,0x03,0x04,0x05,
0x06,0x07,0x00,0xE5,0x30,0x30,0x30,0x30,};
static uchar usb_console_957[]={
0x30,0x30,0x30,0x30,0x30,0x30,0x30,0x30,
0x30,0x30,0x30,0x30,0x30,0x30,0x30,0x30,};
static uchar usb_console_958[]={
0x30,0x30,0x30,0x30,0x30,0x30,0x30,0x30,
0x30,0x30,0x30,0x30,0x30,0x30,0x30,0x30,};
static uchar usb_console_959[]={
0x30,0x30,0x30,0x30,0x30,0x30,0x30,0x30,
0x30,0x30,0x30,0x30,0x30,0x30,0x30,0x30,};
static uchar usb_console_960[]={
0x30,0x30,0x30,0x30,0x30,0x30,0x30,0x30,
0x30,0x30,0x30,0x30,0x00,0x39,};
static uchar usb_console_961[]={
0xFF,0x39,0x00,0x01,0x02,0x03,0x04,0x05,
0x06,0x07,0x00,0xE6,0x30,0x30,0x30,0x30,};
static uchar usb_console_962[]={
0x30,0x30,0x30,0x30,0x30,0x30,0x30,0x30,
0x30,0x30,0x30,0x30,0x30,0x30,0x30,0x30,};
static uchar usb_console_963[]={
0x30,0x30,0x30,0x30,0x30,0x30,0x30,0x30,
0x30,0x30,0x30,0x30,0x30,0x30,0x30,0x30,};
static uchar usb_console_964[]={
0x30,0x30,0x30,0x30,0x30,0x30,0x30,0x30,
0x30,0x30,0x30,0x30,0x30,0x30,0x30,0x30,};
static uchar usb_console_965[]={
0x30,0x30,0x30,0x30,0x30,0x30,0x30,0x30,
0x30,0x30,0x30,0x30,0x00,0x3A,};
static uchar usb_console_966[]={
0xFF,0x39,0x00,0x01,0x02,0x03,0x04,0x05,
0x06,0x07,0x00,0xE7,0x30,0x30,0x30,0x30,};
static uchar usb_console_967[]={
0x30,0x30,0x30,0x30,0x30,0x30,0x30,0x30,
0x30,0x30,0x30,0x30,0x30,0x30,0x30,0x30,};
static uchar usb_console_968[]={
0x30,0x30,0x30,0x30,0x30,0x30,0x30,0x30,
0x30,0x30,0x30,0x30,0x30,0x30,0x30,0x30,};
static uchar usb_console_969[]={
0x30,0x30,0x30,0x30,0x30,0x30,0x30,0x30,
0x30,0x30,0x30,0x30,0x30,0x30,0x30,0x30,};
static uchar usb_console_970[]={
0x30,0x30,0x30,0x30,0x30,0x30,0x30,0x30,
0x30,0x30,0x30,0x30,0x00,0x3B,};
static uchar usb_console_971[]={
0xFF,0x39,0x00,0x01,0x02,0x03,0x04,0x05,
0x06,0x07,0x00,0xE8,0x30,0x30,0x30,0x30,};
static uchar usb_console_972[]={
0x30,0x30,0x30,0x30,0x30,0x30,0x30,0x30,
0x30,0x30,0x30,0x30,0x30,0x30,0x30,0x30,};
static uchar usb_console_973[]={
0x30,0x30,0x30,0x30,0x30,0x30,0x30,0x30,
0x30,0x30,0x30,0x30,0x30,0x30,0x30,0x30,};
static uchar usb_console_974[]={
0x30,0x30,0x30,0x30,0x30,0x30,0x30,0x30,
0x30,0x30,0x30,0x30,0x30,0x30,0x30,0x30,};
static uchar usb_console_975[]={
0x30,0x30,0x30,0x30,0x30,0x30,0x30,0x30,
0x30,0x30,0x30,0x30,0x00,0x3C,};
static uchar usb_console_976[]={
0xFF,0x39,0x00,0x01,0x02,0x03,0x04,0x05,
0x06,0x07,0x00,0xE9,0x30,0x30,0x30,0x30,};
static uchar usb_console_977[]={
0x30,0x30,0x30,0x30,0x30,0x30,0x30,0x30,
0x30,0x30,0x30,0x30,0x30,0x30,0x30,0x30,};
static uchar usb_console_978[]={
0x30,0x30,0x30,0x30,0x30,0x30,0x30,0x30,
0x30,0x30,0x30,0x30,0x30,0x30,0x30,0x30,};
static uchar usb_console_979[]={
0x30,0x30,0x30,0x30,0x30,0x30,0x30,0x30,
0x30,0x30,0x30,0x30,0x30,0x30,0x30,0x30,};
static uchar usb_console_980[]={
0x30,0x30,0x30,0x30,0x30,0x30,0x30,0x30,
0x30,0x30,0x30,0x30,0x00,0x3D,};
static uchar usb_console_981[]={
0xFF,0x39,0x00,0x01,0x02,0x03,0x04,0x05,
0x06,0x07,0x00,0xEA,0x30,0x30,0x30,0x30,};
static uchar usb_console_982[]={
0x30,0x30,0x30,0x30,0x30,0x30,0x30,0x30,
0x30,0x30,0x30,0x30,0x30,0x30,0x30,0x30,};
static uchar usb_console_983[]={
0x30,0x30,0x30,0x30,0x30,0x30,0x30,0x30,
0x30,0x30,0x30,0x30,0x30,0x30,0x30,0x30,};
static uchar usb_console_984[]={
0x30,0x30,0x30,0x30,0x30,0x30,0x30,0x30,
0x30,0x30,0x30,0x30,0x30,0x30,0x30,0x30,};
static uchar usb_console_985[]={
0x30,0x30,0x30,0x30,0x30,0x30,0x30,0x30,
0x30,0x30,0x30,0x30,0x00,0x3E,};
static uchar usb_console_986[]={
0xFF,0x39,0x00,0x01,0x02,0x03,0x04,0x05,
0x06,0x07,0x00,0xEB,0x30,0x30,0x30,0x30,};
static uchar usb_console_987[]={
0x30,0x30,0x30,0x30,0x30,0x30,0x30,0x30,
0x30,0x30,0x30,0x30,0x30,0x30,0x30,0x30,};
static uchar usb_console_988[]={
0x30,0x30,0x30,0x30,0x30,0x30,0x30,0x30,
0x30,0x30,0x30,0x30,0x30,0x30,0x30,0x30,};
static uchar usb_console_989[]={
0x30,0x30,0x30,0x30,0x30,0x30,0x30,0x30,
0x30,0x30,0x30,0x30,0x30,0x30,0x30,0x30,};
static uchar usb_console_990[]={
0x30,0x30,0x30,0x30,0x30,0x30,0x30,0x30,
0x30,0x30,0x30,0x30,0x00,0x3F,};
static uchar usb_console_991[]={
0xFF,0x39,0x00,0x01,0x02,0x03,0x04,0x05,
0x06,0x07,0x00,0xEC,0x30,0x30,0x30,0x30,};
static uchar usb_console_992[]={
0x30,0x30,0x30,0x30,0x30,0x30,0x30,0x30,
0x30,0x30,0x30,0x30,0x30,0x30,0x30,0x30,};
static uchar usb_console_993[]={
0x30,0x30,0x30,0x30,0x30,0x30,0x30,0x30,
0x30,0x30,0x30,0x30,0x30,0x30,0x30,0x30,};
static uchar usb_console_994[]={
0x30,0x30,0x30,0x30,0x30,0x30,0x30,0x30,
0x30,0x30,0x30,0x30,0x30,0x30,0x30,0x30,};
static uchar usb_console_995[]={
0x30,0x30,0x30,0x30,0x30,0x30,0x30,0x30,
0x30,0x30,0x30,0x30,0x00,0x40,};
static uchar usb_console_996[]={
0xFF,0x39,0x00,0x01,0x02,0x03,0x04,0x05,
0x06,0x07,0x00,0xED,0x30,0x30,0x30,0x30,};
static uchar usb_console_997[]={
0x30,0x30,0x30,0x30,0x30,0x30,0x30,0x30,
0x30,0x30,0x30,0x30,0x30,0x30,0x30,0x30,};
static uchar usb_console_998[]={
0x30,0x30,0x30,0x30,0x30,0x30,0x30,0x30,
0x30,0x30,0x30,0x30,0x30,0x30,0x30,0x30,};
static uchar usb_console_999[]={
0x30,0x30,0x30,0x30,0x30,0x30,0x30,0x30,
0x30,0x30,0x30,0x30,0x30,0x30,0x30,0x30,};
static uchar usb_console_1000[]={
0x30,0x30,0x30,0x30,0x30,0x30,0x30,0x30,
0x30,0x30,0x30,0x30,0x00,0x41,};
static uchar usb_console_1001[]={
0xFF,0x39,0x00,0x01,0x02,0x03,0x04,0x05,
0x06,0x07,0x00,0xEE,0x30,0x30,0x30,0x30,};
static uchar usb_console_1002[]={
0x30,0x30,0x30,0x30,0x30,0x30,0x30,0x30,
0x30,0x30,0x30,0x30,0x30,0x30,0x30,0x30,};
static uchar usb_console_1003[]={
0x30,0x30,0x30,0x30,0x30,0x30,0x30,0x30,
0x30,0x30,0x30,0x30,0x30,0x30,0x30,0x30,};
static uchar usb_console_1004[]={
0x30,0x30,0x30,0x30,0x30,0x30,0x30,0x30,
0x30,0x30,0x30,0x30,0x30,0x30,0x30,0x30,};
static uchar usb_console_1005[]={
0x30,0x30,0x30,0x30,0x30,0x30,0x30,0x30,
0x30,0x30,0x30,0x30,0x00,0x42,};
static uchar usb_console_1006[]={
0xFF,0x39,0x00,0x01,0x02,0x03,0x04,0x05,
0x06,0x07,0x00,0xEF,0x30,0x30,0x30,0x30,};
static uchar usb_console_1007[]={
0x30,0x30,0x30,0x30,0x30,0x30,0x30,0x30,
0x30,0x30,0x30,0x30,0x30,0x30,0x30,0x30,};
static uchar usb_console_1008[]={
0x30,0x30,0x30,0x30,0x30,0x30,0x30,0x30,
0x30,0x30,0x30,0x30,0x30,0x30,0x30,0x30,};
static uchar usb_console_1009[]={
0x30,0x30,0x30,0x30,0x30,0x30,0x30,0x30,
0x30,0x30,0x30,0x30,0x30,0x30,0x30,0x30,};
static uchar usb_console_1010[]={
0x30,0x30,0x30,0x30,0x30,0x30,0x30,0x30,
0x30,0x30,0x30,0x30,0x00,0x43,};
static uchar usb_console_1011[]={
0xFF,0x39,0x00,0x01,0x02,0x03,0x04,0x05,
0x06,0x07,0x00,0xF0,0x30,0x30,0x30,0x30,};
static uchar usb_console_1012[]={
0x30,0x7E,0x30,0x30,0x7E,0x30,0x30,0x30,
0x7E,0x30,0x30,0x30,0x30,0x30,0x30,0x30,};
static uchar usb_console_1013[]={
0x30,0x30,0x30,0x30,0x7E,0x30,0x30,0x30,
0x7E,0x30,0x30,0x30,0x7D,0x18,0xDE,0x7E,};
static uchar usb_console_1014[]={
0x7E,0x30,0x30,0x30,0x7D,0x17,0x08,0x7E,
0x7D,0x17,0x2E,0x7E,0x30,0x30,0x30,0x30,};
static uchar usb_console_1015[]={
0x30,0x30,0x30,0x30,0x30,0x30,0x30,0x30,
0x30,0x30,0x30,0x30,0xDF,0x02,};
static uchar usb_console_1016[]={
0xFF,0x39,0x00,0x01,0x02,0x03,0x04,0x05,
0x06,0x07,0x00,0xF1,0x7D,0x24,0xF7,0x7E,};
static uchar usb_console_1017[]={
0x7D,0x25,0x1F,0x7E,0x7D,0x0E,0xE5,0x7E,
0x7D,0x24,0xE7,0x7E,0x7D,0x24,0xEB,0x7E,};
static uchar usb_console_1018[]={
0x7D,0x24,0xEF,0x7E,0x7D,0x24,0xF3,0x7E,
0x7D,0x25,0x20,0x7E,0x7D,0x19,0x8B,0x7E,};
static uchar usb_console_1019[]={
0x7E,0x30,0x30,0x30,0x7F,0x30,0x30,0x30,
0x7F,0x30,0x30,0x30,0x7F,0x30,0x30,0x30,};
static uchar usb_console_1020[]={
0x7F,0x30,0x30,0x30,0x7F,0x30,0x30,0x30,
0x7D,0x1B,0x82,0x7F,0x44,0xCD,};
static uchar usb_console_1021[]={
0xFF,0x39,0x00,0x01,0x02,0x03,0x04,0x05,
0x06,0x07,0x00,0xF2,0x30,0x30,0x30,0x30,};
static uchar usb_console_1022[]={
0x30,0x30,0x30,0x30,0x30,0x30,0x30,0x30,
0x30,0x30,0x30,0x30,0x30,0x30,0x30,0x30,};
static uchar usb_console_1023[]={
0x30,0x30,0x30,0x30,0x30,0x30,0x30,0x30,
0x30,0x30,0x30,0x30,0x30,0x30,0x30,0x30,};
static uchar usb_console_1024[]={
0x30,0x30,0x30,0x30,0x30,0x30,0x30,0x30,
0x30,0x30,0x30,0x30,0x30,0x30,0x30,0x30,};
static uchar usb_console_1025[]={
0x30,0x30,0x30,0x30,0x30,0x30,0x30,0x30,
0x30,0x30,0x30,0x30,0x00,0x46,};
static uchar usb_console_1026[]={
0xFF,0x39,0x00,0x01,0x02,0x03,0x04,0x05,
0x06,0x07,0x00,0xF3,0x30,0x30,0x30,0x30,};
static uchar usb_console_1027[]={
0x30,0x30,0x30,0x30,0x30,0x30,0x30,0x30,
0x30,0x30,0x30,0x30,0x30,0x30,0x30,0x30,};
static uchar usb_console_1028[]={
0x30,0x30,0x30,0x30,0x30,0x30,0x30,0x30,
0x30,0x30,0x30,0x30,0x30,0x30,0x30,0x30,};
static uchar usb_console_1029[]={
0x30,0x30,0x30,0x30,0x30,0x30,0x30,0x30,
0x30,0x30,0x30,0x30,0x30,0x30,0x30,0x30,};
static uchar usb_console_1030[]={
0x30,0x30,0x30,0x30,0x30,0x30,0x30,0x30,
0x30,0x30,0x30,0x30,0x00,0x47,};
static uchar usb_console_1031[]={
0xFF,0x39,0x00,0x01,0x02,0x03,0x04,0x05,
0x06,0x07,0x00,0xF4,0x30,0x30,0x30,0x30,};
static uchar usb_console_1032[]={
0x30,0x30,0x30,0x30,0x30,0x30,0x30,0x30,
0x30,0x30,0x30,0x30,0x30,0x30,0x30,0x30,};
static uchar usb_console_1033[]={
0x30,0x30,0x30,0x30,0x30,0x30,0x30,0x30,
0x30,0x30,0x30,0x30,0x30,0x30,0x30,0x30,};
static uchar usb_console_1034[]={
0x30,0x30,0x30,0x30,0x30,0x30,0x30,0x30,
0x30,0x30,0x30,0x30,0x30,0x30,0x30,0x30,};
static uchar usb_console_1035[]={
0x30,0x30,0x30,0x30,0x30,0x30,0x30,0x30,
0x30,0x30,0x30,0x30,0x00,0x48,};
static uchar usb_console_1036[]={
0xFF,0x39,0x00,0x01,0x02,0x03,0x04,0x05,
0x06,0x07,0x00,0xF5,0x30,0x30,0x30,0x30,};
static uchar usb_console_1037[]={
0x30,0x30,0x30,0x30,0x30,0x30,0x30,0x30,
0x30,0x30,0x30,0x30,0x30,0x30,0x30,0x30,};
static uchar usb_console_1038[]={
0x30,0x30,0x30,0x30,0x30,0x30,0x30,0x30,
0x30,0x30,0x30,0x30,0x30,0x30,0x30,0x30,};
static uchar usb_console_1039[]={
0x30,0x30,0x30,0x30,0x30,0x30,0x30,0x30,
0x30,0x30,0x30,0x30,0x30,0x30,0x30,0x30,};
static uchar usb_console_1040[]={
0x30,0x30,0x30,0x30,0x30,0x30,0x30,0x30,
0x30,0x30,0x30,0x30,0x00,0x49,};
static uchar usb_console_1041[]={
0xFF,0x39,0x00,0x01,0x02,0x03,0x04,0x05,
0x06,0x07,0x00,0xF6,0x30,0x30,0x30,0x30,};
static uchar usb_console_1042[]={
0x30,0x30,0x30,0x30,0x30,0x30,0x30,0x30,
0x30,0x30,0x30,0x30,0x30,0x30,0x30,0x30,};
static uchar usb_console_1043[]={
0x30,0x30,0x30,0x30,0x30,0x30,0x30,0x30,
0x30,0x30,0x30,0x30,0x30,0x30,0x30,0x30,};
static uchar usb_console_1044[]={
0x30,0x30,0x30,0x30,0x30,0x30,0x30,0x30,
0x30,0x30,0x30,0x30,0x30,0x30,0x30,0x30,};
static uchar usb_console_1045[]={
0x30,0x30,0x30,0x30,0x30,0x30,0x30,0x30,
0x30,0x30,0x30,0x30,0x00,0x4A,};
static uchar usb_console_1046[]={
0xFF,0x39,0x00,0x01,0x02,0x03,0x04,0x05,
0x06,0x07,0x00,0xF7,0x30,0x30,0x30,0x30,};
static uchar usb_console_1047[]={
0x30,0x30,0x30,0x30,0x30,0x30,0x30,0x30,
0x30,0x30,0x30,0x30,0x30,0x30,0x30,0x30,};
static uchar usb_console_1048[]={
0x30,0x30,0x30,0x30,0x30,0x30,0x30,0x30,
0x30,0x30,0x30,0x30,0x30,0x30,0x30,0x30,};
static uchar usb_console_1049[]={
0x30,0x30,0x30,0x30,0x30,0x30,0x30,0x30,
0x30,0x30,0x30,0x30,0x30,0x30,0x30,0x30,};
static uchar usb_console_1050[]={
0x30,0x30,0x30,0x30,0x30,0x30,0x30,0x30,
0x30,0x30,0x30,0x30,0x00,0x4B,};
static uchar usb_console_1051[]={
0xFF,0x39,0x00,0x01,0x02,0x03,0x04,0x05,
0x06,0x07,0x00,0xF8,0x30,0x30,0x30,0x30,};
static uchar usb_console_1052[]={
0x30,0x30,0x30,0x30,0x30,0x30,0x30,0x30,
0x30,0x30,0x30,0x30,0x30,0x30,0x30,0x30,};
static uchar usb_console_1053[]={
0x30,0x30,0x30,0x30,0x30,0x30,0x30,0x30,
0x30,0x30,0x30,0x30,0x30,0x30,0x30,0x30,};
static uchar usb_console_1054[]={
0x30,0x30,0x30,0x30,0x30,0x30,0x30,0x30,
0x30,0x30,0x30,0x30,0x30,0x30,0x30,0x30,};
static uchar usb_console_1055[]={
0x30,0x30,0x30,0x30,0x30,0x30,0x30,0x30,
0x30,0x30,0x30,0x30,0x00,0x4C,};
static uchar usb_console_1056[]={
0xFF,0x39,0x00,0x01,0x02,0x03,0x04,0x05,
0x06,0x07,0x00,0xF9,0x30,0x30,0x30,0x30,};
static uchar usb_console_1057[]={
0x30,0x30,0x30,0x30,0x30,0x30,0x30,0x30,
0x30,0x30,0x30,0x30,0x30,0x30,0x30,0x30,};
static uchar usb_console_1058[]={
0x30,0x30,0x30,0x30,0x30,0x30,0x30,0x30,
0x30,0x30,0x30,0x30,0x30,0x30,0x30,0x30,};
static uchar usb_console_1059[]={
0x30,0x30,0x30,0x30,0x30,0x30,0x30,0x30,
0x30,0x30,0x30,0x30,0x30,0x30,0x30,0x30,};
static uchar usb_console_1060[]={
0x30,0x30,0x30,0x30,0x30,0x30,0x30,0x30,
0x30,0x30,0x30,0x30,0x00,0x4D,};
static uchar usb_console_1061[]={
0xFF,0x39,0x00,0x01,0x02,0x03,0x04,0x05,
0x06,0x07,0x00,0xFA,0x30,0x30,0x30,0x30,};
static uchar usb_console_1062[]={
0x30,0x30,0x30,0x30,0x30,0x30,0x30,0x30,
0x30,0x30,0x30,0x30,0x30,0x30,0x30,0x30,};
static uchar usb_console_1063[]={
0x30,0x30,0x30,0x30,0x30,0x30,0x30,0x30,
0x30,0x30,0x30,0x30,0x30,0x30,0x30,0x30,};
static uchar usb_console_1064[]={
0x30,0x30,0x30,0x30,0x30,0x30,0x30,0x30,
0x30,0x30,0x30,0x30,0x30,0x30,0x30,0x30,};
static uchar usb_console_1065[]={
0x30,0x30,0x30,0x30,0x30,0x30,0x30,0x30,
0x30,0x30,0x30,0x30,0x00,0x4E,};
static uchar usb_console_1066[]={
0xFF,0x39,0x00,0x01,0x02,0x03,0x04,0x05,
0x06,0x07,0x00,0xFB,0x30,0x30,0x30,0x30,};
static uchar usb_console_1067[]={
0x30,0x30,0x30,0x30,0x30,0x30,0x30,0x30,
0x30,0x30,0x30,0x30,0x30,0x30,0x30,0x30,};
static uchar usb_console_1068[]={
0x30,0x30,0x30,0x30,0x30,0x30,0x30,0x30,
0x30,0x30,0x30,0x30,0x30,0x30,0x30,0x30,};
static uchar usb_console_1069[]={
0x30,0x30,0x30,0x30,0x30,0x30,0x30,0x30,
0x30,0x30,0x30,0x30,0x30,0x30,0x30,0x30,};
static uchar usb_console_1070[]={
0x30,0x30,0x30,0x30,0x30,0x30,0x30,0x30,
0x30,0x30,0x30,0x30,0x00,0x4F,};
static uchar usb_console_1071[]={
0xFF,0x39,0x00,0x01,0x02,0x03,0x04,0x05,
0x06,0x07,0x00,0xFF,0x0D,0x4F,0x3C,0x00,};
static uchar usb_console_1072[]={
0x0A,0x00,0x3E,0xC0,0x00,0xD4,0x03,0xE8,
0x30,0x30,0x30,0x30,0x30,0x30,0x30,0x30,};
static uchar usb_console_1073[]={
0x30,0x30,0x30,0x30,0x30,0x30,0x30,0x30,
0x30,0x30,0x30,0x30,0x30,0x30,0x30,0x30,};
static uchar usb_console_1074[]={
0x30,0x30,0x30,0x30,0x30,0x30,0x30,0x30,
0x30,0x30,0x30,0x30,0x30,0x30,0x30,0x30,};
static uchar usb_console_1075[]={
0x30,0x30,0x30,0x30,0x30,0x30,0x30,0x30,
0x30,0x30,0x58,0xAD,0xC4,0xDB,};
static uchar usb_console_1076[]={
0xFF,0x3B,0x00,0x01,0x02,0x03,0x04,0x05,
0x06,0x07,};

static cy7c64215_cmd_t usb_console[] = {
    {sizeof(usb_console_0), &usb_console_0[0]},
    {sizeof(usb_console_1), &usb_console_1[0]},
    {sizeof(usb_console_2), &usb_console_2[0]},
    {sizeof(usb_console_3), &usb_console_3[0]},
    {sizeof(usb_console_4), &usb_console_4[0]},
    {sizeof(usb_console_5), &usb_console_5[0]},
    {sizeof(usb_console_6), &usb_console_6[0]},
    {sizeof(usb_console_7), &usb_console_7[0]},
    {sizeof(usb_console_8), &usb_console_8[0]},
    {sizeof(usb_console_9), &usb_console_9[0]},
    {sizeof(usb_console_10), &usb_console_10[0]},
    {sizeof(usb_console_11), &usb_console_11[0]},
    {sizeof(usb_console_12), &usb_console_12[0]},
    {sizeof(usb_console_13), &usb_console_13[0]},
    {sizeof(usb_console_14), &usb_console_14[0]},
    {sizeof(usb_console_15), &usb_console_15[0]},
    {sizeof(usb_console_16), &usb_console_16[0]},
    {sizeof(usb_console_17), &usb_console_17[0]},
    {sizeof(usb_console_18), &usb_console_18[0]},
    {sizeof(usb_console_19), &usb_console_19[0]},
    {sizeof(usb_console_20), &usb_console_20[0]},
    {sizeof(usb_console_21), &usb_console_21[0]},
    {sizeof(usb_console_22), &usb_console_22[0]},
    {sizeof(usb_console_23), &usb_console_23[0]},
    {sizeof(usb_console_24), &usb_console_24[0]},
    {sizeof(usb_console_25), &usb_console_25[0]},
    {sizeof(usb_console_26), &usb_console_26[0]},
    {sizeof(usb_console_27), &usb_console_27[0]},
    {sizeof(usb_console_28), &usb_console_28[0]},
    {sizeof(usb_console_29), &usb_console_29[0]},
    {sizeof(usb_console_30), &usb_console_30[0]},
    {sizeof(usb_console_31), &usb_console_31[0]},
    {sizeof(usb_console_32), &usb_console_32[0]},
    {sizeof(usb_console_33), &usb_console_33[0]},
    {sizeof(usb_console_34), &usb_console_34[0]},
    {sizeof(usb_console_35), &usb_console_35[0]},
    {sizeof(usb_console_36), &usb_console_36[0]},
    {sizeof(usb_console_37), &usb_console_37[0]},
    {sizeof(usb_console_38), &usb_console_38[0]},
    {sizeof(usb_console_39), &usb_console_39[0]},
    {sizeof(usb_console_40), &usb_console_40[0]},
    {sizeof(usb_console_41), &usb_console_41[0]},
    {sizeof(usb_console_42), &usb_console_42[0]},
    {sizeof(usb_console_43), &usb_console_43[0]},
    {sizeof(usb_console_44), &usb_console_44[0]},
    {sizeof(usb_console_45), &usb_console_45[0]},
    {sizeof(usb_console_46), &usb_console_46[0]},
    {sizeof(usb_console_47), &usb_console_47[0]},
    {sizeof(usb_console_48), &usb_console_48[0]},
    {sizeof(usb_console_49), &usb_console_49[0]},
    {sizeof(usb_console_50), &usb_console_50[0]},
    {sizeof(usb_console_51), &usb_console_51[0]},
    {sizeof(usb_console_52), &usb_console_52[0]},
    {sizeof(usb_console_53), &usb_console_53[0]},
    {sizeof(usb_console_54), &usb_console_54[0]},
    {sizeof(usb_console_55), &usb_console_55[0]},
    {sizeof(usb_console_56), &usb_console_56[0]},
    {sizeof(usb_console_57), &usb_console_57[0]},
    {sizeof(usb_console_58), &usb_console_58[0]},
    {sizeof(usb_console_59), &usb_console_59[0]},
    {sizeof(usb_console_60), &usb_console_60[0]},
    {sizeof(usb_console_61), &usb_console_61[0]},
    {sizeof(usb_console_62), &usb_console_62[0]},
    {sizeof(usb_console_63), &usb_console_63[0]},
    {sizeof(usb_console_64), &usb_console_64[0]},
    {sizeof(usb_console_65), &usb_console_65[0]},
    {sizeof(usb_console_66), &usb_console_66[0]},
    {sizeof(usb_console_67), &usb_console_67[0]},
    {sizeof(usb_console_68), &usb_console_68[0]},
    {sizeof(usb_console_69), &usb_console_69[0]},
    {sizeof(usb_console_70), &usb_console_70[0]},
    {sizeof(usb_console_71), &usb_console_71[0]},
    {sizeof(usb_console_72), &usb_console_72[0]},
    {sizeof(usb_console_73), &usb_console_73[0]},
    {sizeof(usb_console_74), &usb_console_74[0]},
    {sizeof(usb_console_75), &usb_console_75[0]},
    {sizeof(usb_console_76), &usb_console_76[0]},
    {sizeof(usb_console_77), &usb_console_77[0]},
    {sizeof(usb_console_78), &usb_console_78[0]},
    {sizeof(usb_console_79), &usb_console_79[0]},
    {sizeof(usb_console_80), &usb_console_80[0]},
    {sizeof(usb_console_81), &usb_console_81[0]},
    {sizeof(usb_console_82), &usb_console_82[0]},
    {sizeof(usb_console_83), &usb_console_83[0]},
    {sizeof(usb_console_84), &usb_console_84[0]},
    {sizeof(usb_console_85), &usb_console_85[0]},
    {sizeof(usb_console_86), &usb_console_86[0]},
    {sizeof(usb_console_87), &usb_console_87[0]},
    {sizeof(usb_console_88), &usb_console_88[0]},
    {sizeof(usb_console_89), &usb_console_89[0]},
    {sizeof(usb_console_90), &usb_console_90[0]},
    {sizeof(usb_console_91), &usb_console_91[0]},
    {sizeof(usb_console_92), &usb_console_92[0]},
    {sizeof(usb_console_93), &usb_console_93[0]},
    {sizeof(usb_console_94), &usb_console_94[0]},
    {sizeof(usb_console_95), &usb_console_95[0]},
    {sizeof(usb_console_96), &usb_console_96[0]},
    {sizeof(usb_console_97), &usb_console_97[0]},
    {sizeof(usb_console_98), &usb_console_98[0]},
    {sizeof(usb_console_99), &usb_console_99[0]},
    {sizeof(usb_console_100), &usb_console_100[0]},
    {sizeof(usb_console_101), &usb_console_101[0]},
    {sizeof(usb_console_102), &usb_console_102[0]},
    {sizeof(usb_console_103), &usb_console_103[0]},
    {sizeof(usb_console_104), &usb_console_104[0]},
    {sizeof(usb_console_105), &usb_console_105[0]},
    {sizeof(usb_console_106), &usb_console_106[0]},
    {sizeof(usb_console_107), &usb_console_107[0]},
    {sizeof(usb_console_108), &usb_console_108[0]},
    {sizeof(usb_console_109), &usb_console_109[0]},
    {sizeof(usb_console_110), &usb_console_110[0]},
    {sizeof(usb_console_111), &usb_console_111[0]},
    {sizeof(usb_console_112), &usb_console_112[0]},
    {sizeof(usb_console_113), &usb_console_113[0]},
    {sizeof(usb_console_114), &usb_console_114[0]},
    {sizeof(usb_console_115), &usb_console_115[0]},
    {sizeof(usb_console_116), &usb_console_116[0]},
    {sizeof(usb_console_117), &usb_console_117[0]},
    {sizeof(usb_console_118), &usb_console_118[0]},
    {sizeof(usb_console_119), &usb_console_119[0]},
    {sizeof(usb_console_120), &usb_console_120[0]},
    {sizeof(usb_console_121), &usb_console_121[0]},
    {sizeof(usb_console_122), &usb_console_122[0]},
    {sizeof(usb_console_123), &usb_console_123[0]},
    {sizeof(usb_console_124), &usb_console_124[0]},
    {sizeof(usb_console_125), &usb_console_125[0]},
    {sizeof(usb_console_126), &usb_console_126[0]},
    {sizeof(usb_console_127), &usb_console_127[0]},
    {sizeof(usb_console_128), &usb_console_128[0]},
    {sizeof(usb_console_129), &usb_console_129[0]},
    {sizeof(usb_console_130), &usb_console_130[0]},
    {sizeof(usb_console_131), &usb_console_131[0]},
    {sizeof(usb_console_132), &usb_console_132[0]},
    {sizeof(usb_console_133), &usb_console_133[0]},
    {sizeof(usb_console_134), &usb_console_134[0]},
    {sizeof(usb_console_135), &usb_console_135[0]},
    {sizeof(usb_console_136), &usb_console_136[0]},
    {sizeof(usb_console_137), &usb_console_137[0]},
    {sizeof(usb_console_138), &usb_console_138[0]},
    {sizeof(usb_console_139), &usb_console_139[0]},
    {sizeof(usb_console_140), &usb_console_140[0]},
    {sizeof(usb_console_141), &usb_console_141[0]},
    {sizeof(usb_console_142), &usb_console_142[0]},
    {sizeof(usb_console_143), &usb_console_143[0]},
    {sizeof(usb_console_144), &usb_console_144[0]},
    {sizeof(usb_console_145), &usb_console_145[0]},
    {sizeof(usb_console_146), &usb_console_146[0]},
    {sizeof(usb_console_147), &usb_console_147[0]},
    {sizeof(usb_console_148), &usb_console_148[0]},
    {sizeof(usb_console_149), &usb_console_149[0]},
    {sizeof(usb_console_150), &usb_console_150[0]},
    {sizeof(usb_console_151), &usb_console_151[0]},
    {sizeof(usb_console_152), &usb_console_152[0]},
    {sizeof(usb_console_153), &usb_console_153[0]},
    {sizeof(usb_console_154), &usb_console_154[0]},
    {sizeof(usb_console_155), &usb_console_155[0]},
    {sizeof(usb_console_156), &usb_console_156[0]},
    {sizeof(usb_console_157), &usb_console_157[0]},
    {sizeof(usb_console_158), &usb_console_158[0]},
    {sizeof(usb_console_159), &usb_console_159[0]},
    {sizeof(usb_console_160), &usb_console_160[0]},
    {sizeof(usb_console_161), &usb_console_161[0]},
    {sizeof(usb_console_162), &usb_console_162[0]},
    {sizeof(usb_console_163), &usb_console_163[0]},
    {sizeof(usb_console_164), &usb_console_164[0]},
    {sizeof(usb_console_165), &usb_console_165[0]},
    {sizeof(usb_console_166), &usb_console_166[0]},
    {sizeof(usb_console_167), &usb_console_167[0]},
    {sizeof(usb_console_168), &usb_console_168[0]},
    {sizeof(usb_console_169), &usb_console_169[0]},
    {sizeof(usb_console_170), &usb_console_170[0]},
    {sizeof(usb_console_171), &usb_console_171[0]},
    {sizeof(usb_console_172), &usb_console_172[0]},
    {sizeof(usb_console_173), &usb_console_173[0]},
    {sizeof(usb_console_174), &usb_console_174[0]},
    {sizeof(usb_console_175), &usb_console_175[0]},
    {sizeof(usb_console_176), &usb_console_176[0]},
    {sizeof(usb_console_177), &usb_console_177[0]},
    {sizeof(usb_console_178), &usb_console_178[0]},
    {sizeof(usb_console_179), &usb_console_179[0]},
    {sizeof(usb_console_180), &usb_console_180[0]},
    {sizeof(usb_console_181), &usb_console_181[0]},
    {sizeof(usb_console_182), &usb_console_182[0]},
    {sizeof(usb_console_183), &usb_console_183[0]},
    {sizeof(usb_console_184), &usb_console_184[0]},
    {sizeof(usb_console_185), &usb_console_185[0]},
    {sizeof(usb_console_186), &usb_console_186[0]},
    {sizeof(usb_console_187), &usb_console_187[0]},
    {sizeof(usb_console_188), &usb_console_188[0]},
    {sizeof(usb_console_189), &usb_console_189[0]},
    {sizeof(usb_console_190), &usb_console_190[0]},
    {sizeof(usb_console_191), &usb_console_191[0]},
    {sizeof(usb_console_192), &usb_console_192[0]},
    {sizeof(usb_console_193), &usb_console_193[0]},
    {sizeof(usb_console_194), &usb_console_194[0]},
    {sizeof(usb_console_195), &usb_console_195[0]},
    {sizeof(usb_console_196), &usb_console_196[0]},
    {sizeof(usb_console_197), &usb_console_197[0]},
    {sizeof(usb_console_198), &usb_console_198[0]},
    {sizeof(usb_console_199), &usb_console_199[0]},
    {sizeof(usb_console_200), &usb_console_200[0]},
    {sizeof(usb_console_201), &usb_console_201[0]},
    {sizeof(usb_console_202), &usb_console_202[0]},
    {sizeof(usb_console_203), &usb_console_203[0]},
    {sizeof(usb_console_204), &usb_console_204[0]},
    {sizeof(usb_console_205), &usb_console_205[0]},
    {sizeof(usb_console_206), &usb_console_206[0]},
    {sizeof(usb_console_207), &usb_console_207[0]},
    {sizeof(usb_console_208), &usb_console_208[0]},
    {sizeof(usb_console_209), &usb_console_209[0]},
    {sizeof(usb_console_210), &usb_console_210[0]},
    {sizeof(usb_console_211), &usb_console_211[0]},
    {sizeof(usb_console_212), &usb_console_212[0]},
    {sizeof(usb_console_213), &usb_console_213[0]},
    {sizeof(usb_console_214), &usb_console_214[0]},
    {sizeof(usb_console_215), &usb_console_215[0]},
    {sizeof(usb_console_216), &usb_console_216[0]},
    {sizeof(usb_console_217), &usb_console_217[0]},
    {sizeof(usb_console_218), &usb_console_218[0]},
    {sizeof(usb_console_219), &usb_console_219[0]},
    {sizeof(usb_console_220), &usb_console_220[0]},
    {sizeof(usb_console_221), &usb_console_221[0]},
    {sizeof(usb_console_222), &usb_console_222[0]},
    {sizeof(usb_console_223), &usb_console_223[0]},
    {sizeof(usb_console_224), &usb_console_224[0]},
    {sizeof(usb_console_225), &usb_console_225[0]},
    {sizeof(usb_console_226), &usb_console_226[0]},
    {sizeof(usb_console_227), &usb_console_227[0]},
    {sizeof(usb_console_228), &usb_console_228[0]},
    {sizeof(usb_console_229), &usb_console_229[0]},
    {sizeof(usb_console_230), &usb_console_230[0]},
    {sizeof(usb_console_231), &usb_console_231[0]},
    {sizeof(usb_console_232), &usb_console_232[0]},
    {sizeof(usb_console_233), &usb_console_233[0]},
    {sizeof(usb_console_234), &usb_console_234[0]},
    {sizeof(usb_console_235), &usb_console_235[0]},
    {sizeof(usb_console_236), &usb_console_236[0]},
    {sizeof(usb_console_237), &usb_console_237[0]},
    {sizeof(usb_console_238), &usb_console_238[0]},
    {sizeof(usb_console_239), &usb_console_239[0]},
    {sizeof(usb_console_240), &usb_console_240[0]},
    {sizeof(usb_console_241), &usb_console_241[0]},
    {sizeof(usb_console_242), &usb_console_242[0]},
    {sizeof(usb_console_243), &usb_console_243[0]},
    {sizeof(usb_console_244), &usb_console_244[0]},
    {sizeof(usb_console_245), &usb_console_245[0]},
    {sizeof(usb_console_246), &usb_console_246[0]},
    {sizeof(usb_console_247), &usb_console_247[0]},
    {sizeof(usb_console_248), &usb_console_248[0]},
    {sizeof(usb_console_249), &usb_console_249[0]},
    {sizeof(usb_console_250), &usb_console_250[0]},
    {sizeof(usb_console_251), &usb_console_251[0]},
    {sizeof(usb_console_252), &usb_console_252[0]},
    {sizeof(usb_console_253), &usb_console_253[0]},
    {sizeof(usb_console_254), &usb_console_254[0]},
    {sizeof(usb_console_255), &usb_console_255[0]},
    {sizeof(usb_console_256), &usb_console_256[0]},
    {sizeof(usb_console_257), &usb_console_257[0]},
    {sizeof(usb_console_258), &usb_console_258[0]},
    {sizeof(usb_console_259), &usb_console_259[0]},
    {sizeof(usb_console_260), &usb_console_260[0]},
    {sizeof(usb_console_261), &usb_console_261[0]},
    {sizeof(usb_console_262), &usb_console_262[0]},
    {sizeof(usb_console_263), &usb_console_263[0]},
    {sizeof(usb_console_264), &usb_console_264[0]},
    {sizeof(usb_console_265), &usb_console_265[0]},
    {sizeof(usb_console_266), &usb_console_266[0]},
    {sizeof(usb_console_267), &usb_console_267[0]},
    {sizeof(usb_console_268), &usb_console_268[0]},
    {sizeof(usb_console_269), &usb_console_269[0]},
    {sizeof(usb_console_270), &usb_console_270[0]},
    {sizeof(usb_console_271), &usb_console_271[0]},
    {sizeof(usb_console_272), &usb_console_272[0]},
    {sizeof(usb_console_273), &usb_console_273[0]},
    {sizeof(usb_console_274), &usb_console_274[0]},
    {sizeof(usb_console_275), &usb_console_275[0]},
    {sizeof(usb_console_276), &usb_console_276[0]},
    {sizeof(usb_console_277), &usb_console_277[0]},
    {sizeof(usb_console_278), &usb_console_278[0]},
    {sizeof(usb_console_279), &usb_console_279[0]},
    {sizeof(usb_console_280), &usb_console_280[0]},
    {sizeof(usb_console_281), &usb_console_281[0]},
    {sizeof(usb_console_282), &usb_console_282[0]},
    {sizeof(usb_console_283), &usb_console_283[0]},
    {sizeof(usb_console_284), &usb_console_284[0]},
    {sizeof(usb_console_285), &usb_console_285[0]},
    {sizeof(usb_console_286), &usb_console_286[0]},
    {sizeof(usb_console_287), &usb_console_287[0]},
    {sizeof(usb_console_288), &usb_console_288[0]},
    {sizeof(usb_console_289), &usb_console_289[0]},
    {sizeof(usb_console_290), &usb_console_290[0]},
    {sizeof(usb_console_291), &usb_console_291[0]},
    {sizeof(usb_console_292), &usb_console_292[0]},
    {sizeof(usb_console_293), &usb_console_293[0]},
    {sizeof(usb_console_294), &usb_console_294[0]},
    {sizeof(usb_console_295), &usb_console_295[0]},
    {sizeof(usb_console_296), &usb_console_296[0]},
    {sizeof(usb_console_297), &usb_console_297[0]},
    {sizeof(usb_console_298), &usb_console_298[0]},
    {sizeof(usb_console_299), &usb_console_299[0]},
    {sizeof(usb_console_300), &usb_console_300[0]},
    {sizeof(usb_console_301), &usb_console_301[0]},
    {sizeof(usb_console_302), &usb_console_302[0]},
    {sizeof(usb_console_303), &usb_console_303[0]},
    {sizeof(usb_console_304), &usb_console_304[0]},
    {sizeof(usb_console_305), &usb_console_305[0]},
    {sizeof(usb_console_306), &usb_console_306[0]},
    {sizeof(usb_console_307), &usb_console_307[0]},
    {sizeof(usb_console_308), &usb_console_308[0]},
    {sizeof(usb_console_309), &usb_console_309[0]},
    {sizeof(usb_console_310), &usb_console_310[0]},
    {sizeof(usb_console_311), &usb_console_311[0]},
    {sizeof(usb_console_312), &usb_console_312[0]},
    {sizeof(usb_console_313), &usb_console_313[0]},
    {sizeof(usb_console_314), &usb_console_314[0]},
    {sizeof(usb_console_315), &usb_console_315[0]},
    {sizeof(usb_console_316), &usb_console_316[0]},
    {sizeof(usb_console_317), &usb_console_317[0]},
    {sizeof(usb_console_318), &usb_console_318[0]},
    {sizeof(usb_console_319), &usb_console_319[0]},
    {sizeof(usb_console_320), &usb_console_320[0]},
    {sizeof(usb_console_321), &usb_console_321[0]},
    {sizeof(usb_console_322), &usb_console_322[0]},
    {sizeof(usb_console_323), &usb_console_323[0]},
    {sizeof(usb_console_324), &usb_console_324[0]},
    {sizeof(usb_console_325), &usb_console_325[0]},
    {sizeof(usb_console_326), &usb_console_326[0]},
    {sizeof(usb_console_327), &usb_console_327[0]},
    {sizeof(usb_console_328), &usb_console_328[0]},
    {sizeof(usb_console_329), &usb_console_329[0]},
    {sizeof(usb_console_330), &usb_console_330[0]},
    {sizeof(usb_console_331), &usb_console_331[0]},
    {sizeof(usb_console_332), &usb_console_332[0]},
    {sizeof(usb_console_333), &usb_console_333[0]},
    {sizeof(usb_console_334), &usb_console_334[0]},
    {sizeof(usb_console_335), &usb_console_335[0]},
    {sizeof(usb_console_336), &usb_console_336[0]},
    {sizeof(usb_console_337), &usb_console_337[0]},
    {sizeof(usb_console_338), &usb_console_338[0]},
    {sizeof(usb_console_339), &usb_console_339[0]},
    {sizeof(usb_console_340), &usb_console_340[0]},
    {sizeof(usb_console_341), &usb_console_341[0]},
    {sizeof(usb_console_342), &usb_console_342[0]},
    {sizeof(usb_console_343), &usb_console_343[0]},
    {sizeof(usb_console_344), &usb_console_344[0]},
    {sizeof(usb_console_345), &usb_console_345[0]},
    {sizeof(usb_console_346), &usb_console_346[0]},
    {sizeof(usb_console_347), &usb_console_347[0]},
    {sizeof(usb_console_348), &usb_console_348[0]},
    {sizeof(usb_console_349), &usb_console_349[0]},
    {sizeof(usb_console_350), &usb_console_350[0]},
    {sizeof(usb_console_351), &usb_console_351[0]},
    {sizeof(usb_console_352), &usb_console_352[0]},
    {sizeof(usb_console_353), &usb_console_353[0]},
    {sizeof(usb_console_354), &usb_console_354[0]},
    {sizeof(usb_console_355), &usb_console_355[0]},
    {sizeof(usb_console_356), &usb_console_356[0]},
    {sizeof(usb_console_357), &usb_console_357[0]},
    {sizeof(usb_console_358), &usb_console_358[0]},
    {sizeof(usb_console_359), &usb_console_359[0]},
    {sizeof(usb_console_360), &usb_console_360[0]},
    {sizeof(usb_console_361), &usb_console_361[0]},
    {sizeof(usb_console_362), &usb_console_362[0]},
    {sizeof(usb_console_363), &usb_console_363[0]},
    {sizeof(usb_console_364), &usb_console_364[0]},
    {sizeof(usb_console_365), &usb_console_365[0]},
    {sizeof(usb_console_366), &usb_console_366[0]},
    {sizeof(usb_console_367), &usb_console_367[0]},
    {sizeof(usb_console_368), &usb_console_368[0]},
    {sizeof(usb_console_369), &usb_console_369[0]},
    {sizeof(usb_console_370), &usb_console_370[0]},
    {sizeof(usb_console_371), &usb_console_371[0]},
    {sizeof(usb_console_372), &usb_console_372[0]},
    {sizeof(usb_console_373), &usb_console_373[0]},
    {sizeof(usb_console_374), &usb_console_374[0]},
    {sizeof(usb_console_375), &usb_console_375[0]},
    {sizeof(usb_console_376), &usb_console_376[0]},
    {sizeof(usb_console_377), &usb_console_377[0]},
    {sizeof(usb_console_378), &usb_console_378[0]},
    {sizeof(usb_console_379), &usb_console_379[0]},
    {sizeof(usb_console_380), &usb_console_380[0]},
    {sizeof(usb_console_381), &usb_console_381[0]},
    {sizeof(usb_console_382), &usb_console_382[0]},
    {sizeof(usb_console_383), &usb_console_383[0]},
    {sizeof(usb_console_384), &usb_console_384[0]},
    {sizeof(usb_console_385), &usb_console_385[0]},
    {sizeof(usb_console_386), &usb_console_386[0]},
    {sizeof(usb_console_387), &usb_console_387[0]},
    {sizeof(usb_console_388), &usb_console_388[0]},
    {sizeof(usb_console_389), &usb_console_389[0]},
    {sizeof(usb_console_390), &usb_console_390[0]},
    {sizeof(usb_console_391), &usb_console_391[0]},
    {sizeof(usb_console_392), &usb_console_392[0]},
    {sizeof(usb_console_393), &usb_console_393[0]},
    {sizeof(usb_console_394), &usb_console_394[0]},
    {sizeof(usb_console_395), &usb_console_395[0]},
    {sizeof(usb_console_396), &usb_console_396[0]},
    {sizeof(usb_console_397), &usb_console_397[0]},
    {sizeof(usb_console_398), &usb_console_398[0]},
    {sizeof(usb_console_399), &usb_console_399[0]},
    {sizeof(usb_console_400), &usb_console_400[0]},
    {sizeof(usb_console_401), &usb_console_401[0]},
    {sizeof(usb_console_402), &usb_console_402[0]},
    {sizeof(usb_console_403), &usb_console_403[0]},
    {sizeof(usb_console_404), &usb_console_404[0]},
    {sizeof(usb_console_405), &usb_console_405[0]},
    {sizeof(usb_console_406), &usb_console_406[0]},
    {sizeof(usb_console_407), &usb_console_407[0]},
    {sizeof(usb_console_408), &usb_console_408[0]},
    {sizeof(usb_console_409), &usb_console_409[0]},
    {sizeof(usb_console_410), &usb_console_410[0]},
    {sizeof(usb_console_411), &usb_console_411[0]},
    {sizeof(usb_console_412), &usb_console_412[0]},
    {sizeof(usb_console_413), &usb_console_413[0]},
    {sizeof(usb_console_414), &usb_console_414[0]},
    {sizeof(usb_console_415), &usb_console_415[0]},
    {sizeof(usb_console_416), &usb_console_416[0]},
    {sizeof(usb_console_417), &usb_console_417[0]},
    {sizeof(usb_console_418), &usb_console_418[0]},
    {sizeof(usb_console_419), &usb_console_419[0]},
    {sizeof(usb_console_420), &usb_console_420[0]},
    {sizeof(usb_console_421), &usb_console_421[0]},
    {sizeof(usb_console_422), &usb_console_422[0]},
    {sizeof(usb_console_423), &usb_console_423[0]},
    {sizeof(usb_console_424), &usb_console_424[0]},
    {sizeof(usb_console_425), &usb_console_425[0]},
    {sizeof(usb_console_426), &usb_console_426[0]},
    {sizeof(usb_console_427), &usb_console_427[0]},
    {sizeof(usb_console_428), &usb_console_428[0]},
    {sizeof(usb_console_429), &usb_console_429[0]},
    {sizeof(usb_console_430), &usb_console_430[0]},
    {sizeof(usb_console_431), &usb_console_431[0]},
    {sizeof(usb_console_432), &usb_console_432[0]},
    {sizeof(usb_console_433), &usb_console_433[0]},
    {sizeof(usb_console_434), &usb_console_434[0]},
    {sizeof(usb_console_435), &usb_console_435[0]},
    {sizeof(usb_console_436), &usb_console_436[0]},
    {sizeof(usb_console_437), &usb_console_437[0]},
    {sizeof(usb_console_438), &usb_console_438[0]},
    {sizeof(usb_console_439), &usb_console_439[0]},
    {sizeof(usb_console_440), &usb_console_440[0]},
    {sizeof(usb_console_441), &usb_console_441[0]},
    {sizeof(usb_console_442), &usb_console_442[0]},
    {sizeof(usb_console_443), &usb_console_443[0]},
    {sizeof(usb_console_444), &usb_console_444[0]},
    {sizeof(usb_console_445), &usb_console_445[0]},
    {sizeof(usb_console_446), &usb_console_446[0]},
    {sizeof(usb_console_447), &usb_console_447[0]},
    {sizeof(usb_console_448), &usb_console_448[0]},
    {sizeof(usb_console_449), &usb_console_449[0]},
    {sizeof(usb_console_450), &usb_console_450[0]},
    {sizeof(usb_console_451), &usb_console_451[0]},
    {sizeof(usb_console_452), &usb_console_452[0]},
    {sizeof(usb_console_453), &usb_console_453[0]},
    {sizeof(usb_console_454), &usb_console_454[0]},
    {sizeof(usb_console_455), &usb_console_455[0]},
    {sizeof(usb_console_456), &usb_console_456[0]},
    {sizeof(usb_console_457), &usb_console_457[0]},
    {sizeof(usb_console_458), &usb_console_458[0]},
    {sizeof(usb_console_459), &usb_console_459[0]},
    {sizeof(usb_console_460), &usb_console_460[0]},
    {sizeof(usb_console_461), &usb_console_461[0]},
    {sizeof(usb_console_462), &usb_console_462[0]},
    {sizeof(usb_console_463), &usb_console_463[0]},
    {sizeof(usb_console_464), &usb_console_464[0]},
    {sizeof(usb_console_465), &usb_console_465[0]},
    {sizeof(usb_console_466), &usb_console_466[0]},
    {sizeof(usb_console_467), &usb_console_467[0]},
    {sizeof(usb_console_468), &usb_console_468[0]},
    {sizeof(usb_console_469), &usb_console_469[0]},
    {sizeof(usb_console_470), &usb_console_470[0]},
    {sizeof(usb_console_471), &usb_console_471[0]},
    {sizeof(usb_console_472), &usb_console_472[0]},
    {sizeof(usb_console_473), &usb_console_473[0]},
    {sizeof(usb_console_474), &usb_console_474[0]},
    {sizeof(usb_console_475), &usb_console_475[0]},
    {sizeof(usb_console_476), &usb_console_476[0]},
    {sizeof(usb_console_477), &usb_console_477[0]},
    {sizeof(usb_console_478), &usb_console_478[0]},
    {sizeof(usb_console_479), &usb_console_479[0]},
    {sizeof(usb_console_480), &usb_console_480[0]},
    {sizeof(usb_console_481), &usb_console_481[0]},
    {sizeof(usb_console_482), &usb_console_482[0]},
    {sizeof(usb_console_483), &usb_console_483[0]},
    {sizeof(usb_console_484), &usb_console_484[0]},
    {sizeof(usb_console_485), &usb_console_485[0]},
    {sizeof(usb_console_486), &usb_console_486[0]},
    {sizeof(usb_console_487), &usb_console_487[0]},
    {sizeof(usb_console_488), &usb_console_488[0]},
    {sizeof(usb_console_489), &usb_console_489[0]},
    {sizeof(usb_console_490), &usb_console_490[0]},
    {sizeof(usb_console_491), &usb_console_491[0]},
    {sizeof(usb_console_492), &usb_console_492[0]},
    {sizeof(usb_console_493), &usb_console_493[0]},
    {sizeof(usb_console_494), &usb_console_494[0]},
    {sizeof(usb_console_495), &usb_console_495[0]},
    {sizeof(usb_console_496), &usb_console_496[0]},
    {sizeof(usb_console_497), &usb_console_497[0]},
    {sizeof(usb_console_498), &usb_console_498[0]},
    {sizeof(usb_console_499), &usb_console_499[0]},
    {sizeof(usb_console_500), &usb_console_500[0]},
    {sizeof(usb_console_501), &usb_console_501[0]},
    {sizeof(usb_console_502), &usb_console_502[0]},
    {sizeof(usb_console_503), &usb_console_503[0]},
    {sizeof(usb_console_504), &usb_console_504[0]},
    {sizeof(usb_console_505), &usb_console_505[0]},
    {sizeof(usb_console_506), &usb_console_506[0]},
    {sizeof(usb_console_507), &usb_console_507[0]},
    {sizeof(usb_console_508), &usb_console_508[0]},
    {sizeof(usb_console_509), &usb_console_509[0]},
    {sizeof(usb_console_510), &usb_console_510[0]},
    {sizeof(usb_console_511), &usb_console_511[0]},
    {sizeof(usb_console_512), &usb_console_512[0]},
    {sizeof(usb_console_513), &usb_console_513[0]},
    {sizeof(usb_console_514), &usb_console_514[0]},
    {sizeof(usb_console_515), &usb_console_515[0]},
    {sizeof(usb_console_516), &usb_console_516[0]},
    {sizeof(usb_console_517), &usb_console_517[0]},
    {sizeof(usb_console_518), &usb_console_518[0]},
    {sizeof(usb_console_519), &usb_console_519[0]},
    {sizeof(usb_console_520), &usb_console_520[0]},
    {sizeof(usb_console_521), &usb_console_521[0]},
    {sizeof(usb_console_522), &usb_console_522[0]},
    {sizeof(usb_console_523), &usb_console_523[0]},
    {sizeof(usb_console_524), &usb_console_524[0]},
    {sizeof(usb_console_525), &usb_console_525[0]},
    {sizeof(usb_console_526), &usb_console_526[0]},
    {sizeof(usb_console_527), &usb_console_527[0]},
    {sizeof(usb_console_528), &usb_console_528[0]},
    {sizeof(usb_console_529), &usb_console_529[0]},
    {sizeof(usb_console_530), &usb_console_530[0]},
    {sizeof(usb_console_531), &usb_console_531[0]},
    {sizeof(usb_console_532), &usb_console_532[0]},
    {sizeof(usb_console_533), &usb_console_533[0]},
    {sizeof(usb_console_534), &usb_console_534[0]},
    {sizeof(usb_console_535), &usb_console_535[0]},
    {sizeof(usb_console_536), &usb_console_536[0]},
    {sizeof(usb_console_537), &usb_console_537[0]},
    {sizeof(usb_console_538), &usb_console_538[0]},
    {sizeof(usb_console_539), &usb_console_539[0]},
    {sizeof(usb_console_540), &usb_console_540[0]},
    {sizeof(usb_console_541), &usb_console_541[0]},
    {sizeof(usb_console_542), &usb_console_542[0]},
    {sizeof(usb_console_543), &usb_console_543[0]},
    {sizeof(usb_console_544), &usb_console_544[0]},
    {sizeof(usb_console_545), &usb_console_545[0]},
    {sizeof(usb_console_546), &usb_console_546[0]},
    {sizeof(usb_console_547), &usb_console_547[0]},
    {sizeof(usb_console_548), &usb_console_548[0]},
    {sizeof(usb_console_549), &usb_console_549[0]},
    {sizeof(usb_console_550), &usb_console_550[0]},
    {sizeof(usb_console_551), &usb_console_551[0]},
    {sizeof(usb_console_552), &usb_console_552[0]},
    {sizeof(usb_console_553), &usb_console_553[0]},
    {sizeof(usb_console_554), &usb_console_554[0]},
    {sizeof(usb_console_555), &usb_console_555[0]},
    {sizeof(usb_console_556), &usb_console_556[0]},
    {sizeof(usb_console_557), &usb_console_557[0]},
    {sizeof(usb_console_558), &usb_console_558[0]},
    {sizeof(usb_console_559), &usb_console_559[0]},
    {sizeof(usb_console_560), &usb_console_560[0]},
    {sizeof(usb_console_561), &usb_console_561[0]},
    {sizeof(usb_console_562), &usb_console_562[0]},
    {sizeof(usb_console_563), &usb_console_563[0]},
    {sizeof(usb_console_564), &usb_console_564[0]},
    {sizeof(usb_console_565), &usb_console_565[0]},
    {sizeof(usb_console_566), &usb_console_566[0]},
    {sizeof(usb_console_567), &usb_console_567[0]},
    {sizeof(usb_console_568), &usb_console_568[0]},
    {sizeof(usb_console_569), &usb_console_569[0]},
    {sizeof(usb_console_570), &usb_console_570[0]},
    {sizeof(usb_console_571), &usb_console_571[0]},
    {sizeof(usb_console_572), &usb_console_572[0]},
    {sizeof(usb_console_573), &usb_console_573[0]},
    {sizeof(usb_console_574), &usb_console_574[0]},
    {sizeof(usb_console_575), &usb_console_575[0]},
    {sizeof(usb_console_576), &usb_console_576[0]},
    {sizeof(usb_console_577), &usb_console_577[0]},
    {sizeof(usb_console_578), &usb_console_578[0]},
    {sizeof(usb_console_579), &usb_console_579[0]},
    {sizeof(usb_console_580), &usb_console_580[0]},
    {sizeof(usb_console_581), &usb_console_581[0]},
    {sizeof(usb_console_582), &usb_console_582[0]},
    {sizeof(usb_console_583), &usb_console_583[0]},
    {sizeof(usb_console_584), &usb_console_584[0]},
    {sizeof(usb_console_585), &usb_console_585[0]},
    {sizeof(usb_console_586), &usb_console_586[0]},
    {sizeof(usb_console_587), &usb_console_587[0]},
    {sizeof(usb_console_588), &usb_console_588[0]},
    {sizeof(usb_console_589), &usb_console_589[0]},
    {sizeof(usb_console_590), &usb_console_590[0]},
    {sizeof(usb_console_591), &usb_console_591[0]},
    {sizeof(usb_console_592), &usb_console_592[0]},
    {sizeof(usb_console_593), &usb_console_593[0]},
    {sizeof(usb_console_594), &usb_console_594[0]},
    {sizeof(usb_console_595), &usb_console_595[0]},
    {sizeof(usb_console_596), &usb_console_596[0]},
    {sizeof(usb_console_597), &usb_console_597[0]},
    {sizeof(usb_console_598), &usb_console_598[0]},
    {sizeof(usb_console_599), &usb_console_599[0]},
    {sizeof(usb_console_600), &usb_console_600[0]},
    {sizeof(usb_console_601), &usb_console_601[0]},
    {sizeof(usb_console_602), &usb_console_602[0]},
    {sizeof(usb_console_603), &usb_console_603[0]},
    {sizeof(usb_console_604), &usb_console_604[0]},
    {sizeof(usb_console_605), &usb_console_605[0]},
    {sizeof(usb_console_606), &usb_console_606[0]},
    {sizeof(usb_console_607), &usb_console_607[0]},
    {sizeof(usb_console_608), &usb_console_608[0]},
    {sizeof(usb_console_609), &usb_console_609[0]},
    {sizeof(usb_console_610), &usb_console_610[0]},
    {sizeof(usb_console_611), &usb_console_611[0]},
    {sizeof(usb_console_612), &usb_console_612[0]},
    {sizeof(usb_console_613), &usb_console_613[0]},
    {sizeof(usb_console_614), &usb_console_614[0]},
    {sizeof(usb_console_615), &usb_console_615[0]},
    {sizeof(usb_console_616), &usb_console_616[0]},
    {sizeof(usb_console_617), &usb_console_617[0]},
    {sizeof(usb_console_618), &usb_console_618[0]},
    {sizeof(usb_console_619), &usb_console_619[0]},
    {sizeof(usb_console_620), &usb_console_620[0]},
    {sizeof(usb_console_621), &usb_console_621[0]},
    {sizeof(usb_console_622), &usb_console_622[0]},
    {sizeof(usb_console_623), &usb_console_623[0]},
    {sizeof(usb_console_624), &usb_console_624[0]},
    {sizeof(usb_console_625), &usb_console_625[0]},
    {sizeof(usb_console_626), &usb_console_626[0]},
    {sizeof(usb_console_627), &usb_console_627[0]},
    {sizeof(usb_console_628), &usb_console_628[0]},
    {sizeof(usb_console_629), &usb_console_629[0]},
    {sizeof(usb_console_630), &usb_console_630[0]},
    {sizeof(usb_console_631), &usb_console_631[0]},
    {sizeof(usb_console_632), &usb_console_632[0]},
    {sizeof(usb_console_633), &usb_console_633[0]},
    {sizeof(usb_console_634), &usb_console_634[0]},
    {sizeof(usb_console_635), &usb_console_635[0]},
    {sizeof(usb_console_636), &usb_console_636[0]},
    {sizeof(usb_console_637), &usb_console_637[0]},
    {sizeof(usb_console_638), &usb_console_638[0]},
    {sizeof(usb_console_639), &usb_console_639[0]},
    {sizeof(usb_console_640), &usb_console_640[0]},
    {sizeof(usb_console_641), &usb_console_641[0]},
    {sizeof(usb_console_642), &usb_console_642[0]},
    {sizeof(usb_console_643), &usb_console_643[0]},
    {sizeof(usb_console_644), &usb_console_644[0]},
    {sizeof(usb_console_645), &usb_console_645[0]},
    {sizeof(usb_console_646), &usb_console_646[0]},
    {sizeof(usb_console_647), &usb_console_647[0]},
    {sizeof(usb_console_648), &usb_console_648[0]},
    {sizeof(usb_console_649), &usb_console_649[0]},
    {sizeof(usb_console_650), &usb_console_650[0]},
    {sizeof(usb_console_651), &usb_console_651[0]},
    {sizeof(usb_console_652), &usb_console_652[0]},
    {sizeof(usb_console_653), &usb_console_653[0]},
    {sizeof(usb_console_654), &usb_console_654[0]},
    {sizeof(usb_console_655), &usb_console_655[0]},
    {sizeof(usb_console_656), &usb_console_656[0]},
    {sizeof(usb_console_657), &usb_console_657[0]},
    {sizeof(usb_console_658), &usb_console_658[0]},
    {sizeof(usb_console_659), &usb_console_659[0]},
    {sizeof(usb_console_660), &usb_console_660[0]},
    {sizeof(usb_console_661), &usb_console_661[0]},
    {sizeof(usb_console_662), &usb_console_662[0]},
    {sizeof(usb_console_663), &usb_console_663[0]},
    {sizeof(usb_console_664), &usb_console_664[0]},
    {sizeof(usb_console_665), &usb_console_665[0]},
    {sizeof(usb_console_666), &usb_console_666[0]},
    {sizeof(usb_console_667), &usb_console_667[0]},
    {sizeof(usb_console_668), &usb_console_668[0]},
    {sizeof(usb_console_669), &usb_console_669[0]},
    {sizeof(usb_console_670), &usb_console_670[0]},
    {sizeof(usb_console_671), &usb_console_671[0]},
    {sizeof(usb_console_672), &usb_console_672[0]},
    {sizeof(usb_console_673), &usb_console_673[0]},
    {sizeof(usb_console_674), &usb_console_674[0]},
    {sizeof(usb_console_675), &usb_console_675[0]},
    {sizeof(usb_console_676), &usb_console_676[0]},
    {sizeof(usb_console_677), &usb_console_677[0]},
    {sizeof(usb_console_678), &usb_console_678[0]},
    {sizeof(usb_console_679), &usb_console_679[0]},
    {sizeof(usb_console_680), &usb_console_680[0]},
    {sizeof(usb_console_681), &usb_console_681[0]},
    {sizeof(usb_console_682), &usb_console_682[0]},
    {sizeof(usb_console_683), &usb_console_683[0]},
    {sizeof(usb_console_684), &usb_console_684[0]},
    {sizeof(usb_console_685), &usb_console_685[0]},
    {sizeof(usb_console_686), &usb_console_686[0]},
    {sizeof(usb_console_687), &usb_console_687[0]},
    {sizeof(usb_console_688), &usb_console_688[0]},
    {sizeof(usb_console_689), &usb_console_689[0]},
    {sizeof(usb_console_690), &usb_console_690[0]},
    {sizeof(usb_console_691), &usb_console_691[0]},
    {sizeof(usb_console_692), &usb_console_692[0]},
    {sizeof(usb_console_693), &usb_console_693[0]},
    {sizeof(usb_console_694), &usb_console_694[0]},
    {sizeof(usb_console_695), &usb_console_695[0]},
    {sizeof(usb_console_696), &usb_console_696[0]},
    {sizeof(usb_console_697), &usb_console_697[0]},
    {sizeof(usb_console_698), &usb_console_698[0]},
    {sizeof(usb_console_699), &usb_console_699[0]},
    {sizeof(usb_console_700), &usb_console_700[0]},
    {sizeof(usb_console_701), &usb_console_701[0]},
    {sizeof(usb_console_702), &usb_console_702[0]},
    {sizeof(usb_console_703), &usb_console_703[0]},
    {sizeof(usb_console_704), &usb_console_704[0]},
    {sizeof(usb_console_705), &usb_console_705[0]},
    {sizeof(usb_console_706), &usb_console_706[0]},
    {sizeof(usb_console_707), &usb_console_707[0]},
    {sizeof(usb_console_708), &usb_console_708[0]},
    {sizeof(usb_console_709), &usb_console_709[0]},
    {sizeof(usb_console_710), &usb_console_710[0]},
    {sizeof(usb_console_711), &usb_console_711[0]},
    {sizeof(usb_console_712), &usb_console_712[0]},
    {sizeof(usb_console_713), &usb_console_713[0]},
    {sizeof(usb_console_714), &usb_console_714[0]},
    {sizeof(usb_console_715), &usb_console_715[0]},
    {sizeof(usb_console_716), &usb_console_716[0]},
    {sizeof(usb_console_717), &usb_console_717[0]},
    {sizeof(usb_console_718), &usb_console_718[0]},
    {sizeof(usb_console_719), &usb_console_719[0]},
    {sizeof(usb_console_720), &usb_console_720[0]},
    {sizeof(usb_console_721), &usb_console_721[0]},
    {sizeof(usb_console_722), &usb_console_722[0]},
    {sizeof(usb_console_723), &usb_console_723[0]},
    {sizeof(usb_console_724), &usb_console_724[0]},
    {sizeof(usb_console_725), &usb_console_725[0]},
    {sizeof(usb_console_726), &usb_console_726[0]},
    {sizeof(usb_console_727), &usb_console_727[0]},
    {sizeof(usb_console_728), &usb_console_728[0]},
    {sizeof(usb_console_729), &usb_console_729[0]},
    {sizeof(usb_console_730), &usb_console_730[0]},
    {sizeof(usb_console_731), &usb_console_731[0]},
    {sizeof(usb_console_732), &usb_console_732[0]},
    {sizeof(usb_console_733), &usb_console_733[0]},
    {sizeof(usb_console_734), &usb_console_734[0]},
    {sizeof(usb_console_735), &usb_console_735[0]},
    {sizeof(usb_console_736), &usb_console_736[0]},
    {sizeof(usb_console_737), &usb_console_737[0]},
    {sizeof(usb_console_738), &usb_console_738[0]},
    {sizeof(usb_console_739), &usb_console_739[0]},
    {sizeof(usb_console_740), &usb_console_740[0]},
    {sizeof(usb_console_741), &usb_console_741[0]},
    {sizeof(usb_console_742), &usb_console_742[0]},
    {sizeof(usb_console_743), &usb_console_743[0]},
    {sizeof(usb_console_744), &usb_console_744[0]},
    {sizeof(usb_console_745), &usb_console_745[0]},
    {sizeof(usb_console_746), &usb_console_746[0]},
    {sizeof(usb_console_747), &usb_console_747[0]},
    {sizeof(usb_console_748), &usb_console_748[0]},
    {sizeof(usb_console_749), &usb_console_749[0]},
    {sizeof(usb_console_750), &usb_console_750[0]},
    {sizeof(usb_console_751), &usb_console_751[0]},
    {sizeof(usb_console_752), &usb_console_752[0]},
    {sizeof(usb_console_753), &usb_console_753[0]},
    {sizeof(usb_console_754), &usb_console_754[0]},
    {sizeof(usb_console_755), &usb_console_755[0]},
    {sizeof(usb_console_756), &usb_console_756[0]},
    {sizeof(usb_console_757), &usb_console_757[0]},
    {sizeof(usb_console_758), &usb_console_758[0]},
    {sizeof(usb_console_759), &usb_console_759[0]},
    {sizeof(usb_console_760), &usb_console_760[0]},
    {sizeof(usb_console_761), &usb_console_761[0]},
    {sizeof(usb_console_762), &usb_console_762[0]},
    {sizeof(usb_console_763), &usb_console_763[0]},
    {sizeof(usb_console_764), &usb_console_764[0]},
    {sizeof(usb_console_765), &usb_console_765[0]},
    {sizeof(usb_console_766), &usb_console_766[0]},
    {sizeof(usb_console_767), &usb_console_767[0]},
    {sizeof(usb_console_768), &usb_console_768[0]},
    {sizeof(usb_console_769), &usb_console_769[0]},
    {sizeof(usb_console_770), &usb_console_770[0]},
    {sizeof(usb_console_771), &usb_console_771[0]},
    {sizeof(usb_console_772), &usb_console_772[0]},
    {sizeof(usb_console_773), &usb_console_773[0]},
    {sizeof(usb_console_774), &usb_console_774[0]},
    {sizeof(usb_console_775), &usb_console_775[0]},
    {sizeof(usb_console_776), &usb_console_776[0]},
    {sizeof(usb_console_777), &usb_console_777[0]},
    {sizeof(usb_console_778), &usb_console_778[0]},
    {sizeof(usb_console_779), &usb_console_779[0]},
    {sizeof(usb_console_780), &usb_console_780[0]},
    {sizeof(usb_console_781), &usb_console_781[0]},
    {sizeof(usb_console_782), &usb_console_782[0]},
    {sizeof(usb_console_783), &usb_console_783[0]},
    {sizeof(usb_console_784), &usb_console_784[0]},
    {sizeof(usb_console_785), &usb_console_785[0]},
    {sizeof(usb_console_786), &usb_console_786[0]},
    {sizeof(usb_console_787), &usb_console_787[0]},
    {sizeof(usb_console_788), &usb_console_788[0]},
    {sizeof(usb_console_789), &usb_console_789[0]},
    {sizeof(usb_console_790), &usb_console_790[0]},
    {sizeof(usb_console_791), &usb_console_791[0]},
    {sizeof(usb_console_792), &usb_console_792[0]},
    {sizeof(usb_console_793), &usb_console_793[0]},
    {sizeof(usb_console_794), &usb_console_794[0]},
    {sizeof(usb_console_795), &usb_console_795[0]},
    {sizeof(usb_console_796), &usb_console_796[0]},
    {sizeof(usb_console_797), &usb_console_797[0]},
    {sizeof(usb_console_798), &usb_console_798[0]},
    {sizeof(usb_console_799), &usb_console_799[0]},
    {sizeof(usb_console_800), &usb_console_800[0]},
    {sizeof(usb_console_801), &usb_console_801[0]},
    {sizeof(usb_console_802), &usb_console_802[0]},
    {sizeof(usb_console_803), &usb_console_803[0]},
    {sizeof(usb_console_804), &usb_console_804[0]},
    {sizeof(usb_console_805), &usb_console_805[0]},
    {sizeof(usb_console_806), &usb_console_806[0]},
    {sizeof(usb_console_807), &usb_console_807[0]},
    {sizeof(usb_console_808), &usb_console_808[0]},
    {sizeof(usb_console_809), &usb_console_809[0]},
    {sizeof(usb_console_810), &usb_console_810[0]},
    {sizeof(usb_console_811), &usb_console_811[0]},
    {sizeof(usb_console_812), &usb_console_812[0]},
    {sizeof(usb_console_813), &usb_console_813[0]},
    {sizeof(usb_console_814), &usb_console_814[0]},
    {sizeof(usb_console_815), &usb_console_815[0]},
    {sizeof(usb_console_816), &usb_console_816[0]},
    {sizeof(usb_console_817), &usb_console_817[0]},
    {sizeof(usb_console_818), &usb_console_818[0]},
    {sizeof(usb_console_819), &usb_console_819[0]},
    {sizeof(usb_console_820), &usb_console_820[0]},
    {sizeof(usb_console_821), &usb_console_821[0]},
    {sizeof(usb_console_822), &usb_console_822[0]},
    {sizeof(usb_console_823), &usb_console_823[0]},
    {sizeof(usb_console_824), &usb_console_824[0]},
    {sizeof(usb_console_825), &usb_console_825[0]},
    {sizeof(usb_console_826), &usb_console_826[0]},
    {sizeof(usb_console_827), &usb_console_827[0]},
    {sizeof(usb_console_828), &usb_console_828[0]},
    {sizeof(usb_console_829), &usb_console_829[0]},
    {sizeof(usb_console_830), &usb_console_830[0]},
    {sizeof(usb_console_831), &usb_console_831[0]},
    {sizeof(usb_console_832), &usb_console_832[0]},
    {sizeof(usb_console_833), &usb_console_833[0]},
    {sizeof(usb_console_834), &usb_console_834[0]},
    {sizeof(usb_console_835), &usb_console_835[0]},
    {sizeof(usb_console_836), &usb_console_836[0]},
    {sizeof(usb_console_837), &usb_console_837[0]},
    {sizeof(usb_console_838), &usb_console_838[0]},
    {sizeof(usb_console_839), &usb_console_839[0]},
    {sizeof(usb_console_840), &usb_console_840[0]},
    {sizeof(usb_console_841), &usb_console_841[0]},
    {sizeof(usb_console_842), &usb_console_842[0]},
    {sizeof(usb_console_843), &usb_console_843[0]},
    {sizeof(usb_console_844), &usb_console_844[0]},
    {sizeof(usb_console_845), &usb_console_845[0]},
    {sizeof(usb_console_846), &usb_console_846[0]},
    {sizeof(usb_console_847), &usb_console_847[0]},
    {sizeof(usb_console_848), &usb_console_848[0]},
    {sizeof(usb_console_849), &usb_console_849[0]},
    {sizeof(usb_console_850), &usb_console_850[0]},
    {sizeof(usb_console_851), &usb_console_851[0]},
    {sizeof(usb_console_852), &usb_console_852[0]},
    {sizeof(usb_console_853), &usb_console_853[0]},
    {sizeof(usb_console_854), &usb_console_854[0]},
    {sizeof(usb_console_855), &usb_console_855[0]},
    {sizeof(usb_console_856), &usb_console_856[0]},
    {sizeof(usb_console_857), &usb_console_857[0]},
    {sizeof(usb_console_858), &usb_console_858[0]},
    {sizeof(usb_console_859), &usb_console_859[0]},
    {sizeof(usb_console_860), &usb_console_860[0]},
    {sizeof(usb_console_861), &usb_console_861[0]},
    {sizeof(usb_console_862), &usb_console_862[0]},
    {sizeof(usb_console_863), &usb_console_863[0]},
    {sizeof(usb_console_864), &usb_console_864[0]},
    {sizeof(usb_console_865), &usb_console_865[0]},
    {sizeof(usb_console_866), &usb_console_866[0]},
    {sizeof(usb_console_867), &usb_console_867[0]},
    {sizeof(usb_console_868), &usb_console_868[0]},
    {sizeof(usb_console_869), &usb_console_869[0]},
    {sizeof(usb_console_870), &usb_console_870[0]},
    {sizeof(usb_console_871), &usb_console_871[0]},
    {sizeof(usb_console_872), &usb_console_872[0]},
    {sizeof(usb_console_873), &usb_console_873[0]},
    {sizeof(usb_console_874), &usb_console_874[0]},
    {sizeof(usb_console_875), &usb_console_875[0]},
    {sizeof(usb_console_876), &usb_console_876[0]},
    {sizeof(usb_console_877), &usb_console_877[0]},
    {sizeof(usb_console_878), &usb_console_878[0]},
    {sizeof(usb_console_879), &usb_console_879[0]},
    {sizeof(usb_console_880), &usb_console_880[0]},
    {sizeof(usb_console_881), &usb_console_881[0]},
    {sizeof(usb_console_882), &usb_console_882[0]},
    {sizeof(usb_console_883), &usb_console_883[0]},
    {sizeof(usb_console_884), &usb_console_884[0]},
    {sizeof(usb_console_885), &usb_console_885[0]},
    {sizeof(usb_console_886), &usb_console_886[0]},
    {sizeof(usb_console_887), &usb_console_887[0]},
    {sizeof(usb_console_888), &usb_console_888[0]},
    {sizeof(usb_console_889), &usb_console_889[0]},
    {sizeof(usb_console_890), &usb_console_890[0]},
    {sizeof(usb_console_891), &usb_console_891[0]},
    {sizeof(usb_console_892), &usb_console_892[0]},
    {sizeof(usb_console_893), &usb_console_893[0]},
    {sizeof(usb_console_894), &usb_console_894[0]},
    {sizeof(usb_console_895), &usb_console_895[0]},
    {sizeof(usb_console_896), &usb_console_896[0]},
    {sizeof(usb_console_897), &usb_console_897[0]},
    {sizeof(usb_console_898), &usb_console_898[0]},
    {sizeof(usb_console_899), &usb_console_899[0]},
    {sizeof(usb_console_900), &usb_console_900[0]},
    {sizeof(usb_console_901), &usb_console_901[0]},
    {sizeof(usb_console_902), &usb_console_902[0]},
    {sizeof(usb_console_903), &usb_console_903[0]},
    {sizeof(usb_console_904), &usb_console_904[0]},
    {sizeof(usb_console_905), &usb_console_905[0]},
    {sizeof(usb_console_906), &usb_console_906[0]},
    {sizeof(usb_console_907), &usb_console_907[0]},
    {sizeof(usb_console_908), &usb_console_908[0]},
    {sizeof(usb_console_909), &usb_console_909[0]},
    {sizeof(usb_console_910), &usb_console_910[0]},
    {sizeof(usb_console_911), &usb_console_911[0]},
    {sizeof(usb_console_912), &usb_console_912[0]},
    {sizeof(usb_console_913), &usb_console_913[0]},
    {sizeof(usb_console_914), &usb_console_914[0]},
    {sizeof(usb_console_915), &usb_console_915[0]},
    {sizeof(usb_console_916), &usb_console_916[0]},
    {sizeof(usb_console_917), &usb_console_917[0]},
    {sizeof(usb_console_918), &usb_console_918[0]},
    {sizeof(usb_console_919), &usb_console_919[0]},
    {sizeof(usb_console_920), &usb_console_920[0]},
    {sizeof(usb_console_921), &usb_console_921[0]},
    {sizeof(usb_console_922), &usb_console_922[0]},
    {sizeof(usb_console_923), &usb_console_923[0]},
    {sizeof(usb_console_924), &usb_console_924[0]},
    {sizeof(usb_console_925), &usb_console_925[0]},
    {sizeof(usb_console_926), &usb_console_926[0]},
    {sizeof(usb_console_927), &usb_console_927[0]},
    {sizeof(usb_console_928), &usb_console_928[0]},
    {sizeof(usb_console_929), &usb_console_929[0]},
    {sizeof(usb_console_930), &usb_console_930[0]},
    {sizeof(usb_console_931), &usb_console_931[0]},
    {sizeof(usb_console_932), &usb_console_932[0]},
    {sizeof(usb_console_933), &usb_console_933[0]},
    {sizeof(usb_console_934), &usb_console_934[0]},
    {sizeof(usb_console_935), &usb_console_935[0]},
    {sizeof(usb_console_936), &usb_console_936[0]},
    {sizeof(usb_console_937), &usb_console_937[0]},
    {sizeof(usb_console_938), &usb_console_938[0]},
    {sizeof(usb_console_939), &usb_console_939[0]},
    {sizeof(usb_console_940), &usb_console_940[0]},
    {sizeof(usb_console_941), &usb_console_941[0]},
    {sizeof(usb_console_942), &usb_console_942[0]},
    {sizeof(usb_console_943), &usb_console_943[0]},
    {sizeof(usb_console_944), &usb_console_944[0]},
    {sizeof(usb_console_945), &usb_console_945[0]},
    {sizeof(usb_console_946), &usb_console_946[0]},
    {sizeof(usb_console_947), &usb_console_947[0]},
    {sizeof(usb_console_948), &usb_console_948[0]},
    {sizeof(usb_console_949), &usb_console_949[0]},
    {sizeof(usb_console_950), &usb_console_950[0]},
    {sizeof(usb_console_951), &usb_console_951[0]},
    {sizeof(usb_console_952), &usb_console_952[0]},
    {sizeof(usb_console_953), &usb_console_953[0]},
    {sizeof(usb_console_954), &usb_console_954[0]},
    {sizeof(usb_console_955), &usb_console_955[0]},
    {sizeof(usb_console_956), &usb_console_956[0]},
    {sizeof(usb_console_957), &usb_console_957[0]},
    {sizeof(usb_console_958), &usb_console_958[0]},
    {sizeof(usb_console_959), &usb_console_959[0]},
    {sizeof(usb_console_960), &usb_console_960[0]},
    {sizeof(usb_console_961), &usb_console_961[0]},
    {sizeof(usb_console_962), &usb_console_962[0]},
    {sizeof(usb_console_963), &usb_console_963[0]},
    {sizeof(usb_console_964), &usb_console_964[0]},
    {sizeof(usb_console_965), &usb_console_965[0]},
    {sizeof(usb_console_966), &usb_console_966[0]},
    {sizeof(usb_console_967), &usb_console_967[0]},
    {sizeof(usb_console_968), &usb_console_968[0]},
    {sizeof(usb_console_969), &usb_console_969[0]},
    {sizeof(usb_console_970), &usb_console_970[0]},
    {sizeof(usb_console_971), &usb_console_971[0]},
    {sizeof(usb_console_972), &usb_console_972[0]},
    {sizeof(usb_console_973), &usb_console_973[0]},
    {sizeof(usb_console_974), &usb_console_974[0]},
    {sizeof(usb_console_975), &usb_console_975[0]},
    {sizeof(usb_console_976), &usb_console_976[0]},
    {sizeof(usb_console_977), &usb_console_977[0]},
    {sizeof(usb_console_978), &usb_console_978[0]},
    {sizeof(usb_console_979), &usb_console_979[0]},
    {sizeof(usb_console_980), &usb_console_980[0]},
    {sizeof(usb_console_981), &usb_console_981[0]},
    {sizeof(usb_console_982), &usb_console_982[0]},
    {sizeof(usb_console_983), &usb_console_983[0]},
    {sizeof(usb_console_984), &usb_console_984[0]},
    {sizeof(usb_console_985), &usb_console_985[0]},
    {sizeof(usb_console_986), &usb_console_986[0]},
    {sizeof(usb_console_987), &usb_console_987[0]},
    {sizeof(usb_console_988), &usb_console_988[0]},
    {sizeof(usb_console_989), &usb_console_989[0]},
    {sizeof(usb_console_990), &usb_console_990[0]},
    {sizeof(usb_console_991), &usb_console_991[0]},
    {sizeof(usb_console_992), &usb_console_992[0]},
    {sizeof(usb_console_993), &usb_console_993[0]},
    {sizeof(usb_console_994), &usb_console_994[0]},
    {sizeof(usb_console_995), &usb_console_995[0]},
    {sizeof(usb_console_996), &usb_console_996[0]},
    {sizeof(usb_console_997), &usb_console_997[0]},
    {sizeof(usb_console_998), &usb_console_998[0]},
    {sizeof(usb_console_999), &usb_console_999[0]},
    {sizeof(usb_console_1000), &usb_console_1000[0]},
    {sizeof(usb_console_1001), &usb_console_1001[0]},
    {sizeof(usb_console_1002), &usb_console_1002[0]},
    {sizeof(usb_console_1003), &usb_console_1003[0]},
    {sizeof(usb_console_1004), &usb_console_1004[0]},
    {sizeof(usb_console_1005), &usb_console_1005[0]},
    {sizeof(usb_console_1006), &usb_console_1006[0]},
    {sizeof(usb_console_1007), &usb_console_1007[0]},
    {sizeof(usb_console_1008), &usb_console_1008[0]},
    {sizeof(usb_console_1009), &usb_console_1009[0]},
    {sizeof(usb_console_1010), &usb_console_1010[0]},
    {sizeof(usb_console_1011), &usb_console_1011[0]},
    {sizeof(usb_console_1012), &usb_console_1012[0]},
    {sizeof(usb_console_1013), &usb_console_1013[0]},
    {sizeof(usb_console_1014), &usb_console_1014[0]},
    {sizeof(usb_console_1015), &usb_console_1015[0]},
    {sizeof(usb_console_1016), &usb_console_1016[0]},
    {sizeof(usb_console_1017), &usb_console_1017[0]},
    {sizeof(usb_console_1018), &usb_console_1018[0]},
    {sizeof(usb_console_1019), &usb_console_1019[0]},
    {sizeof(usb_console_1020), &usb_console_1020[0]},
    {sizeof(usb_console_1021), &usb_console_1021[0]},
    {sizeof(usb_console_1022), &usb_console_1022[0]},
    {sizeof(usb_console_1023), &usb_console_1023[0]},
    {sizeof(usb_console_1024), &usb_console_1024[0]},
    {sizeof(usb_console_1025), &usb_console_1025[0]},
    {sizeof(usb_console_1026), &usb_console_1026[0]},
    {sizeof(usb_console_1027), &usb_console_1027[0]},
    {sizeof(usb_console_1028), &usb_console_1028[0]},
    {sizeof(usb_console_1029), &usb_console_1029[0]},
    {sizeof(usb_console_1030), &usb_console_1030[0]},
    {sizeof(usb_console_1031), &usb_console_1031[0]},
    {sizeof(usb_console_1032), &usb_console_1032[0]},
    {sizeof(usb_console_1033), &usb_console_1033[0]},
    {sizeof(usb_console_1034), &usb_console_1034[0]},
    {sizeof(usb_console_1035), &usb_console_1035[0]},
    {sizeof(usb_console_1036), &usb_console_1036[0]},
    {sizeof(usb_console_1037), &usb_console_1037[0]},
    {sizeof(usb_console_1038), &usb_console_1038[0]},
    {sizeof(usb_console_1039), &usb_console_1039[0]},
    {sizeof(usb_console_1040), &usb_console_1040[0]},
    {sizeof(usb_console_1041), &usb_console_1041[0]},
    {sizeof(usb_console_1042), &usb_console_1042[0]},
    {sizeof(usb_console_1043), &usb_console_1043[0]},
    {sizeof(usb_console_1044), &usb_console_1044[0]},
    {sizeof(usb_console_1045), &usb_console_1045[0]},
    {sizeof(usb_console_1046), &usb_console_1046[0]},
    {sizeof(usb_console_1047), &usb_console_1047[0]},
    {sizeof(usb_console_1048), &usb_console_1048[0]},
    {sizeof(usb_console_1049), &usb_console_1049[0]},
    {sizeof(usb_console_1050), &usb_console_1050[0]},
    {sizeof(usb_console_1051), &usb_console_1051[0]},
    {sizeof(usb_console_1052), &usb_console_1052[0]},
    {sizeof(usb_console_1053), &usb_console_1053[0]},
    {sizeof(usb_console_1054), &usb_console_1054[0]},
    {sizeof(usb_console_1055), &usb_console_1055[0]},
    {sizeof(usb_console_1056), &usb_console_1056[0]},
    {sizeof(usb_console_1057), &usb_console_1057[0]},
    {sizeof(usb_console_1058), &usb_console_1058[0]},
    {sizeof(usb_console_1059), &usb_console_1059[0]},
    {sizeof(usb_console_1060), &usb_console_1060[0]},
    {sizeof(usb_console_1061), &usb_console_1061[0]},
    {sizeof(usb_console_1062), &usb_console_1062[0]},
    {sizeof(usb_console_1063), &usb_console_1063[0]},
    {sizeof(usb_console_1064), &usb_console_1064[0]},
    {sizeof(usb_console_1065), &usb_console_1065[0]},
    {sizeof(usb_console_1066), &usb_console_1066[0]},
    {sizeof(usb_console_1067), &usb_console_1067[0]},
    {sizeof(usb_console_1068), &usb_console_1068[0]},
    {sizeof(usb_console_1069), &usb_console_1069[0]},
    {sizeof(usb_console_1070), &usb_console_1070[0]},
    {sizeof(usb_console_1071), &usb_console_1071[0]},
    {sizeof(usb_console_1072), &usb_console_1072[0]},
    {sizeof(usb_console_1073), &usb_console_1073[0]},
    {sizeof(usb_console_1074), &usb_console_1074[0]},
    {sizeof(usb_console_1075), &usb_console_1075[0]},
    {sizeof(usb_console_1076), &usb_console_1076[0]},
    {0, 0},
};

/* End of file */


/*-------------------------------------------------
 * $Log: platform_usb_fw.h,v $
 * Revision 1.2  2021/06/02 08:22:36  iachang
 * CSCvo59196-33 : Merge Fugazi from ASR1K-main-branch to ISR main trunk
 *
 * Revision 1.1.8.2  2020/08/26 02:37:52  iachang
 * Merge Fugazi code into main trunk
 *
 * Revision 1.1.6.3  2020/07/29 08:57:35  iachang
 * Code clean up.
 *
 * Revision 1.1.6.2  2019/03/14 03:48:29  letsai
 * Initial check in.
 *
 *
 *
 *
 * $Endlog$
 */

